id,iri,term,synonyms,facet,level,parent_id,definition,definition_source,pathway_stage,climate_scope,adaptation_tag,adaptation_condition,mitigation_tag,is_hazard,provenance,status,version
CDI_10,https://mlolita26.github.io/cgiar-climate-taxonomy/terms/CDI_10,Climate,,Climate driver,1,,"Average weather, or more rigorously, the statistical description in terms of the mean and variability of relevant quantities over a period of time ranging from months to thousands or millions of years.",IPCC AR6 WGI Annex VII Glossary: Climate,Rationale,Adaptation,Adaptation-specific,Intrinsic,n/a,FALSE,Restructure (v5),current,5.0.0-draft
CRK_167,https://mlolita26.github.io/cgiar-climate-taxonomy/terms/CRK_167,Climate impact,,Climate risk,1,,"Consequence of realised climate-related risks on natural and human systems, referring to effects on lives, livelihoods, health and well-being, ecosystems and species, economic, social and cultural assets, services and infrastructure; impacts may be adverse or beneficial.",IPCC AR6 WGII Glossary: Impacts,Rationale,Adaptation,Adaptation-specific,Intrinsic,n/a,TRUE,Restructure (v5),current,5.0.0-draft
CRK_01,https://mlolita26.github.io/cgiar-climate-taxonomy/terms/CRK_01,Climate risk,hazard exposure; climate-related risk,Climate risk,1,,"Potential for adverse consequences for human or ecological systems, arising from the dynamic interaction between climate-related hazards and the exposure and vulnerability of the affected systems.",IPCC AR6 WGII Glossary: Risk,Rationale,Adaptation,Adaptation-specific,Intrinsic,n/a,TRUE,Domain expert,current,5.0.0-draft
CRK_06,https://mlolita26.github.io/cgiar-climate-taxonomy/terms/CRK_06,Compound climate risk,compound risk; multi-hazard risk,Climate risk,2,CRK_01,"Climate risk that results from the combination of multiple climate hazards, drivers, or their interactions, whose joint occurrence produces consequences greater than those of the individual hazards alone.",IPCC AR6 WGI Ch.11: Compound events,Cross-cutting,Adaptation,Adaptation-specific,Intrinsic,n/a,TRUE,Domain expert,current,5.0.0-draft
CRK_168,https://mlolita26.github.io/cgiar-climate-taxonomy/terms/CRK_168,Health risk,,Climate risk,1,,"Potential for adverse health consequences - disease, injury, malnutrition or death - in human populations, treated as climate-related when attributable to climate hazards or climate-sensitive transmission pathways.",WHO (environmental health risks); IPCC AR6 WGII Ch.7,Rationale,Adaptation,Adaptation-conditional,"Climate risk counts as adaptation when the text attributes it to climate change, climate variability, or a named climate hazard (for example climate-induced, climate-driven, exacerbated by warming, or due to changing rainfall), OR when it is the stated target of an adaptation-specific intervention, climate service, or early-warning action; NOT adaptation when it is described as a routine pest, sanitary, food-safety, land-management, or general social or economic problem with no climate framing.",n/a,TRUE,Restructure (v5),current,5.0.0-draft
CRK_100,https://mlolita26.github.io/cgiar-climate-taxonomy/terms/CRK_100,Climate hazard,climate-related hazard; climatic hazard,Climate risk,1,,"Potential occurrence of a climate-related physical event or trend that may cause loss of life, injury, or other health impacts, as well as damage and loss to property, infrastructure, livelihoods, service provision, ecosystems, and environmental resources.",IPCC AR6 WGII Glossary: Hazard,Cross-cutting,Adaptation,Adaptation-specific,Intrinsic,n/a,TRUE,Restructure (v5),current,5.0.0-draft
CRK_136,https://mlolita26.github.io/cgiar-climate-taxonomy/terms/CRK_136,Biological hazard,biotic hazard,Climate risk,2,CRK_100,"Climate hazard arising from living organisms whose distribution, abundance, or activity is influenced by climate variability or change, including pests, pathogens, and invasive species that harm agricultural and ecological systems.",IPCC AR6 WGII Ch.2,Rationale,Adaptation,Adaptation-conditional,"Climate risk counts as adaptation when the text attributes it to climate change, climate variability, or a named climate hazard (for example climate-induced, climate-driven, exacerbated by warming, or due to changing rainfall), OR when it is the stated target of an adaptation-specific intervention, climate service, or early-warning action; NOT adaptation when it is described as a routine pest, sanitary, food-safety, land-management, or general social or economic problem with no climate framing.",n/a,TRUE,Domain expert,current,5.0.0-draft
CRK_137,https://mlolita26.github.io/cgiar-climate-taxonomy/terms/CRK_137,Pest pressure,,Climate risk,3,CRK_136,"Biological hazard characterised by shifts in the distribution, abundance, or timing of pest or vector populations caused by climate variability or change, affecting crop, livestock, fishery, and livelihood systems.",IPCC AR6 WGII Ch.2,Rationale,Adaptation,Adaptation-conditional,"Climate risk counts as adaptation when the text attributes it to climate change, climate variability, or a named climate hazard (for example climate-induced, climate-driven, exacerbated by warming, or due to changing rainfall), OR when it is the stated target of an adaptation-specific intervention, climate service, or early-warning action; NOT adaptation when it is described as a routine pest, sanitary, food-safety, land-management, or general social or economic problem with no climate framing.",n/a,TRUE,Domain expert,current,5.0.0-draft
CRK_138,https://mlolita26.github.io/cgiar-climate-taxonomy/terms/CRK_138,Pest range expansion,pest range shift; vector expansion,Climate risk,4,CRK_137,"Form of pest pressure characterised by the geographic spread of pests or vectors into areas that climate change has rendered newly suitable, exposing previously unaffected crops, livestock, and ecosystems.",IPCC AR6 WGII Ch.2: Species range shifts,Rationale,Adaptation,Adaptation-specific,Intrinsic,n/a,TRUE,Domain expert,current,5.0.0-draft
CRK_139,https://mlolita26.github.io/cgiar-climate-taxonomy/terms/CRK_139,Pest phenology disruption,pest phenology shift,Climate risk,4,CRK_137,"Form of pest pressure characterised by climate-driven changes in the timing of pest or vector life-cycle events, such as emergence and reproduction, that alter their synchrony with hosts and crop calendars.",IPCC AR6 WGII Ch.2: Phenology shifts; AGROVOC: phenology,Rationale,Adaptation,Adaptation-specific,Intrinsic,n/a,TRUE,Domain expert,current,5.0.0-draft
CRK_140,https://mlolita26.github.io/cgiar-climate-taxonomy/terms/CRK_140,Disease pressure,disease range shift; pathogen pressure,Climate risk,3,CRK_136,"Biological hazard characterised by shifts in the distribution, abundance, or timing of pathogen populations caused by climate variability or change, affecting crop, livestock, fishery, and livelihood systems.",IPCC AR6 WGII Ch.2,Rationale,Adaptation,Adaptation-conditional,"Climate risk counts as adaptation when the text attributes it to climate change, climate variability, or a named climate hazard (for example climate-induced, climate-driven, exacerbated by warming, or due to changing rainfall), OR when it is the stated target of an adaptation-specific intervention, climate service, or early-warning action; NOT adaptation when it is described as a routine pest, sanitary, food-safety, land-management, or general social or economic problem with no climate framing.",n/a,TRUE,Domain expert,current,5.0.0-draft
CRK_141,https://mlolita26.github.io/cgiar-climate-taxonomy/terms/CRK_141,Invasive species,invasive alien species,Climate risk,3,CRK_136,"Biological hazard characterised by the introduction and establishment of non-native species whose spread, facilitated by climate change, threatens crops, livestock, biodiversity, and ecosystem function.",AGROVOC: invasive species; IUCN,Rationale,Adaptation,Adaptation-conditional,"Climate risk counts as adaptation when the text attributes it to climate change, climate variability, or a named climate hazard (for example climate-induced, climate-driven, exacerbated by warming, or due to changing rainfall), OR when it is the stated target of an adaptation-specific intervention, climate service, or early-warning action; NOT adaptation when it is described as a routine pest, sanitary, food-safety, land-management, or general social or economic problem with no climate framing.",n/a,TRUE,Domain expert,current,5.0.0-draft
CRK_142,https://mlolita26.github.io/cgiar-climate-taxonomy/terms/CRK_142,Mycotoxin contamination,aflatoxin contamination,Climate risk,3,CRK_136,"Biological hazard characterised by the accumulation of toxic secondary metabolites produced by fungi on crops, the incidence of which is influenced by climate-driven temperature and moisture conditions, threatening food and feed safety.",AGROVOC: mycotoxins; FAO,Rationale,Adaptation,Adaptation-conditional,"Climate risk counts as adaptation when the text attributes it to climate change, climate variability, or a named climate hazard (for example climate-induced, climate-driven, exacerbated by warming, or due to changing rainfall), OR when it is the stated target of an adaptation-specific intervention, climate service, or early-warning action; NOT adaptation when it is described as a routine pest, sanitary, food-safety, land-management, or general social or economic problem with no climate framing.",n/a,TRUE,Domain expert,current,5.0.0-draft
CRK_143,https://mlolita26.github.io/cgiar-climate-taxonomy/terms/CRK_143,Zoonotic disease emergence,zoonotic spillover,Climate risk,3,CRK_136,"Biological hazard characterised by the emergence or spread of diseases transmissible between animals and humans, the dynamics of which are influenced by climate-driven changes in host, vector, and pathogen distributions.",IPCC AR6 WGII Ch.7; WHO/FAO/WOAH One Health,Rationale,Adaptation,Adaptation-conditional,"Climate risk counts as adaptation when the text attributes it to climate change, climate variability, or a named climate hazard (for example climate-induced, climate-driven, exacerbated by warming, or due to changing rainfall), OR when it is the stated target of an adaptation-specific intervention, climate service, or early-warning action; NOT adaptation when it is described as a routine pest, sanitary, food-safety, land-management, or general social or economic problem with no climate framing.",n/a,TRUE,Domain expert,current,5.0.0-draft
CRK_161,https://mlolita26.github.io/cgiar-climate-taxonomy/terms/CRK_161,Abiotic hazard,abiotic stress; abiotic stressor; abiotic constraint,Climate risk,2,CRK_100,"Climate hazard arising from non-living physical and chemical conditions of the atmosphere, water, land, and ocean, including temperature extremes, drought, flooding, storms, and soil degradation processes that harm agricultural and ecological systems.",IPCC AR6 WGII Ch.2,Rationale,Adaptation,Adaptation-specific,Intrinsic,n/a,TRUE,PRMS pilot,current,5.0.0-draft
CRK_101,https://mlolita26.github.io/cgiar-climate-taxonomy/terms/CRK_101,Atmospheric hazard,weather-related hazard,Climate risk,3,CRK_161,"Abiotic hazard originating in the atmosphere, comprising events and trends in temperature, precipitation, wind, and related weather phenomena that can harm agricultural and ecological systems.",IPCC AR6 WGII Ch.4,Rationale,Adaptation,Adaptation-specific,Intrinsic,n/a,TRUE,Domain expert,current,5.0.0-draft
CRK_102,https://mlolita26.github.io/cgiar-climate-taxonomy/terms/CRK_102,Drought,dry spell; water deficit; aridity; water stress,Climate risk,4,CRK_101,"Atmospheric hazard characterised by an exceptional period of water shortage for existing ecosystems and the human population, due to low precipitation, high temperature, and/or wind. Sub-types include meteorological, agricultural and ecological, and hydrological drought.",IPCC AR6 WGII Glossary: Drought,Rationale,Adaptation,Adaptation-specific,Intrinsic,n/a,TRUE,Domain expert; Lexicon consensus,current,5.0.0-draft
CRK_103,https://mlolita26.github.io/cgiar-climate-taxonomy/terms/CRK_103,Meteorological drought,rainfall drought,Climate risk,5,CRK_102,Drought defined by a period with an abnormal precipitation deficit relative to the long-term average for a region.,IPCC AR6 WGII Glossary: Drought (meteorological drought),Rationale,Adaptation,Adaptation-specific,Intrinsic,n/a,TRUE,Domain expert,current,5.0.0-draft
CRK_104,https://mlolita26.github.io/cgiar-climate-taxonomy/terms/CRK_104,Agricultural drought,soil-moisture drought,Climate risk,5,CRK_102,"Drought defined by an abnormal soil-moisture deficit, resulting from combined shortage of precipitation and excess evapotranspiration, that during the growing season impinges on crop production or ecosystem function.",IPCC AR6 WGII Glossary: Drought (agricultural and ecological drought),Rationale,Adaptation,Adaptation-specific,Intrinsic,n/a,TRUE,Domain expert,current,5.0.0-draft
CRK_105,https://mlolita26.github.io/cgiar-climate-taxonomy/terms/CRK_105,Hydrological drought,streamflow drought,Climate risk,5,CRK_102,"Drought characterised by large runoff and water deficits in rivers, lakes and reservoirs.",IPCC AR6 WGII Glossary: Drought (hydrological drought),Rationale,Adaptation,Adaptation-specific,Intrinsic,n/a,TRUE,Domain expert,current,5.0.0-draft
CRK_162,https://mlolita26.github.io/cgiar-climate-taxonomy/terms/CRK_162,Temperature extreme,extreme temperature; extreme temperature event,Climate risk,4,CRK_101,"Atmospheric hazard comprising air temperatures in the warm or cold tail of the local distribution, spanning both heat and cold extremes that exceed the tolerance thresholds of crops, livestock, people, and ecosystems.",IPCC AR6 WGI Ch.11,Rationale,Adaptation,Adaptation-specific,Intrinsic,n/a,TRUE,PRMS pilot,current,5.0.0-draft
CRK_106,https://mlolita26.github.io/cgiar-climate-taxonomy/terms/CRK_106,Heat stress,high-temperature stress; thermal stress; elevated water temperature; rising water temperature; water temperature stress,Climate risk,5,CRK_162,"Temperature extreme characterised by ambient thermal conditions, in particular elevated temperature and humidity, that exceed the tolerance thresholds of crops, livestock, or people and impair their performance, health, or survival.",IPCC AR6 WGII Ch.4,Rationale,Adaptation,Adaptation-specific,Intrinsic,n/a,TRUE,Domain expert,current,5.0.0-draft
CRK_107,https://mlolita26.github.io/cgiar-climate-taxonomy/terms/CRK_107,Heatwave,Extreme heat,Climate risk,5,CRK_162,"Temperature extreme characterised by a period of abnormally hot weather, often defined relative to a temperature threshold, lasting from two days to months, with the potential to harm people, crops, livestock, and ecosystems.",IPCC AR6 WGII Glossary: Heatwave,Rationale,Adaptation,Adaptation-specific,Intrinsic,n/a,TRUE,Domain expert,current,5.0.0-draft
CRK_108,https://mlolita26.github.io/cgiar-climate-taxonomy/terms/CRK_108,Cold stress,low-temperature stress,Climate risk,5,CRK_162,"Temperature extreme characterised by ambient temperatures low enough to impair the growth, development, health, or survival of crops, livestock, or people.",IPCC AR6 WGII Ch.4,Rationale,Adaptation,Adaptation-specific,Intrinsic,n/a,TRUE,Domain expert,current,5.0.0-draft
CRK_109,https://mlolita26.github.io/cgiar-climate-taxonomy/terms/CRK_109,Frost,freeze; freezing injury,Climate risk,6,CRK_108,"Cold stress characterised by the occurrence of air or surface temperatures at or below the freezing point of water, capable of damaging plant tissues and reducing crop yields.",AGROVOC: frost (WMO definition),Rationale,Adaptation,Adaptation-specific,Intrinsic,n/a,TRUE,Domain expert,current,5.0.0-draft
CRK_110,https://mlolita26.github.io/cgiar-climate-taxonomy/terms/CRK_110,Chilling stress,cold injury; chilling injury,Climate risk,6,CRK_108,"Cold stress characterised by low but non-freezing temperatures that impair the growth, development or yield of chilling-sensitive crops.",IPCC AR6 WGII Ch.4,Rationale,Adaptation,Adaptation-specific,Intrinsic,n/a,TRUE,Domain expert,current,5.0.0-draft
CRK_111,https://mlolita26.github.io/cgiar-climate-taxonomy/terms/CRK_111,Wildfire,bushfire; forest fire,Climate risk,4,CRK_101,"Atmospheric hazard characterised by an unplanned, uncontrolled fire burning in vegetation, the occurrence and severity of which are influenced by climate and weather, with the potential to destroy crops, forests, livestock, and infrastructure.",IPCC AR6 WGI Ch.12; FAO,Rationale,Adaptation,Adaptation-specific,Intrinsic,n/a,TRUE,Domain expert,current,5.0.0-draft
CRK_158,https://mlolita26.github.io/cgiar-climate-taxonomy/terms/CRK_158,Fire-weather,fire danger,Climate risk,4,CRK_101,"Atmospheric hazard characterised by the meteorological conditions, including high temperature, low humidity, strong wind, and low precipitation, that promote the ignition and rapid spread of wildfire.",IPCC AR6 WGI Ch.12: Fire weather,Rationale,Adaptation,Adaptation-specific,Intrinsic,n/a,TRUE,Domain expert,current,5.0.0-draft
CRK_112,https://mlolita26.github.io/cgiar-climate-taxonomy/terms/CRK_112,Atmospheric chemistry change,atmospheric composition change,Climate risk,4,CRK_101,"Atmospheric hazard characterised by changes in the chemical composition of the atmosphere, such as elevated carbon dioxide concentration or surface ozone, that alter plant growth, productivity, and ecosystem function.",IPCC AR6 WGI Ch.6; WGII Ch.5,Rationale,Adaptation,Adaptation-specific,Intrinsic,n/a,TRUE,Domain expert,current,5.0.0-draft
CRK_113,https://mlolita26.github.io/cgiar-climate-taxonomy/terms/CRK_113,Storm,windstorm,Climate risk,4,CRK_101,"Atmospheric hazard characterised by a disturbance of the atmosphere marked by strong winds and often precipitation, thunder, or lightning, with the potential to damage crops, infrastructure, and livelihoods.",AGROVOC: storms (WMO),Rationale,Adaptation,Adaptation-specific,Intrinsic,n/a,TRUE,Domain expert,current,5.0.0-draft
CRK_114,https://mlolita26.github.io/cgiar-climate-taxonomy/terms/CRK_114,Tropical cyclone,cyclone; hurricane; typhoon,Climate risk,5,CRK_113,"Storm characterised by a strong, cyclonic-scale disturbance originating over tropical oceans; classed as a tropical storm at one-minute mean surface winds of 18 to 32 m/s, and as a hurricane, typhoon, or cyclone above 32 m/s depending on geographic location.",IPCC AR6 WGI Annex VII Glossary: Tropical cyclone,Rationale,Adaptation,Adaptation-specific,Intrinsic,n/a,TRUE,Domain expert,current,5.0.0-draft
CRK_115,https://mlolita26.github.io/cgiar-climate-taxonomy/terms/CRK_115,Hailstorm,hail,Climate risk,5,CRK_113,"Storm characterised by precipitation in the form of hail, in which balls or irregular lumps of ice fall from the atmosphere with sufficient force to damage crops, structures, and livestock.",AGROVOC: hail,Rationale,Adaptation,Adaptation-specific,Intrinsic,n/a,TRUE,Domain expert,current,5.0.0-draft
CRK_116,https://mlolita26.github.io/cgiar-climate-taxonomy/terms/CRK_116,Rainfall variability,precipitation variability,Climate risk,4,CRK_101,"Atmospheric hazard characterised by deviations in the timing, frequency, intensity, or spatial distribution of precipitation from expected long-term patterns, disrupting crop calendars and water availability.",IPCC AR6 WGI Ch.8: Precipitation variability,Rationale,Adaptation,Adaptation-specific,Intrinsic,n/a,TRUE,Domain expert,current,5.0.0-draft
CRK_117,https://mlolita26.github.io/cgiar-climate-taxonomy/terms/CRK_117,Erratic within-season rainfall,Erratic rainfall; intra-seasonal variability; rainfall uncertainty; irregular precipitation,Climate risk,5,CRK_116,"Form of rainfall variability characterised by unpredictable within-season timing, frequency, intensity, or spatial distribution of precipitation, which disrupts crop calendars and farm decisions; distinct from a lasting change in season timing and from sustained shortage or excess.",IPCC AR6 WGI Ch.8: Precipitation variability,Rationale,Adaptation,Adaptation-specific,Intrinsic,n/a,TRUE,Domain expert,current,5.0.0-draft
CRK_118,https://mlolita26.github.io/cgiar-climate-taxonomy/terms/CRK_118,Shifted rainfall seasonality,delayed onset; shortened season; phenological shift,Climate risk,5,CRK_116,"Form of rainfall variability characterised by a lasting change in the onset, cessation, or duration of rainy seasons across years, making established crop calendars and livelihood practices less reliable; typically a slow-onset, climate-change-driven stressor distinct from within-season unpredictability.",IPCC AR6 WGI Ch.8: Changes in monsoon and rainy-season timing,Rationale,Adaptation,Adaptation-specific,Intrinsic,n/a,TRUE,Domain expert,current,5.0.0-draft
CRK_119,https://mlolita26.github.io/cgiar-climate-taxonomy/terms/CRK_119,Rainfall intensity change,extreme precipitation,Climate risk,5,CRK_116,"Form of rainfall variability characterised by a change in the amount of precipitation falling per unit time, including increases in heavy and extreme precipitation that raise the risk of erosion, runoff, and flooding.",IPCC AR6 WGI Ch.11: Extreme precipitation,Rationale,Adaptation,Adaptation-specific,Intrinsic,n/a,TRUE,Domain expert,current,5.0.0-draft
CRK_120,https://mlolita26.github.io/cgiar-climate-taxonomy/terms/CRK_120,Dust storm,sandstorm; aeolian dust event,Climate risk,5,CRK_113,"Storm characterised by strong winds lifting and transporting large quantities of dust or sand, which can damage crops, bury fields, reduce visibility, and degrade air quality and soils.",IPCC AR6 WGI Ch.6: Dust,Rationale,Adaptation,Adaptation-specific,Intrinsic,n/a,TRUE,Domain expert,current,5.0.0-draft
CRK_121,https://mlolita26.github.io/cgiar-climate-taxonomy/terms/CRK_121,Hydrological hazard,water-related hazard,Climate risk,3,CRK_161,"Abiotic hazard relating to the occurrence, movement, and distribution of water at and below the land surface, comprising events such as floods and changes in water bodies that can harm agricultural and ecological systems.",IPCC AR6 WGII Ch.3; IPCC SROCC,Rationale,Adaptation,Adaptation-specific,Intrinsic,n/a,TRUE,Domain expert,current,5.0.0-draft
CRK_122,https://mlolita26.github.io/cgiar-climate-taxonomy/terms/CRK_122,Flood,inundation; submergence; flooding; Stagnant flooding,Climate risk,4,CRK_121,"Hydrological hazard characterised by the overflowing of the normal confines of a stream or other water body, or the accumulation of water over areas not normally submerged. Sub-types include fluvial, pluvial, flash, coastal, and glacial lake outburst floods.",IPCC AR6 WGII Glossary: Flood,Rationale,Adaptation,Adaptation-specific,Intrinsic,n/a,TRUE,Domain expert,current,5.0.0-draft
CRK_123,https://mlolita26.github.io/cgiar-climate-taxonomy/terms/CRK_123,Fluvial flood,river flood; riverine flood,Climate risk,5,CRK_122,"Flood, also termed a river flood, characterised by the overflow of a watercourse onto adjacent floodplains when river discharge exceeds channel capacity.",IPCC AR6 WGII Ch.4; AGROVOC: flooding (c_2980),Rationale,Adaptation,Adaptation-specific,Intrinsic,n/a,TRUE,Domain expert,current,5.0.0-draft
CRK_124,https://mlolita26.github.io/cgiar-climate-taxonomy/terms/CRK_124,Pluvial flood,surface-water flood; waterlogging,Climate risk,5,CRK_122,"Flood characterised by surface-water accumulation and waterlogging caused by rainfall exceeding the infiltration and drainage capacity of the land, independent of overflow from a watercourse.",IPCC AR6 WGI Ch.11 (pluvial flooding); AGROVOC: waterlogging (c_8333),Rationale,Adaptation,Adaptation-specific,Intrinsic,n/a,TRUE,Domain expert,current,5.0.0-draft
CRK_125,https://mlolita26.github.io/cgiar-climate-taxonomy/terms/CRK_125,Coastal flood,coastal inundation,Climate risk,5,CRK_122,"Flood characterised by the inundation of low-lying coastal land by seawater, driven by storm surge, high tides, waves, or sea-level rise.",IPCC AR6 WGII Ch.3; IPCC SROCC Ch.4,Rationale,Adaptation,Adaptation-specific,Intrinsic,n/a,TRUE,Domain expert,current,5.0.0-draft
CRK_126,https://mlolita26.github.io/cgiar-climate-taxonomy/terms/CRK_126,Flash flood,flash flooding,Climate risk,5,CRK_122,"Flood characterised by a rapid onset and short duration, generated by intense rainfall over a small or steep catchment, leaving little warning time and causing sudden, destructive inundation.",AGROVOC: flash floods; IPCC AR6 WGI Ch.11,Rationale,Adaptation,Adaptation-specific,Intrinsic,n/a,TRUE,Domain expert,current,5.0.0-draft
CRK_129,https://mlolita26.github.io/cgiar-climate-taxonomy/terms/CRK_129,Salinity intrusion,Saltwater intrusion; saline intrusion; seawater intrusion,Climate risk,4,CRK_121,"Hydrological hazard characterised by the inland or upward movement of saline water into freshwater aquifers, soils, or surface water, driven by sea-level rise, storm surge, or reduced freshwater flow, degrading water and soils for agriculture.",IPCC SROCC Ch.4: Saltwater intrusion,Rationale,Adaptation,Adaptation-specific,Intrinsic,n/a,TRUE,Domain expert,current,5.0.0-draft
CRK_130_1,https://mlolita26.github.io/cgiar-climate-taxonomy/terms/CRK_130_1,Glacier change,glacier retreat; glacier loss,Climate risk,4,CRK_121,"Hydrological hazard characterised by changes in the mass, extent, and behaviour of glaciers, including retreat and loss of ice, that alter the timing and volume of meltwater supply to downstream water resources.",IPCC SROCC Ch.2: Glaciers,Rationale,Adaptation,Adaptation-specific,Intrinsic,n/a,TRUE,Domain expert,current,5.0.0-draft
CRK_130_2,https://mlolita26.github.io/cgiar-climate-taxonomy/terms/CRK_130_2,Snowpack change,snow cover change; snowmelt change,Climate risk,4,CRK_121,"Hydrological hazard characterised by changes in the accumulation, extent, and melt timing of seasonal snow, altering the volume and seasonality of water supply from snowmelt to downstream systems.",IPCC SROCC Ch.2: Snow cover,Rationale,Adaptation,Adaptation-specific,Intrinsic,n/a,TRUE,Domain expert,current,5.0.0-draft
CRK_131,https://mlolita26.github.io/cgiar-climate-taxonomy/terms/CRK_131,Glacial lake outburst flood,GLOF,Climate risk,5,CRK_122,"Flood characterised by the sudden release of water impounded by a glacial lake, often following dam failure of moraine or ice, producing a destructive downstream flood.",IPCC SROCC Ch.2: Glacial lake outburst flood,Rationale,Adaptation,Adaptation-specific,Intrinsic,n/a,TRUE,Domain expert,current,5.0.0-draft
CRK_169,https://mlolita26.github.io/cgiar-climate-taxonomy/terms/CRK_169,Water scarcity,water-scarce; water shortage,Climate risk,4,CRK_121,"Hydrological hazard in which the demand for freshwater exceeds the available supply within a given geographic area and time period, intensifying as demand grows or as the quantity or quality of water resources declines.",FAO / UN-Water (water scarcity); IPCC AR6 WGII Ch.4,Rationale,Adaptation,Adaptation-specific,Intrinsic,n/a,TRUE,Restructure (v5),current,5.0.0-draft
CRK_144,https://mlolita26.github.io/cgiar-climate-taxonomy/terms/CRK_144,Soil hazard,edaphic hazard,Climate risk,3,CRK_161,"Abiotic hazard relating to the soil and land system, comprising processes such as erosion, salinization, and degradation that are driven or accelerated by climate and that diminish the productive capacity of land.",IPCC SRCCL,Rationale,Adaptation,Adaptation-conditional,"Climate risk counts as adaptation when the text attributes it to climate change, climate variability, or a named climate hazard (for example climate-induced, climate-driven, exacerbated by warming, or due to changing rainfall), OR when it is the stated target of an adaptation-specific intervention, climate service, or early-warning action; NOT adaptation when it is described as a routine pest, sanitary, food-safety, land-management, or general social or economic problem with no climate framing.",n/a,TRUE,Domain expert,current,5.0.0-draft
CRK_145,https://mlolita26.github.io/cgiar-climate-taxonomy/terms/CRK_145,Soil erosion,soil loss,Climate risk,4,CRK_144,"Soil hazard characterised by the detachment and removal of soil particles by water or wind, accelerated by extreme rainfall, runoff, and loss of vegetation cover, reducing soil depth and fertility.",AGROVOC: soil erosion; IPCC SRCCL,Rationale,Adaptation,Adaptation-conditional,"Climate risk counts as adaptation when the text attributes it to climate change, climate variability, or a named climate hazard (for example climate-induced, climate-driven, exacerbated by warming, or due to changing rainfall), OR when it is the stated target of an adaptation-specific intervention, climate service, or early-warning action; NOT adaptation when it is described as a routine pest, sanitary, food-safety, land-management, or general social or economic problem with no climate framing.",n/a,TRUE,Domain expert; Lexicon consensus,current,5.0.0-draft
CRK_146,https://mlolita26.github.io/cgiar-climate-taxonomy/terms/CRK_146,Soil salinization,soil salinity; salinisation; salinity,Climate risk,4,CRK_144,"Soil hazard characterised by the accumulation of soluble salts in the soil profile, driven by factors such as evaporation, poor irrigation, and saline-water intrusion, which impairs plant growth and soil productivity.",AGROVOC: soil salinization (c_35321); IPCC SRCCL,Rationale,Adaptation,Adaptation-conditional,"Climate risk counts as adaptation when the text attributes it to climate change, climate variability, or a named climate hazard (for example climate-induced, climate-driven, exacerbated by warming, or due to changing rainfall), OR when it is the stated target of an adaptation-specific intervention, climate service, or early-warning action; NOT adaptation when it is described as a routine pest, sanitary, food-safety, land-management, or general social or economic problem with no climate framing.",n/a,TRUE,Domain expert; Lexicon consensus,current,5.0.0-draft
CRK_147,https://mlolita26.github.io/cgiar-climate-taxonomy/terms/CRK_147,Soil carbon loss,soil organic carbon loss; soil carbon depletion,Climate risk,4,CRK_144,"Soil hazard characterised by the depletion of soil organic carbon stocks through processes such as erosion, mineralization, and land-use change, reducing soil fertility, structure, and resilience to climate stress.",IPCC SRCCL Ch.4,Rationale,Adaptation,Adaptation-conditional,"Climate risk counts as adaptation when the text attributes it to climate change, climate variability, or a named climate hazard (for example climate-induced, climate-driven, exacerbated by warming, or due to changing rainfall), OR when it is the stated target of an adaptation-specific intervention, climate service, or early-warning action; NOT adaptation when it is described as a routine pest, sanitary, food-safety, land-management, or general social or economic problem with no climate framing.",n/a,TRUE,Domain expert,current,5.0.0-draft
CRK_148,https://mlolita26.github.io/cgiar-climate-taxonomy/terms/CRK_148,Soil acidification,soil pH decline,Climate risk,4,CRK_144,"Soil hazard characterised by a decline in soil pH, which mobilises toxic elements and reduces nutrient availability, impairing crop growth and soil health.",AGROVOC: soil acidification,Rationale,Adaptation,Adaptation-conditional,"Climate risk counts as adaptation when the text attributes it to climate change, climate variability, or a named climate hazard (for example climate-induced, climate-driven, exacerbated by warming, or due to changing rainfall), OR when it is the stated target of an adaptation-specific intervention, climate service, or early-warning action; NOT adaptation when it is described as a routine pest, sanitary, food-safety, land-management, or general social or economic problem with no climate framing.",n/a,TRUE,Domain expert,current,5.0.0-draft
CRK_149,https://mlolita26.github.io/cgiar-climate-taxonomy/terms/CRK_149,Desertification,desertisation,Climate risk,4,CRK_144,"Soil hazard characterised by land degradation in arid, semi-arid, and dry sub-humid areas resulting from climatic variations and human activities, reducing the biological and economic productivity of drylands.",UNCCD: Desertification; IPCC SRCCL,Rationale,Adaptation,Adaptation-specific,Intrinsic,n/a,TRUE,Domain expert,current,5.0.0-draft
CRK_150,https://mlolita26.github.io/cgiar-climate-taxonomy/terms/CRK_150,Land degradation,soil function loss,Climate risk,4,CRK_144,"Soil hazard characterised by a negative trend in land condition, caused by direct or indirect human-induced processes including anthropogenic climate change, expressed as a long-term reduction or loss of biological productivity, ecological integrity, or value to humans.",IPCC SRCCL Glossary: Land degradation,Rationale,Adaptation,Adaptation-conditional,"Climate risk counts as adaptation when the text attributes it to climate change, climate variability, or a named climate hazard (for example climate-induced, climate-driven, exacerbated by warming, or due to changing rainfall), OR when it is the stated target of an adaptation-specific intervention, climate service, or early-warning action; NOT adaptation when it is described as a routine pest, sanitary, food-safety, land-management, or general social or economic problem with no climate framing.",n/a,TRUE,Domain expert; Lexicon consensus,current,5.0.0-draft
CRK_159,https://mlolita26.github.io/cgiar-climate-taxonomy/terms/CRK_159,Marine hazard,ocean hazard; oceanic hazard,Climate risk,3,CRK_161,"Abiotic hazard originating in the ocean, comprising changes and events in sea level, temperature, chemistry, and circulation that can harm coastal, marine, and dependent agricultural and ecological systems.",IPCC SROCC,Rationale,Adaptation,Adaptation-specific,Intrinsic,n/a,TRUE,Domain expert; Restructure (v5),current,5.0.0-draft
CRK_127,https://mlolita26.github.io/cgiar-climate-taxonomy/terms/CRK_127,Sea-level rise,SLR,Climate risk,4,CRK_159,"Marine hazard characterised by the rise in the mean level of the ocean, driven by thermal expansion of seawater and loss of land ice, which exacerbates coastal flooding, erosion, and saltwater intrusion.",IPCC SROCC Ch.4: Sea level rise,Rationale,Adaptation,Adaptation-specific,Intrinsic,n/a,TRUE,Domain expert,current,5.0.0-draft
CRK_128,https://mlolita26.github.io/cgiar-climate-taxonomy/terms/CRK_128,Storm surge,coastal surge,Climate risk,4,CRK_159,"Marine hazard characterised by the temporary rise in coastal water level above the predicted tide, driven by the winds and low atmospheric pressure of a storm, causing coastal flooding and damage.",IPCC SROCC Ch.4; IPCC AR6 WGI Annex VII: Storm surge,Rationale,Adaptation,Adaptation-specific,Intrinsic,n/a,TRUE,Domain expert,current,5.0.0-draft
CRK_132,https://mlolita26.github.io/cgiar-climate-taxonomy/terms/CRK_132,Marine heatwave,MHW,Climate risk,4,CRK_159,"Marine hazard characterised by a period of abnormally high ocean temperature at a given location and time of year, lasting from days to months, with the potential to harm fisheries, aquaculture, and marine ecosystems.",IPCC SROCC Ch.5.2.1: Marine heatwave,Rationale,Adaptation,Adaptation-specific,Intrinsic,n/a,TRUE,Domain expert,current,5.0.0-draft
CRK_133,https://mlolita26.github.io/cgiar-climate-taxonomy/terms/CRK_133,Ocean warming,sea temperature rise; ocean heating,Climate risk,4,CRK_159,"Marine hazard characterised by a gradual, sustained increase in ocean heat content and sea-surface temperature, altering marine productivity, species distributions, and fishery yields.",IPCC SROCC Ch.5: Ocean warming,Rationale,Adaptation,Adaptation-specific,Intrinsic,n/a,TRUE,Domain expert,current,5.0.0-draft
CRK_134,https://mlolita26.github.io/cgiar-climate-taxonomy/terms/CRK_134,Ocean acidification,OA,Climate risk,4,CRK_159,"Marine hazard characterised by a reduction in the pH of ocean water caused by the uptake of atmospheric carbon dioxide, impairing calcifying organisms, fisheries, and aquaculture.",IPCC SROCC Ch.5: Ocean acidification,Rationale,Adaptation,Adaptation-specific,Intrinsic,n/a,TRUE,Domain expert,current,5.0.0-draft
CRK_135,https://mlolita26.github.io/cgiar-climate-taxonomy/terms/CRK_135,Ocean deoxygenation,ocean oxygen loss; ocean hypoxia,Climate risk,4,CRK_159,"Marine hazard characterised by a decline in the dissolved oxygen content of ocean waters, driven by warming and altered circulation, which stresses marine organisms and contracts viable fish habitat.",IPCC SROCC Ch.5: Ocean deoxygenation,Rationale,Adaptation,Adaptation-specific,Intrinsic,n/a,TRUE,Domain expert,current,5.0.0-draft
CRK_151,https://mlolita26.github.io/cgiar-climate-taxonomy/terms/CRK_151,Compound hazard,Compound climate event,Climate risk,2,CRK_100,"Climate hazard arising from the combination of multiple drivers and/or hazards that contribute to societal or environmental risk, whether occurring simultaneously, in sequence, or compounding over time.",IPCC AR6 WGI Ch.11: Compound events,Rationale,Adaptation,Adaptation-specific,Intrinsic,n/a,TRUE,Domain expert,current,5.0.0-draft
CRK_160,https://mlolita26.github.io/cgiar-climate-taxonomy/terms/CRK_160,Cascading hazard,Cascading climate impact; cascading impacts,Climate risk,2,CRK_100,"Climate hazard characterised by a chain of events in which an initial hazard triggers one or more secondary hazards or impacts, propagating across systems and sectors to amplify overall consequences.",IPCC AR6 WGI Ch.11: Compound and cascading events,Rationale,Adaptation,Adaptation-specific,Intrinsic,n/a,TRUE,Domain expert; Restructure (v5),current,5.0.0-draft
CRK_163,https://mlolita26.github.io/cgiar-climate-taxonomy/terms/CRK_163,Climate exposure,exposure to climate; exposure to climate hazards; exposure to climate change; climate-exposed; exposed to climate risk,Climate risk,1,,"Climate risk component referring to the presence of people, livelihoods, species, ecosystems, infrastructure, or assets in places and settings that could be adversely affected by climate hazards.",IPCC AR6 WGII Glossary (Exposure),Rationale,Adaptation,Adaptation-specific,Intrinsic,n/a,TRUE,PRMS pilot,current,5.0.0-draft
CRK_164,https://mlolita26.github.io/cgiar-climate-taxonomy/terms/CRK_164,Climate vulnerability,climate-vulnerable; vulnerable to climate; vulnerable to climate risks; vulnerability to climate change,Climate risk,1,,"Climate risk component comprising the propensity of a system, community, or household to be adversely affected by climate variability and change, including sensitivity to harm and limited capacity to cope and adapt.",IPCC AR6 WGII Glossary (Vulnerability),Rationale,Adaptation,Adaptation-specific,Intrinsic,n/a,TRUE,Domain expert; Lexicon consensus,current,5.0.0-draft
CRK_165,https://mlolita26.github.io/cgiar-climate-taxonomy/terms/CRK_165,Climate sensitivity,climate-sensitive; sensitive to climate; sensitivity to climate; sensitivity to climate change; fragility,Climate risk,1,,"Climate vulnerability component, comprising the degree to which a system, species, or activity is affected, beneficially or adversely, by a given change in climate conditions or by a climate hazard. Named in full to avoid collision with the physical-science term climate sensitivity, which denotes the warming response to a doubling of atmospheric carbon dioxide.",IPCC AR6 WGII Glossary (Sensitivity),Rationale,Adaptation,Adaptation-specific,Intrinsic,n/a,TRUE,Domain expert; Lexicon consensus,current,5.0.0-draft
CRK_11,https://mlolita26.github.io/cgiar-climate-taxonomy/terms/CRK_11,Tipping point,critical threshold,Climate risk,1,,"Critical threshold beyond which a system reorganises, often abruptly and/or irreversibly, in response to a relatively small additional change in conditions such as climate forcing.",IPCC AR6 WGI Glossary: Tipping point,Cross-cutting,Adaptation,Adaptation-specific,Intrinsic,n/a,TRUE,Domain expert,current,5.0.0-draft
CRK_09,https://mlolita26.github.io/cgiar-climate-taxonomy/terms/CRK_09,Climate shock,climate event; extreme climate event; acute shock; Climate-related shock; Climate extreme; extreme weather event,Climate risk,2,CRK_100,"Climate hazard with an acute temporal profile, marked by sudden, severe onset, such as a flood, storm, or rapid drought onset, that causes rapid harm, as distinct from a slow-onset stressor.",IPCC AR6 WGII Glossary (Extreme weather event); resilience literature,Cross-cutting,Adaptation,Adaptation-specific,Intrinsic,n/a,TRUE,Domain expert,current,5.0.0-draft
CRK_10,https://mlolita26.github.io/cgiar-climate-taxonomy/terms/CRK_10,Climate stressor,slow-onset stressor; chronic climate stress; climate stress; under climate stress,Climate risk,2,CRK_100,"Climate hazard with a chronic temporal profile, taking the form of a slow-onset or progressive pressure or trend, such as warming, shifting rainfall seasonality, or salinization, that gradually erodes a system, as distinct from an acute shock.",IPCC AR6 WGII Glossary (Slow onset events); resilience literature,Cross-cutting,Adaptation,Adaptation-specific,Intrinsic,n/a,TRUE,Domain expert,current,5.0.0-draft
CRK_166,https://mlolita26.github.io/cgiar-climate-taxonomy/terms/CRK_166,Climate security,climate-security nexus; climate and security; climate-related security risk,Climate risk,1,,"Dimension of climate risk describing the ways in which climate variability and change interact with social, economic, and political conditions to affect human security, including risks to livelihoods, to food and water access, to mobility, and to peace and stability.",IPCC AR6 WGII Ch.7,Rationale,Adaptation,Adaptation-specific,Intrinsic,n/a,TRUE,PRMS pilot,current,5.0.0-draft
CDI_01,https://mlolita26.github.io/cgiar-climate-taxonomy/terms/CDI_01,Greenhouse gas,GHG,Climate driver,1,,"Gaseous constituent of the atmosphere, both natural and anthropogenic, that absorbs and re-emits infrared radiation and thereby contributes to warming of the lower atmosphere; the principal agricultural gases are carbon dioxide, methane, and nitrous oxide.",IPCC AR6 WGI,Rationale,Mitigation,n/a,n/a (mitigation),Mitigation-specific,FALSE,Lexicon consensus,current,5.0.0-draft
CDI_02,https://mlolita26.github.io/cgiar-climate-taxonomy/terms/CDI_02,Carbon dioxide,CO₂,Climate driver,2,CDI_01,"Greenhouse gas released by respiration, combustion of carbon-bearing fuels, and land-use change, and the reference gas against which the warming effect of other gases is measured.",IPCC AR6 WGI,Rationale,Mitigation,n/a,n/a (mitigation),Mitigation-specific,FALSE,Lexicon consensus,current,5.0.0-draft
CDI_03,https://mlolita26.github.io/cgiar-climate-taxonomy/terms/CDI_03,Methane,CH4,Climate driver,2,CDI_01,"Greenhouse gas emitted by anaerobic processes such as enteric fermentation, flooded rice cultivation, and manure storage, with a high near-term warming effect.",IPCC AR6 WGI,Rationale,Mitigation,n/a,n/a (mitigation),Mitigation-specific,FALSE,Lexicon consensus,current,5.0.0-draft
CDI_04,https://mlolita26.github.io/cgiar-climate-taxonomy/terms/CDI_04,Nitrous oxide,N2O,Climate driver,2,CDI_01,"Greenhouse gas emitted mainly from soils following nitrogen inputs and from manure management, with a high global warming potential and long atmospheric lifetime.",IPCC AR6 WGI,Rationale,Mitigation,n/a,n/a (mitigation),Mitigation-specific,FALSE,Lexicon consensus,current,5.0.0-draft
CDI_05,https://mlolita26.github.io/cgiar-climate-taxonomy/terms/CDI_05,Emission source,greenhouse gas source; GHG source,Climate driver,1,,"Process or activity that releases greenhouse gases to the atmosphere; in agri-food systems the principal sources include livestock digestion, flooded soils, nitrogen inputs, and land-use change.",IPCC 2006 Guidelines for National Greenhouse Gas Inventories,Rationale,Mitigation,n/a,n/a (mitigation),Mitigation-specific,FALSE,Restructure (v5),current,5.0.0-draft
CDI_06,https://mlolita26.github.io/cgiar-climate-taxonomy/terms/CDI_06,Enteric fermentation,rumen fermentation,Climate driver,2,CDI_05,"Emission source consisting of the microbial digestion of feed in the digestive tract of ruminant livestock, which releases methane as a by-product.",IPCC 2006 Guidelines; AGROVOC,Rationale,Mitigation,n/a,n/a (mitigation),Mitigation-specific,FALSE,Lexicon consensus,current,5.0.0-draft
CDI_07,https://mlolita26.github.io/cgiar-climate-taxonomy/terms/CDI_07,Nitrogen fixation,N fixation,Climate driver,2,CDI_05,"Emission source consisting of the conversion of atmospheric nitrogen into reactive forms in soils and by leguminous plants, adding to the soil nitrogen available for nitrous oxide emission.",AGROVOC; IPCC,Rationale,Mitigation,n/a,n/a (mitigation),Mitigation-specific,FALSE,Lexicon consensus,current,5.0.0-draft
CDI_08,https://mlolita26.github.io/cgiar-climate-taxonomy/terms/CDI_08,Climate change,long-term climate trend; Global warming,Climate driver,1,,"Change in the state of the climate that can be identified by changes in the mean and/or variability of its properties and that persists for an extended period, typically decades or longer.",IPCC AR6 WGI Glossary: Climate change,Cross-cutting,Adaptation,Adaptation-specific,Intrinsic,n/a,FALSE,Domain expert,current,5.0.0-draft
CDI_09,https://mlolita26.github.io/cgiar-climate-taxonomy/terms/CDI_09,Climate variability,interannual variability; seasonal variability,Climate driver,1,,"Deviations of climate variables from a given mean state, including the occurrence of extremes, at all spatial and temporal scales beyond that of individual weather events.",IPCC AR6 WGI Annex VII Glossary: Climate variability,Cross-cutting,Adaptation,Adaptation-specific,Intrinsic,n/a,FALSE,Domain expert; Lexicon consensus,current,5.0.0-draft
CDI_19,https://mlolita26.github.io/cgiar-climate-taxonomy/terms/CDI_19,El Nino-Southern Oscillation,ENSO,Climate driver,2,CDI_09,Climate variability comprising the coupled ocean-atmosphere oscillation in the tropical Pacific that alternates between warm and cold phases on an interannual timescale.,IPCC AR6 WGI Annex VII Glossary: El Nino-Southern Oscillation (ENSO),Rationale,Adaptation,Adaptation-specific,Intrinsic,n/a,FALSE,Restructure (v5),current,5.0.0-draft
CDI_11,https://mlolita26.github.io/cgiar-climate-taxonomy/terms/CDI_11,El Nino,El Niño,Climate driver,3,CDI_19,"Warm phase of the El Nino-Southern Oscillation, in which weakened trade winds and warm sea-surface temperatures in the central and eastern equatorial Pacific shift rainfall and temperature patterns worldwide.",IPCC AR6 WGI Annex VII Glossary: El Niño-Southern Oscillation (ENSO),Rationale,Adaptation,Adaptation-specific,Intrinsic,n/a,FALSE,Restructure (v5),current,5.0.0-draft
CDI_12,https://mlolita26.github.io/cgiar-climate-taxonomy/terms/CDI_12,La Nina,La Niña,Climate driver,3,CDI_19,"Cold phase of the El Nino-Southern Oscillation, in which strengthened trade winds and cool sea-surface temperatures in the central and eastern equatorial Pacific shift rainfall and temperature patterns worldwide.",IPCC AR6 WGI Annex VII Glossary: El Niño-Southern Oscillation (ENSO),Rationale,Adaptation,Adaptation-specific,Intrinsic,n/a,FALSE,Restructure (v5),current,5.0.0-draft
CDI_13,https://mlolita26.github.io/cgiar-climate-taxonomy/terms/CDI_13,Temperature,,Climate driver,1,,"Climate variable measuring the degree of atmospheric or surface heat, whose averages, extremes and trends condition agricultural production and climate risk.",WMO/GCOS Essential Climate Variables (temperature),Rationale,Adaptation,Adaptation-conditional,Intrinsic,n/a,FALSE,Restructure (v5),current,5.0.0-draft
CDI_14,https://mlolita26.github.io/cgiar-climate-taxonomy/terms/CDI_14,Humidity,,Climate driver,1,,"Climate variable measuring the water-vapour content of the air, influencing heat stress, evapotranspiration, and pest and disease dynamics.",WMO/GCOS Essential Climate Variables (humidity),Rationale,Adaptation,Adaptation-conditional,Intrinsic,n/a,FALSE,Restructure (v5),current,5.0.0-draft
CDI_15,https://mlolita26.github.io/cgiar-climate-taxonomy/terms/CDI_15,Soil moisture,,Climate driver,1,,"Climate-related variable measuring the water held in soil, linking rainfall and temperature to crop water availability and drought development.",WMO/GCOS Essential Climate Variables (soil moisture),Rationale,Adaptation,Adaptation-conditional,Intrinsic,n/a,FALSE,Restructure (v5),current,5.0.0-draft
CDI_16,https://mlolita26.github.io/cgiar-climate-taxonomy/terms/CDI_16,Dry season,,Climate driver,1,,"Recurring period of the year with little or no rainfall, whose timing, length and intensity structure agricultural calendars and water availability.",WMO (climatological seasons); AGROVOC: dry season,Rationale,Adaptation,Adaptation-specific,Intrinsic,n/a,FALSE,Restructure (v5),current,5.0.0-draft
CDI_17,https://mlolita26.github.io/cgiar-climate-taxonomy/terms/CDI_17,Wet season,,Climate driver,1,,"Recurring period of the year concentrating most annual rainfall, whose onset, length and intensity structure planting decisions and flood risk.",WMO (climatological seasons); AGROVOC: rainy season,Rationale,Adaptation,Adaptation-specific,Intrinsic,n/a,FALSE,Restructure (v5),current,5.0.0-draft
CDI_18,https://mlolita26.github.io/cgiar-climate-taxonomy/terms/CDI_18,Rainfall,precipitation; rains,Climate driver,1,,"Climate variable measuring the depth of water reaching the ground as rain, whose totals, timing and intensity determine crop water availability.",WMO/GCOS Essential Climate Variables (precipitation); AGROVOC: rainfall,Rationale,Adaptation,Adaptation-conditional,Intrinsic,n/a,FALSE,Restructure (v5),current,5.0.0-draft
SYS_115,https://mlolita26.github.io/cgiar-climate-taxonomy/terms/SYS_115,Production system,,System,1,,"System organised to produce crops, livestock, fish or other agricultural outputs, combining land, water, labour and inputs.",FAO (production systems),Rationale,Adaptation,Adaptation-conditional,"System is exposed to a climate hazard, OR is acted on by a hazard-addressing intervention, OR benefits from a qualifying outcome or an adaptation-specific impact; NOT adaptation when named only as the sector or commodity of work, with no exposure and no hazard-addressing action on it.",n/a,FALSE,Restructure (v5),current,5.0.0-draft
SYS_001,https://mlolita26.github.io/cgiar-climate-taxonomy/terms/SYS_001,Crop system,cropping system; arable system,System,2,SYS_115,"Production system based primarily on the cultivation of crops - cereals, legumes, roots and tubers, horticultural and tree crops - for food, feed, fibre, or other products.",AGROVOC: cropping systems,Rationale,Adaptation,Adaptation-conditional,"System is exposed to a climate hazard, OR is acted on by a hazard-addressing intervention, OR benefits from a qualifying outcome or an adaptation-specific impact; NOT adaptation when named only as the sector or commodity of work, with no exposure and no hazard-addressing action on it.",n/a,FALSE,Domain expert,current,5.0.0-draft
SYS_002,https://mlolita26.github.io/cgiar-climate-taxonomy/terms/SYS_002,Cereal,grain crop,System,3,SYS_001,"Crop system comprising grain-producing grasses such as maize, wheat, rice, sorghum, and millet, cultivated for food and feed.",AGROVOC: cereals,Rationale,Adaptation,Adaptation-conditional,"System is exposed to a climate hazard, OR is acted on by a hazard-addressing intervention, OR benefits from a qualifying outcome or an adaptation-specific impact; NOT adaptation when named only as the sector or commodity of work, with no exposure and no hazard-addressing action on it.",n/a,FALSE,Domain expert,current,5.0.0-draft
SYS_003,https://mlolita26.github.io/cgiar-climate-taxonomy/terms/SYS_003,Maize,corn,System,4,SYS_002,"Cereal crop (Zea mays) grown for grain, food, and feed.",AGROVOC: maize,Rationale,Adaptation,Adaptation-conditional,"System is exposed to a climate hazard, OR is acted on by a hazard-addressing intervention, OR benefits from a qualifying outcome or an adaptation-specific impact; NOT adaptation when named only as the sector or commodity of work, with no exposure and no hazard-addressing action on it.",n/a,FALSE,Domain expert,current,5.0.0-draft
SYS_004,https://mlolita26.github.io/cgiar-climate-taxonomy/terms/SYS_004,Wheat,,System,4,SYS_002,"Cereal crop (Triticum spp.) grown for grain, sensitive to heat and water stress under climate variability and change.",AGROVOC: wheat,Rationale,Adaptation,Adaptation-conditional,"System is exposed to a climate hazard, OR is acted on by a hazard-addressing intervention, OR benefits from a qualifying outcome or an adaptation-specific impact; NOT adaptation when named only as the sector or commodity of work, with no exposure and no hazard-addressing action on it.",n/a,FALSE,Domain expert,current,5.0.0-draft
SYS_005,https://mlolita26.github.io/cgiar-climate-taxonomy/terms/SYS_005,Rice,paddy,System,4,SYS_002,Cereal crop (Oryza spp.) grown largely in flooded or rainfed lowland systems.,AGROVOC: rice,Rationale,Adaptation,Adaptation-conditional,"System is exposed to a climate hazard, OR is acted on by a hazard-addressing intervention, OR benefits from a qualifying outcome or an adaptation-specific impact; NOT adaptation when named only as the sector or commodity of work, with no exposure and no hazard-addressing action on it.",n/a,FALSE,Domain expert,current,5.0.0-draft
SYS_006,https://mlolita26.github.io/cgiar-climate-taxonomy/terms/SYS_006,Sorghum,,System,4,SYS_002,"Cereal crop (Sorghum bicolor) grown for grain and forage, valued for its tolerance of heat and water-deficit conditions under climate stress.",AGROVOC: sorghum,Rationale,Adaptation,Adaptation-conditional,"System is exposed to a climate hazard, OR is acted on by a hazard-addressing intervention, OR benefits from a qualifying outcome or an adaptation-specific impact; NOT adaptation when named only as the sector or commodity of work, with no exposure and no hazard-addressing action on it.",n/a,FALSE,Domain expert,current,5.0.0-draft
SYS_007,https://mlolita26.github.io/cgiar-climate-taxonomy/terms/SYS_007,Millet,,System,4,SYS_002,"Cereal comprising several small-grained grasses (e.g. pearl, finger, and foxtail millet) grown for grain and forage, valued for tolerance of drought and heat in dryland systems.",AGROVOC: millets,Rationale,Adaptation,Adaptation-conditional,"System is exposed to a climate hazard, OR is acted on by a hazard-addressing intervention, OR benefits from a qualifying outcome or an adaptation-specific impact; NOT adaptation when named only as the sector or commodity of work, with no exposure and no hazard-addressing action on it.",n/a,FALSE,Domain expert,current,5.0.0-draft
SYS_008,https://mlolita26.github.io/cgiar-climate-taxonomy/terms/SYS_008,Barley,,System,4,SYS_002,"Cereal crop (Hordeum vulgare) grown for grain, malt, and feed, sensitive to heat and water stress under climate variability and change.",AGROVOC: barley,Rationale,Adaptation,Adaptation-conditional,"System is exposed to a climate hazard, OR is acted on by a hazard-addressing intervention, OR benefits from a qualifying outcome or an adaptation-specific impact; NOT adaptation when named only as the sector or commodity of work, with no exposure and no hazard-addressing action on it.",n/a,FALSE,Domain expert,current,5.0.0-draft
SYS_010,https://mlolita26.github.io/cgiar-climate-taxonomy/terms/SYS_010,Root crop,root and tuber crop,System,3,SYS_001,"Crop system grown for edible swollen roots - such as cassava, sweet potato and beet; the broader root-and-tuber grouping.",AGROVOC: root crops,Rationale,Adaptation,Adaptation-conditional,"System is exposed to a climate hazard, OR is acted on by a hazard-addressing intervention, OR benefits from a qualifying outcome or an adaptation-specific impact; NOT adaptation when named only as the sector or commodity of work, with no exposure and no hazard-addressing action on it.",n/a,FALSE,Domain expert,current,5.0.0-draft
SYS_093,https://mlolita26.github.io/cgiar-climate-taxonomy/terms/SYS_093,Cassava,manioc; yuca,System,4,SYS_010,Root crop (Manihot esculenta) grown for its starchy storage roots.,AGROVOC: cassava,Rationale,Adaptation,Adaptation-conditional,"System is exposed to a climate hazard, OR is acted on by a hazard-addressing intervention, OR benefits from a qualifying outcome or an adaptation-specific impact; NOT adaptation when named only as the sector or commodity of work, with no exposure and no hazard-addressing action on it.",n/a,FALSE,PRMS pilot,current,5.0.0-draft
SYS_094,https://mlolita26.github.io/cgiar-climate-taxonomy/terms/SYS_094,Sweet potato,OFSP,System,4,SYS_010,"Root crop (Ipomoea batatas) grown for its storage roots and leaves, including vitamin-A-rich orange-fleshed types.",AGROVOC: sweet potatoes,Rationale,Adaptation,Adaptation-conditional,"System is exposed to a climate hazard, OR is acted on by a hazard-addressing intervention, OR benefits from a qualifying outcome or an adaptation-specific impact; NOT adaptation when named only as the sector or commodity of work, with no exposure and no hazard-addressing action on it.",n/a,FALSE,PRMS pilot,current,5.0.0-draft
SYS_011,https://mlolita26.github.io/cgiar-climate-taxonomy/terms/SYS_011,Horticultural crop,,System,3,SYS_001,"Crop system based on the intensive cultivation of fruits, vegetables, and ornamental plants.",AGROVOC: horticulture,Rationale,Adaptation,Adaptation-conditional,"System is exposed to a climate hazard, OR is acted on by a hazard-addressing intervention, OR benefits from a qualifying outcome or an adaptation-specific impact; NOT adaptation when named only as the sector or commodity of work, with no exposure and no hazard-addressing action on it.",n/a,FALSE,Domain expert,current,5.0.0-draft
SYS_012,https://mlolita26.github.io/cgiar-climate-taxonomy/terms/SYS_012,Vegetable,,System,4,SYS_011,"Horticultural crop grown for its edible leaves, stems, roots, or other non-fruit parts.",AGROVOC: vegetables,Rationale,Adaptation,Adaptation-conditional,"System is exposed to a climate hazard, OR is acted on by a hazard-addressing intervention, OR benefits from a qualifying outcome or an adaptation-specific impact; NOT adaptation when named only as the sector or commodity of work, with no exposure and no hazard-addressing action on it.",n/a,FALSE,Domain expert,current,5.0.0-draft
SYS_013,https://mlolita26.github.io/cgiar-climate-taxonomy/terms/SYS_013,Fruit,,System,4,SYS_011,Horticultural crop grown for its edible fruit.,AGROVOC: fruits,Rationale,Adaptation,Adaptation-conditional,"System is exposed to a climate hazard, OR is acted on by a hazard-addressing intervention, OR benefits from a qualifying outcome or an adaptation-specific impact; NOT adaptation when named only as the sector or commodity of work, with no exposure and no hazard-addressing action on it.",n/a,FALSE,Domain expert,current,5.0.0-draft
SYS_102,https://mlolita26.github.io/cgiar-climate-taxonomy/terms/SYS_102,Banana,plantain; Musa,System,5,SYS_013,"Fruit crop (Musa spp.) grown for dessert fruit and, as plantain, for cooking.",AGROVOC: bananas,Rationale,Adaptation,Adaptation-conditional,"System is exposed to a climate hazard, OR is acted on by a hazard-addressing intervention, OR benefits from a qualifying outcome or an adaptation-specific impact; NOT adaptation when named only as the sector or commodity of work, with no exposure and no hazard-addressing action on it.",n/a,FALSE,PRMS pilot,current,5.0.0-draft
SYS_014,https://mlolita26.github.io/cgiar-climate-taxonomy/terms/SYS_014,Oilseed,oil crop,System,3,SYS_001,"Crop system based on plants grown primarily for the oil extracted from their seeds or fruits (e.g. soybean, sunflower, oil palm, groundnut).",AGROVOC: oilseeds,Rationale,Adaptation,Adaptation-conditional,"System is exposed to a climate hazard, OR is acted on by a hazard-addressing intervention, OR benefits from a qualifying outcome or an adaptation-specific impact; NOT adaptation when named only as the sector or commodity of work, with no exposure and no hazard-addressing action on it.",n/a,FALSE,Domain expert,current,5.0.0-draft
SYS_099,https://mlolita26.github.io/cgiar-climate-taxonomy/terms/SYS_099,Sunflower,,System,4,SYS_014,"Oilseed crop (Helianthus annuus) grown for edible oil and seed, relatively drought-tolerant and exposed to heat and erratic rainfall during flowering.",AGROVOC: sunflowers,Rationale,Adaptation,Adaptation-conditional,"System is exposed to a climate hazard, OR is acted on by a hazard-addressing intervention, OR benefits from a qualifying outcome or an adaptation-specific impact; NOT adaptation when named only as the sector or commodity of work, with no exposure and no hazard-addressing action on it.",n/a,FALSE,PRMS pilot,current,5.0.0-draft
SYS_015,https://mlolita26.github.io/cgiar-climate-taxonomy/terms/SYS_015,Tree crop,perennial crop,System,3,SYS_001,"Crop system based on perennial woody species cultivated for fruit, nuts, beverages, or other products (e.g. coffee, cocoa, citrus).",AGROVOC: tree crops,Rationale,Adaptation,Adaptation-conditional,"System is exposed to a climate hazard, OR is acted on by a hazard-addressing intervention, OR benefits from a qualifying outcome or an adaptation-specific impact; NOT adaptation when named only as the sector or commodity of work, with no exposure and no hazard-addressing action on it.",n/a,FALSE,Domain expert,current,5.0.0-draft
SYS_100,https://mlolita26.github.io/cgiar-climate-taxonomy/terms/SYS_100,Cacao,cocoa; cocoa tree,System,4,SYS_015,"Tree crop (Theobroma cacao) grown for cocoa beans in humid tropical systems, highly exposed to rising temperature, water deficit, and shifting land suitability under climate change.",AGROVOC: cocoa (plant) (c_7713),Rationale,Adaptation,Adaptation-conditional,"System is exposed to a climate hazard, OR is acted on by a hazard-addressing intervention, OR benefits from a qualifying outcome or an adaptation-specific impact; NOT adaptation when named only as the sector or commodity of work, with no exposure and no hazard-addressing action on it.",n/a,FALSE,PRMS pilot,current,5.0.0-draft
SYS_101,https://mlolita26.github.io/cgiar-climate-taxonomy/terms/SYS_101,Olive,,System,4,SYS_015,"Tree crop (Olea europaea) grown for fruit and oil in Mediterranean and semi-arid systems, exposed to drought, heat, and shifting winter chilling requirements.",AGROVOC: olives,Rationale,Adaptation,Adaptation-conditional,"System is exposed to a climate hazard, OR is acted on by a hazard-addressing intervention, OR benefits from a qualifying outcome or an adaptation-specific impact; NOT adaptation when named only as the sector or commodity of work, with no exposure and no hazard-addressing action on it.",n/a,FALSE,PRMS pilot,current,5.0.0-draft
SYS_016,https://mlolita26.github.io/cgiar-climate-taxonomy/terms/SYS_016,Fiber crop,fibre crop,System,3,SYS_001,"Crop system based on plants grown for the fibres used in textiles, cordage, or paper (e.g. cotton, jute, sisal).",AGROVOC: fibre crops,Rationale,Adaptation,Adaptation-conditional,"System is exposed to a climate hazard, OR is acted on by a hazard-addressing intervention, OR benefits from a qualifying outcome or an adaptation-specific impact; NOT adaptation when named only as the sector or commodity of work, with no exposure and no hazard-addressing action on it.",n/a,FALSE,Domain expert,current,5.0.0-draft
SYS_017,https://mlolita26.github.io/cgiar-climate-taxonomy/terms/SYS_017,Sugar crop,,System,3,SYS_001,"Crop system based on plants grown for sugar extraction (e.g. sugarcane, sugar beet).",AGROVOC: sugar crops,Rationale,Adaptation,Adaptation-conditional,"System is exposed to a climate hazard, OR is acted on by a hazard-addressing intervention, OR benefits from a qualifying outcome or an adaptation-specific impact; NOT adaptation when named only as the sector or commodity of work, with no exposure and no hazard-addressing action on it.",n/a,FALSE,Domain expert,current,5.0.0-draft
SYS_078,https://mlolita26.github.io/cgiar-climate-taxonomy/terms/SYS_078,Legume,leguminous crop,System,3,SYS_001,"Crop system of the legume (Fabaceae) family grown for seeds, pods, forage or green manure and able to fix atmospheric nitrogen; the broad family encompassing pulses and oil/forage legumes.",AGROVOC: legumes,Rationale,Adaptation,Adaptation-conditional,"System is exposed to a climate hazard, OR is acted on by a hazard-addressing intervention, OR benefits from a qualifying outcome or an adaptation-specific impact; NOT adaptation when named only as the sector or commodity of work, with no exposure and no hazard-addressing action on it.",n/a,FALSE,Domain expert; Restructure (v5),current,5.0.0-draft
SYS_009,https://mlolita26.github.io/cgiar-climate-taxonomy/terms/SYS_009,Pulse,grain legume,System,4,SYS_078,"Legume grown for its dry edible seeds - such as beans, lentils, cowpeas and chickpeas; a subset of legumes excluding oilseed and forage types.",AGROVOC: grain legumes,Rationale,Adaptation,Adaptation-conditional,"System is exposed to a climate hazard, OR is acted on by a hazard-addressing intervention, OR benefits from a qualifying outcome or an adaptation-specific impact; NOT adaptation when named only as the sector or commodity of work, with no exposure and no hazard-addressing action on it.",n/a,FALSE,Domain expert,current,5.0.0-draft
SYS_095,https://mlolita26.github.io/cgiar-climate-taxonomy/terms/SYS_095,Bean,common bean; Phaseolus; Faba bean,System,5,SYS_009,"Pulse crop (Phaseolus vulgaris) grown for edible dry grain and green pods, highly sensitive to heat and water deficit during flowering and pod-filling.",AGROVOC: Phaseolus vulgaris (c_5767),Rationale,Adaptation,Adaptation-conditional,"System is exposed to a climate hazard, OR is acted on by a hazard-addressing intervention, OR benefits from a qualifying outcome or an adaptation-specific impact; NOT adaptation when named only as the sector or commodity of work, with no exposure and no hazard-addressing action on it.",n/a,FALSE,PRMS pilot,current,5.0.0-draft
SYS_096,https://mlolita26.github.io/cgiar-climate-taxonomy/terms/SYS_096,Cowpea,black-eyed pea; niebe,System,5,SYS_009,"Pulse crop (Vigna unguiculata) grown for grain, fodder, and leaves, valued for heat and drought tolerance in Sahelian and semi-arid systems.",AGROVOC: cowpeas,Rationale,Adaptation,Adaptation-conditional,"System is exposed to a climate hazard, OR is acted on by a hazard-addressing intervention, OR benefits from a qualifying outcome or an adaptation-specific impact; NOT adaptation when named only as the sector or commodity of work, with no exposure and no hazard-addressing action on it.",n/a,FALSE,PRMS pilot,current,5.0.0-draft
SYS_097,https://mlolita26.github.io/cgiar-climate-taxonomy/terms/SYS_097,Soybean,soya; soya bean,System,4,SYS_078,"Grain legume (Glycine max) grown for protein-rich grain and oil, fixing atmospheric nitrogen and exposed to drought and heat during pod-filling.",AGROVOC: soybeans,Rationale,Adaptation,Adaptation-conditional,"System is exposed to a climate hazard, OR is acted on by a hazard-addressing intervention, OR benefits from a qualifying outcome or an adaptation-specific impact; NOT adaptation when named only as the sector or commodity of work, with no exposure and no hazard-addressing action on it.",n/a,FALSE,PRMS pilot,current,5.0.0-draft
SYS_098,https://mlolita26.github.io/cgiar-climate-taxonomy/terms/SYS_098,Groundnut,peanut,System,4,SYS_078,"Grain legume (Arachis hypogaea) grown for oil-rich seed, fixing atmospheric nitrogen and exposed to drought, heat, and aflatoxin contamination that rises under terminal drought.",AGROVOC: groundnuts,Rationale,Adaptation,Adaptation-conditional,"System is exposed to a climate hazard, OR is acted on by a hazard-addressing intervention, OR benefits from a qualifying outcome or an adaptation-specific impact; NOT adaptation when named only as the sector or commodity of work, with no exposure and no hazard-addressing action on it.",n/a,FALSE,PRMS pilot,current,5.0.0-draft
SYS_079,https://mlolita26.github.io/cgiar-climate-taxonomy/terms/SYS_079,Tuber crop,tuber,System,3,SYS_001,Crop system grown for edible tubers (swollen stem or root storage organs) - such as potato and yam; distinguished by tuber storage organs.,AGROVOC: tubers (c_7998),Rationale,Adaptation,Adaptation-conditional,"System is exposed to a climate hazard, OR is acted on by a hazard-addressing intervention, OR benefits from a qualifying outcome or an adaptation-specific impact; NOT adaptation when named only as the sector or commodity of work, with no exposure and no hazard-addressing action on it.",n/a,FALSE,Domain expert; Restructure (v5),current,5.0.0-draft
SYS_092,https://mlolita26.github.io/cgiar-climate-taxonomy/terms/SYS_092,Potato,,System,4,SYS_079,Tuber crop (Solanum tuberosum) grown for its starchy stem tubers.,AGROVOC: potatoes,Rationale,Adaptation,Adaptation-conditional,"System is exposed to a climate hazard, OR is acted on by a hazard-addressing intervention, OR benefits from a qualifying outcome or an adaptation-specific impact; NOT adaptation when named only as the sector or commodity of work, with no exposure and no hazard-addressing action on it.",n/a,FALSE,PRMS pilot,current,5.0.0-draft
SYS_018,https://mlolita26.github.io/cgiar-climate-taxonomy/terms/SYS_018,Livestock system,animal production system; Climate-smart dairy system; Climate-smart livestock system; Livestock production system; Livestock production,System,2,SYS_115,"Production system based on raising animals - cattle, small ruminants, poultry, and others - for food, income, or assets.",AGROVOC: livestock,Rationale,Adaptation,Adaptation-conditional,"System is exposed to a climate hazard, OR is acted on by a hazard-addressing intervention, OR benefits from a qualifying outcome or an adaptation-specific impact; NOT adaptation when named only as the sector or commodity of work, with no exposure and no hazard-addressing action on it.",n/a,FALSE,Domain expert,current,5.0.0-draft
SYS_019,https://mlolita26.github.io/cgiar-climate-taxonomy/terms/SYS_019,Cattle,bovine,System,3,SYS_018,"Livestock system based on raising cattle (Bos spp.) for milk, meat, draught, or assets.",AGROVOC: cattle,Rationale,Adaptation,Adaptation-conditional,"System is exposed to a climate hazard, OR is acted on by a hazard-addressing intervention, OR benefits from a qualifying outcome or an adaptation-specific impact; NOT adaptation when named only as the sector or commodity of work, with no exposure and no hazard-addressing action on it.",n/a,FALSE,Domain expert,current,5.0.0-draft
SYS_020,https://mlolita26.github.io/cgiar-climate-taxonomy/terms/SYS_020,Dairy cattle,dairy cow; milk cattle,System,4,SYS_019,Cattle system in which animals are kept primarily for milk production.,AGROVOC: dairy cattle,Rationale,Adaptation,Adaptation-conditional,"System is exposed to a climate hazard, OR is acted on by a hazard-addressing intervention, OR benefits from a qualifying outcome or an adaptation-specific impact; NOT adaptation when named only as the sector or commodity of work, with no exposure and no hazard-addressing action on it.",n/a,FALSE,Domain expert,current,5.0.0-draft
SYS_021,https://mlolita26.github.io/cgiar-climate-taxonomy/terms/SYS_021,Beef cattle,beef herd,System,4,SYS_019,Cattle system in which animals are raised primarily for meat production.,AGROVOC: beef cattle,Rationale,Adaptation,Adaptation-conditional,"System is exposed to a climate hazard, OR is acted on by a hazard-addressing intervention, OR benefits from a qualifying outcome or an adaptation-specific impact; NOT adaptation when named only as the sector or commodity of work, with no exposure and no hazard-addressing action on it.",n/a,FALSE,Domain expert,current,5.0.0-draft
SYS_022,https://mlolita26.github.io/cgiar-climate-taxonomy/terms/SYS_022,Small ruminant,sheep and goat,System,3,SYS_018,"Livestock system based on raising sheep and goats for meat, milk, fibre, or assets.",AGROVOC: small ruminants,Rationale,Adaptation,Adaptation-conditional,"System is exposed to a climate hazard, OR is acted on by a hazard-addressing intervention, OR benefits from a qualifying outcome or an adaptation-specific impact; NOT adaptation when named only as the sector or commodity of work, with no exposure and no hazard-addressing action on it.",n/a,FALSE,Domain expert,current,5.0.0-draft
SYS_104,https://mlolita26.github.io/cgiar-climate-taxonomy/terms/SYS_104,Sheep,ovine,System,4,SYS_022,"Small ruminant species (Ovis aries) raised for meat, milk, wool, and household assets, exposed to heat stress, drought-driven feed and water scarcity, and shifting disease distribution.",AGROVOC: sheep,Rationale,Adaptation,Adaptation-conditional,"System is exposed to a climate hazard, OR is acted on by a hazard-addressing intervention, OR benefits from a qualifying outcome or an adaptation-specific impact; NOT adaptation when named only as the sector or commodity of work, with no exposure and no hazard-addressing action on it.",n/a,FALSE,PRMS pilot,current,5.0.0-draft
SYS_105,https://mlolita26.github.io/cgiar-climate-taxonomy/terms/SYS_105,Goat,caprine,System,4,SYS_022,"Small ruminant species (Capra hircus) raised for meat, milk, and household assets, valued for tolerance of dry and marginal conditions and exposed to heat stress and drought-driven feed and water scarcity.",AGROVOC: goats,Rationale,Adaptation,Adaptation-conditional,"System is exposed to a climate hazard, OR is acted on by a hazard-addressing intervention, OR benefits from a qualifying outcome or an adaptation-specific impact; NOT adaptation when named only as the sector or commodity of work, with no exposure and no hazard-addressing action on it.",n/a,FALSE,PRMS pilot,current,5.0.0-draft
SYS_023,https://mlolita26.github.io/cgiar-climate-taxonomy/terms/SYS_023,Poultry,chicken,System,3,SYS_018,"Livestock system based on raising domesticated birds (e.g. chickens, ducks) for meat and eggs.",AGROVOC: poultry,Rationale,Adaptation,Adaptation-conditional,"System is exposed to a climate hazard, OR is acted on by a hazard-addressing intervention, OR benefits from a qualifying outcome or an adaptation-specific impact; NOT adaptation when named only as the sector or commodity of work, with no exposure and no hazard-addressing action on it.",n/a,FALSE,Domain expert,current,5.0.0-draft
SYS_024,https://mlolita26.github.io/cgiar-climate-taxonomy/terms/SYS_024,Pig,swine; pork,System,3,SYS_018,Livestock system based on raising pigs (Sus scrofa domesticus) for meat.,AGROVOC: pigs,Rationale,Adaptation,Adaptation-conditional,"System is exposed to a climate hazard, OR is acted on by a hazard-addressing intervention, OR benefits from a qualifying outcome or an adaptation-specific impact; NOT adaptation when named only as the sector or commodity of work, with no exposure and no hazard-addressing action on it.",n/a,FALSE,Domain expert,current,5.0.0-draft
SYS_025,https://mlolita26.github.io/cgiar-climate-taxonomy/terms/SYS_025,Camelid,camel; llama; alpaca,System,3,SYS_018,"Livestock system based on raising camelids (e.g. camels, llamas, alpacas) for milk, meat, fibre, transport, or assets, valued for tolerance of arid and high-altitude climate stress.",AGROVOC: camelids,Rationale,Adaptation,Adaptation-conditional,"System is exposed to a climate hazard, OR is acted on by a hazard-addressing intervention, OR benefits from a qualifying outcome or an adaptation-specific impact; NOT adaptation when named only as the sector or commodity of work, with no exposure and no hazard-addressing action on it.",n/a,FALSE,Domain expert,current,5.0.0-draft
SYS_026,https://mlolita26.github.io/cgiar-climate-taxonomy/terms/SYS_026,Pastoral system,rangeland-based livestock system,System,3,SYS_018,Livestock system based on extensive animal grazing on natural or seminatural rangelands.,AGROVOC: pastoralism,Rationale,Adaptation,Adaptation-conditional,"System is exposed to a climate hazard, OR is acted on by a hazard-addressing intervention, OR benefits from a qualifying outcome or an adaptation-specific impact; NOT adaptation when named only as the sector or commodity of work, with no exposure and no hazard-addressing action on it.",n/a,FALSE,Domain expert,current,5.0.0-draft
SYS_028,https://mlolita26.github.io/cgiar-climate-taxonomy/terms/SYS_028,Intensive livestock system,confined livestock system; industrial livestock,System,3,SYS_018,Livestock system characterised by high stocking densities and reliance on external feed and inputs.,AGROVOC: intensive husbandry,Rationale,Adaptation,Adaptation-conditional,"System is exposed to a climate hazard, OR is acted on by a hazard-addressing intervention, OR benefits from a qualifying outcome or an adaptation-specific impact; NOT adaptation when named only as the sector or commodity of work, with no exposure and no hazard-addressing action on it.",n/a,FALSE,Domain expert,current,5.0.0-draft
SYS_114,https://mlolita26.github.io/cgiar-climate-taxonomy/terms/SYS_114,Black soldier fly system,BSF system; insect farming,System,3,SYS_018,Livestock system based on rearing black soldier fly larvae on organic residues to produce animal-feed protein and frass fertilizer.,FAO (insects as food and feed); AGROVOC: Hermetia illucens (c_6d9f26e7),Rationale,Adaptation,Adaptation-conditional,"System is exposed to a climate hazard, OR is acted on by a hazard-addressing intervention, OR benefits from a qualifying outcome or an adaptation-specific impact; NOT adaptation when named only as the sector or commodity of work, with no exposure and no hazard-addressing action on it.",n/a,FALSE,Restructure (v5),current,5.0.0-draft
SYS_029,https://mlolita26.github.io/cgiar-climate-taxonomy/terms/SYS_029,Aquatic system,aquatic production system; Aquatic food system; Fish,System,2,SYS_115,Production system based on the use of aquatic organisms from marine or freshwater environments - through capture or farming - for food and livelihoods.,FAO SOFIA (The State of World Fisheries and Aquaculture),Rationale,Adaptation,Adaptation-conditional,"System is exposed to a climate hazard, OR is acted on by a hazard-addressing intervention, OR benefits from a qualifying outcome or an adaptation-specific impact; NOT adaptation when named only as the sector or commodity of work, with no exposure and no hazard-addressing action on it.",n/a,FALSE,Domain expert,current,5.0.0-draft
SYS_032,https://mlolita26.github.io/cgiar-climate-taxonomy/terms/SYS_032,Aquaculture system,fish farming system; aquaculture,System,3,SYS_029,"Aquatic system for the farming of aquatic organisms - fish, molluscs, crustaceans, and aquatic plants - under some form of ownership and intervention in rearing.",AGROVOC: aquaculture,Rationale,Adaptation,Adaptation-conditional,"System is exposed to a climate hazard, OR is acted on by a hazard-addressing intervention, OR benefits from a qualifying outcome or an adaptation-specific impact; NOT adaptation when named only as the sector or commodity of work, with no exposure and no hazard-addressing action on it.",n/a,FALSE,Domain expert,current,5.0.0-draft
SYS_033,https://mlolita26.github.io/cgiar-climate-taxonomy/terms/SYS_033,Pond aquaculture,pond farming,System,4,SYS_032,Aquaculture system in which aquatic organisms are reared in constructed or natural ponds.,FAO Fisheries and Aquaculture (pond culture),Rationale,Adaptation,Adaptation-conditional,"System is exposed to a climate hazard, OR is acted on by a hazard-addressing intervention, OR benefits from a qualifying outcome or an adaptation-specific impact; NOT adaptation when named only as the sector or commodity of work, with no exposure and no hazard-addressing action on it.",n/a,FALSE,Domain expert,current,5.0.0-draft
SYS_034,https://mlolita26.github.io/cgiar-climate-taxonomy/terms/SYS_034,Cage aquaculture,cage culture,System,4,SYS_032,Aquaculture system in which aquatic organisms are reared in cages or net pens suspended in open water bodies.,FAO Fisheries and Aquaculture (cage culture),Rationale,Adaptation,Adaptation-conditional,"System is exposed to a climate hazard, OR is acted on by a hazard-addressing intervention, OR benefits from a qualifying outcome or an adaptation-specific impact; NOT adaptation when named only as the sector or commodity of work, with no exposure and no hazard-addressing action on it.",n/a,FALSE,Domain expert,current,5.0.0-draft
SYS_035,https://mlolita26.github.io/cgiar-climate-taxonomy/terms/SYS_035,Recirculating aquaculture,RAS,System,4,SYS_032,"Aquaculture system in which water is filtered and reused within a closed loop, reducing dependence on ambient water and buffering exposure to climate-driven changes in water temperature and quality.",FAO Fisheries and Aquaculture (recirculating aquaculture systems),Rationale,Adaptation,Adaptation-conditional,"System is exposed to a climate hazard, OR is acted on by a hazard-addressing intervention, OR benefits from a qualifying outcome or an adaptation-specific impact; NOT adaptation when named only as the sector or commodity of work, with no exposure and no hazard-addressing action on it.",n/a,FALSE,Domain expert,current,5.0.0-draft
SYS_036,https://mlolita26.github.io/cgiar-climate-taxonomy/terms/SYS_036,Integrated multi-trophic aquaculture,IMTA,System,4,SYS_032,"Aquaculture system that co-cultivates species from different trophic levels so that the by-products of one become inputs for another, reducing waste and diversifying production under climate stress.",FAO Fisheries and Aquaculture (integrated multi-trophic aquaculture),Rationale,Adaptation,Adaptation-conditional,"System is exposed to a climate hazard, OR is acted on by a hazard-addressing intervention, OR benefits from a qualifying outcome or an adaptation-specific impact; NOT adaptation when named only as the sector or commodity of work, with no exposure and no hazard-addressing action on it.",n/a,FALSE,Domain expert,current,5.0.0-draft
SYS_103,https://mlolita26.github.io/cgiar-climate-taxonomy/terms/SYS_103,Farmed fish,rohu; carp; tilapia; catfish,System,4,SYS_032,"Aquaculture system based on fish species raised in ponds, cages, or tanks within an aquaculture system.",AGROVOC: fish culture,Rationale,Adaptation,Adaptation-conditional,"System is exposed to a climate hazard, OR is acted on by a hazard-addressing intervention, OR benefits from a qualifying outcome or an adaptation-specific impact; NOT adaptation when named only as the sector or commodity of work, with no exposure and no hazard-addressing action on it.",n/a,FALSE,PRMS pilot,current,5.0.0-draft
SYS_037,https://mlolita26.github.io/cgiar-climate-taxonomy/terms/SYS_037,Seaweed,macroalgae,System,3,SYS_029,"Aquatic system based on the cultivation of marine macroalgae for food, feed, or other products, providing blue-carbon and coastal benefits.",FAO Fisheries and Aquaculture (seaweed culture),Rationale,Adaptation,Adaptation-conditional,"System is exposed to a climate hazard, OR is acted on by a hazard-addressing intervention, OR benefits from a qualifying outcome or an adaptation-specific impact; NOT adaptation when named only as the sector or commodity of work, with no exposure and no hazard-addressing action on it.",n/a,FALSE,Domain expert,current,5.0.0-draft
SYS_077,https://mlolita26.github.io/cgiar-climate-taxonomy/terms/SYS_077,Capture fishery,wild fishery; capture fisheries,System,3,SYS_029,Aquatic system based on harvesting wild aquatic organisms from marine or inland waters.,AGROVOC: capture fisheries,Rationale,Adaptation,Adaptation-conditional,"System is exposed to a climate hazard, OR is acted on by a hazard-addressing intervention, OR benefits from a qualifying outcome or an adaptation-specific impact; NOT adaptation when named only as the sector or commodity of work, with no exposure and no hazard-addressing action on it.",n/a,FALSE,Domain expert,current,5.0.0-draft
SYS_030,https://mlolita26.github.io/cgiar-climate-taxonomy/terms/SYS_030,Inland fishery,freshwater fishery,System,4,SYS_077,"Capture fishery based on harvesting wild aquatic organisms from rivers, lakes, and other freshwater bodies.",FAO SOFIA (inland fisheries),Rationale,Adaptation,Adaptation-conditional,"System is exposed to a climate hazard, OR is acted on by a hazard-addressing intervention, OR benefits from a qualifying outcome or an adaptation-specific impact; NOT adaptation when named only as the sector or commodity of work, with no exposure and no hazard-addressing action on it.",n/a,FALSE,Domain expert,current,5.0.0-draft
SYS_031,https://mlolita26.github.io/cgiar-climate-taxonomy/terms/SYS_031,Marine fishery,ocean fishery,System,4,SYS_077,Capture fishery based on harvesting wild aquatic organisms from marine and coastal waters.,FAO SOFIA (marine fisheries),Rationale,Adaptation,Adaptation-conditional,"System is exposed to a climate hazard, OR is acted on by a hazard-addressing intervention, OR benefits from a qualifying outcome or an adaptation-specific impact; NOT adaptation when named only as the sector or commodity of work, with no exposure and no hazard-addressing action on it.",n/a,FALSE,Domain expert,current,5.0.0-draft
SYS_086,https://mlolita26.github.io/cgiar-climate-taxonomy/terms/SYS_086,Microalgae,microalgal system,System,3,SYS_029,"Aquatic system based on the cultivation of microalgae for food, feed, or other products, providing carbon-capture potential.",FAO Fisheries and Aquaculture (microalgae culture),Rationale,Adaptation,Adaptation-conditional,"System is exposed to a climate hazard, OR is acted on by a hazard-addressing intervention, OR benefits from a qualifying outcome or an adaptation-specific impact; NOT adaptation when named only as the sector or commodity of work, with no exposure and no hazard-addressing action on it.",n/a,FALSE,Domain expert; Restructure (v5),current,5.0.0-draft
SYS_039,https://mlolita26.github.io/cgiar-climate-taxonomy/terms/SYS_039,Natural ecosystem,natural system,System,1,,"Complex of organisms and their physical environment forming a functioning whole, whose structure, functions, and services may be exposed.",AGROVOC: ecosystems,Rationale,Adaptation,Adaptation-conditional,"System is exposed to a climate hazard, OR is acted on by a hazard-addressing intervention, OR benefits from a qualifying outcome or an adaptation-specific impact; NOT adaptation when named only as the sector or commodity of work, with no exposure and no hazard-addressing action on it.",n/a,FALSE,Domain expert,current,5.0.0-draft
SYS_040,https://mlolita26.github.io/cgiar-climate-taxonomy/terms/SYS_040,Forest,Forest landscape,System,2,SYS_039,"Natural ecosystem dominated by trees and associated woody vegetation, providing biomass, biodiversity, and regulating services.",AGROVOC: forests,Rationale,Adaptation,Adaptation-conditional,"System is exposed to a climate hazard, OR is acted on by a hazard-addressing intervention, OR benefits from a qualifying outcome or an adaptation-specific impact; NOT adaptation when named only as the sector or commodity of work, with no exposure and no hazard-addressing action on it.",n/a,FALSE,Domain expert,current,5.0.0-draft
SYS_041,https://mlolita26.github.io/cgiar-climate-taxonomy/terms/SYS_041,Tropical forest,tropical rainforest,System,3,SYS_040,Forest ecosystem of the humid tropics characterised by high biomass and biodiversity.,IPCC SRCCL (Climate Change and Land),Rationale,Adaptation,Adaptation-conditional,"System is exposed to a climate hazard, OR is acted on by a hazard-addressing intervention, OR benefits from a qualifying outcome or an adaptation-specific impact; NOT adaptation when named only as the sector or commodity of work, with no exposure and no hazard-addressing action on it.",n/a,FALSE,Domain expert,current,5.0.0-draft
SYS_042,https://mlolita26.github.io/cgiar-climate-taxonomy/terms/SYS_042,Boreal and temperate forest,temperate forest; boreal forest,System,3,SYS_040,Forest ecosystem of high-latitude (boreal) and mid-latitude (temperate) zones.,IPCC AR6 WGII,Rationale,Adaptation,Adaptation-conditional,"System is exposed to a climate hazard, OR is acted on by a hazard-addressing intervention, OR benefits from a qualifying outcome or an adaptation-specific impact; NOT adaptation when named only as the sector or commodity of work, with no exposure and no hazard-addressing action on it.",n/a,FALSE,Domain expert,current,5.0.0-draft
SYS_043,https://mlolita26.github.io/cgiar-climate-taxonomy/terms/SYS_043,Mangrove forest,mangrove,System,3,SYS_040,"Coastal forest ecosystem of salt-tolerant trees in intertidal zones, providing blue-carbon storage and coastal protection while exposed to sea-level rise, storm surge, and warming.",IPCC SROCC (blue carbon ecosystems),Rationale,Adaptation,Adaptation-conditional,"System is exposed to a climate hazard, OR is acted on by a hazard-addressing intervention, OR benefits from a qualifying outcome or an adaptation-specific impact; NOT adaptation when named only as the sector or commodity of work, with no exposure and no hazard-addressing action on it.",n/a,FALSE,Domain expert,current,5.0.0-draft
SYS_044,https://mlolita26.github.io/cgiar-climate-taxonomy/terms/SYS_044,Grassland,,System,2,SYS_039,Natural ecosystem dominated by herbaceous and grass vegetation that provides forage for grazing.,AGROVOC: grasslands,Rationale,Adaptation,Adaptation-conditional,"System is exposed to a climate hazard, OR is acted on by a hazard-addressing intervention, OR benefits from a qualifying outcome or an adaptation-specific impact; NOT adaptation when named only as the sector or commodity of work, with no exposure and no hazard-addressing action on it.",n/a,FALSE,Domain expert,current,5.0.0-draft
SYS_045,https://mlolita26.github.io/cgiar-climate-taxonomy/terms/SYS_045,Wetland,marsh; swamp,System,2,SYS_039,"Natural ecosystem in which land is saturated or covered by water permanently or seasonally, providing water regulation, biodiversity, and carbon storage.",Ramsar Convention on Wetlands; IPCC AR6 WGII,Rationale,Adaptation,Adaptation-conditional,"System is exposed to a climate hazard, OR is acted on by a hazard-addressing intervention, OR benefits from a qualifying outcome or an adaptation-specific impact; NOT adaptation when named only as the sector or commodity of work, with no exposure and no hazard-addressing action on it.",n/a,FALSE,Domain expert,current,5.0.0-draft
SYS_046,https://mlolita26.github.io/cgiar-climate-taxonomy/terms/SYS_046,Peatland,peat bog; mire,System,3,SYS_045,"Wetland ecosystem with waterlogged, organic peat soils that store large carbon stocks.",IPCC 2013 Wetlands Supplement,Rationale,Adaptation,Adaptation-conditional,"System is exposed to a climate hazard, OR is acted on by a hazard-addressing intervention, OR benefits from a qualifying outcome or an adaptation-specific impact; NOT adaptation when named only as the sector or commodity of work, with no exposure and no hazard-addressing action on it.",n/a,FALSE,Domain expert,current,5.0.0-draft
SYS_047,https://mlolita26.github.io/cgiar-climate-taxonomy/terms/SYS_047,Coastal wetland,tidal wetland,System,3,SYS_045,"Wetland ecosystem in the intertidal or near-shore coastal zone (e.g. salt marsh, seagrass meadow) that stores blue carbon and buffers coasts, exposed to sea-level rise, warming, and storm surge.",IPCC SROCC (coastal wetlands / blue carbon),Rationale,Adaptation,Adaptation-conditional,"System is exposed to a climate hazard, OR is acted on by a hazard-addressing intervention, OR benefits from a qualifying outcome or an adaptation-specific impact; NOT adaptation when named only as the sector or commodity of work, with no exposure and no hazard-addressing action on it.",n/a,FALSE,Domain expert,current,5.0.0-draft
SYS_117,https://mlolita26.github.io/cgiar-climate-taxonomy/terms/SYS_117,Constructed wetland,treatment wetland,System,3,SYS_045,"Wetland engineered to mimic natural wetland processes, using vegetation, soils and microbial assemblages to treat wastewater, manage stormwater runoff, create wildlife habitats and provide other ecosystem services.",AGROVOC: constructed wetlands (c_331329); Ramsar Convention Art. 1.1 (wetland),Rationale,Adaptation,Adaptation-conditional,"System is exposed to a climate hazard, OR is acted on by a hazard-addressing intervention, OR benefits from a qualifying outcome or an adaptation-specific impact; NOT adaptation when named only as the sector or commodity of work, with no exposure and no hazard-addressing action on it.",n/a,FALSE,Restructure (v5),current,5.0.0-draft
SYS_048,https://mlolita26.github.io/cgiar-climate-taxonomy/terms/SYS_048,Dryland,arid and semi-arid land,System,2,SYS_039,"Natural ecosystem of arid, semi-arid, and dry sub-humid zones characterised by limited and variable water.",IPCC SRCCL; UNCCD,Rationale,Adaptation,Adaptation-conditional,"System is exposed to a climate hazard, OR is acted on by a hazard-addressing intervention, OR benefits from a qualifying outcome or an adaptation-specific impact; NOT adaptation when named only as the sector or commodity of work, with no exposure and no hazard-addressing action on it.",n/a,FALSE,Domain expert,current,5.0.0-draft
SYS_050,https://mlolita26.github.io/cgiar-climate-taxonomy/terms/SYS_050,Coastal zone,coastal area,System,2,SYS_039,"Natural ecosystem at the land-sea interface comprising shorelines, estuaries, and near-shore waters.",IPCC SROCC Ch.4 (coastal zones),Rationale,Adaptation,Adaptation-conditional,"System is exposed to a climate hazard, OR is acted on by a hazard-addressing intervention, OR benefits from a qualifying outcome or an adaptation-specific impact; NOT adaptation when named only as the sector or commodity of work, with no exposure and no hazard-addressing action on it.",n/a,FALSE,Domain expert,current,5.0.0-draft
SYS_051,https://mlolita26.github.io/cgiar-climate-taxonomy/terms/SYS_051,Mountain,montane area,System,2,SYS_039,"Natural ecosystem comprising high-relief, steeply sloping terrain at elevation, with pronounced altitudinal zonation and snow- and ice-influenced hydrology.",IPCC SROCC Ch.2 (high mountain areas),Rationale,Adaptation,Adaptation-conditional,"System is exposed to a climate hazard, OR is acted on by a hazard-addressing intervention, OR benefits from a qualifying outcome or an adaptation-specific impact; NOT adaptation when named only as the sector or commodity of work, with no exposure and no hazard-addressing action on it.",n/a,FALSE,Domain expert,current,5.0.0-draft
SYS_052,https://mlolita26.github.io/cgiar-climate-taxonomy/terms/SYS_052,Soil biome,soil ecosystem,System,2,SYS_039,"Natural ecosystem comprising the community of organisms living in soil that drives nutrient cycling, decomposition, and soil structure.",AGROVOC: soil organisms (c_33552),Rationale,Adaptation,Adaptation-conditional,"System is exposed to a climate hazard, OR is acted on by a hazard-addressing intervention, OR benefits from a qualifying outcome or an adaptation-specific impact; NOT adaptation when named only as the sector or commodity of work, with no exposure and no hazard-addressing action on it.",n/a,FALSE,Domain expert,current,5.0.0-draft
SYS_053,https://mlolita26.github.io/cgiar-climate-taxonomy/terms/SYS_053,Protected area,conservation area,System,2,SYS_039,"Natural ecosystem within a clearly defined area managed for the long-term conservation of nature and associated ecosystem services, whose biodiversity may be exposed.",IUCN protected area definition; CBD,Rationale,Adaptation,Adaptation-conditional,"System is exposed to a climate hazard, OR is acted on by a hazard-addressing intervention, OR benefits from a qualifying outcome or an adaptation-specific impact; NOT adaptation when named only as the sector or commodity of work, with no exposure and no hazard-addressing action on it.",n/a,FALSE,Domain expert,current,5.0.0-draft
SYS_054,https://mlolita26.github.io/cgiar-climate-taxonomy/terms/SYS_054,Biodiversity corridor,ecological corridor; wildlife corridor,System,2,SYS_039,"Natural ecosystem comprising a connecting strip of habitat that links separated areas to allow species movement, supporting climate-driven range shifts and ecosystem resilience.",CBD (ecological corridors); AGROVOC: corridors,Rationale,Adaptation,Adaptation-conditional,"System is exposed to a climate hazard, OR is acted on by a hazard-addressing intervention, OR benefits from a qualifying outcome or an adaptation-specific impact; NOT adaptation when named only as the sector or commodity of work, with no exposure and no hazard-addressing action on it.",n/a,FALSE,Domain expert,current,5.0.0-draft
SYS_080,https://mlolita26.github.io/cgiar-climate-taxonomy/terms/SYS_080,River basin,drainage basin,System,2,SYS_039,"Natural ecosystem comprising the area of land drained by a river and its tributaries, whose land and water condition governs flow regimes.",Integrated Water Resources Management (IWRM),Rationale,Adaptation,Adaptation-conditional,"System is exposed to a climate hazard, OR is acted on by a hazard-addressing intervention, OR benefits from a qualifying outcome or an adaptation-specific impact; NOT adaptation when named only as the sector or commodity of work, with no exposure and no hazard-addressing action on it.",n/a,FALSE,Domain expert; Restructure (v5),current,5.0.0-draft
SYS_049,https://mlolita26.github.io/cgiar-climate-taxonomy/terms/SYS_049,Watershed,catchment,System,3,SYS_080,Sub-area of a river basin draining to a common outlet; a distinct hydrological unit within the larger basin.,AGROVOC: watersheds (Integrated Water Resources Management),Rationale,Adaptation,Adaptation-conditional,"System is exposed to a climate hazard, OR is acted on by a hazard-addressing intervention, OR benefits from a qualifying outcome or an adaptation-specific impact; NOT adaptation when named only as the sector or commodity of work, with no exposure and no hazard-addressing action on it.",n/a,FALSE,Domain expert; Lexicon consensus,current,5.0.0-draft
SYS_081,https://mlolita26.github.io/cgiar-climate-taxonomy/terms/SYS_081,Delta,,System,2,SYS_039,"Natural ecosystem formed where a river deposits sediment as it enters a sea or lake, providing fertile land and habitat while highly exposed to sea-level rise, subsidence, flooding, and salinity intrusion.",IPCC SROCC Ch.4 (deltas),Rationale,Adaptation,Adaptation-conditional,"System is exposed to a climate hazard, OR is acted on by a hazard-addressing intervention, OR benefits from a qualifying outcome or an adaptation-specific impact; NOT adaptation when named only as the sector or commodity of work, with no exposure and no hazard-addressing action on it.",n/a,FALSE,Domain expert; Restructure (v5),current,5.0.0-draft
SYS_082,https://mlolita26.github.io/cgiar-climate-taxonomy/terms/SYS_082,Highland,,System,2,SYS_039,"Natural ecosystem comprising elevated plateau or upland of high altitude but lower relief than mountains, supporting distinct upland cropping and grazing systems.",IPCC SROCC Ch.2 (high mountain areas),Rationale,Adaptation,Adaptation-conditional,"System is exposed to a climate hazard, OR is acted on by a hazard-addressing intervention, OR benefits from a qualifying outcome or an adaptation-specific impact; NOT adaptation when named only as the sector or commodity of work, with no exposure and no hazard-addressing action on it.",n/a,FALSE,Domain expert; Restructure (v5),current,5.0.0-draft
SYS_087,https://mlolita26.github.io/cgiar-climate-taxonomy/terms/SYS_087,Savanna,,System,2,SYS_039,"Natural ecosystem of tropical and subtropical zones characterised by a grass-dominated layer with scattered trees, providing grazing and biodiversity.",AGROVOC: savannahs,Rationale,Adaptation,Adaptation-conditional,"System is exposed to a climate hazard, OR is acted on by a hazard-addressing intervention, OR benefits from a qualifying outcome or an adaptation-specific impact; NOT adaptation when named only as the sector or commodity of work, with no exposure and no hazard-addressing action on it.",n/a,FALSE,Domain expert; Restructure (v5),current,5.0.0-draft
SYS_106,https://mlolita26.github.io/cgiar-climate-taxonomy/terms/SYS_106,Floodplain,floodplain ecosystem,System,2,SYS_039,"Natural ecosystem comprising low-lying land adjacent to rivers or lakes that is periodically inundated, supporting flood-recession agriculture, grazing and fisheries.",AGROVOC: floodplains,Rationale,Adaptation,Adaptation-conditional,"System is exposed to a climate hazard, OR is acted on by a hazard-addressing intervention, OR benefits from a qualifying outcome or an adaptation-specific impact; NOT adaptation when named only as the sector or commodity of work, with no exposure and no hazard-addressing action on it.",n/a,FALSE,Restructure (v5),current,5.0.0-draft
SYS_055,https://mlolita26.github.io/cgiar-climate-taxonomy/terms/SYS_055,Food system,market system; agrifood system; Blue food system,System,1,,"System comprising the actors, activities, and interactions involved in the production, aggregation, processing, distribution, consumption, and disposal of food, together with the broader environments and outcomes they generate, whose components are exposed.",FAO/HLPE Report 12 (2017),Rationale,Adaptation,Adaptation-conditional,"System is exposed to a climate hazard, OR is acted on by a hazard-addressing intervention, OR benefits from a qualifying outcome or an adaptation-specific impact; NOT adaptation when named only as the sector or commodity of work, with no exposure and no hazard-addressing action on it.",n/a,FALSE,Domain expert; Lexicon consensus,current,5.0.0-draft
SYS_062,https://mlolita26.github.io/cgiar-climate-taxonomy/terms/SYS_062,Urban and peri-urban food system,urban food system,System,2,SYS_055,"Food system situated in and around cities that supplies food to urban populations through urban and peri-urban production, markets, and distribution.",FAO Milan Urban Food Policy Pact,Rationale,Adaptation,Adaptation-conditional,"System is exposed to a climate hazard, OR is acted on by a hazard-addressing intervention, OR benefits from a qualifying outcome or an adaptation-specific impact; NOT adaptation when named only as the sector or commodity of work, with no exposure and no hazard-addressing action on it.",n/a,FALSE,Domain expert,current,5.0.0-draft
SYS_065,https://mlolita26.github.io/cgiar-climate-taxonomy/terms/SYS_065,Indigenous food system,traditional food system,System,2,SYS_055,"Food system based on the food cultures, knowledge, and practices of Indigenous Peoples, drawing on local biodiversity and traditional management, and exposed.",FAO Indigenous Peoples' food systems,Rationale,Adaptation,Adaptation-conditional,"System is exposed to a climate hazard, OR is acted on by a hazard-addressing intervention, OR benefits from a qualifying outcome or an adaptation-specific impact; NOT adaptation when named only as the sector or commodity of work, with no exposure and no hazard-addressing action on it.",n/a,FALSE,Domain expert,current,5.0.0-draft
SYS_089,https://mlolita26.github.io/cgiar-climate-taxonomy/terms/SYS_089,Local food system,local food network,System,2,SYS_055,"Food system in which food is produced, processed, and distributed within a defined local area through short supply chains linking nearby producers and consumers.",FAO/HLPE Report 12 (2017),Rationale,Adaptation,Adaptation-conditional,"System is exposed to a climate hazard, OR is acted on by a hazard-addressing intervention, OR benefits from a qualifying outcome or an adaptation-specific impact; NOT adaptation when named only as the sector or commodity of work, with no exposure and no hazard-addressing action on it.",n/a,FALSE,Domain expert,current,5.0.0-draft
SYS_067,https://mlolita26.github.io/cgiar-climate-taxonomy/terms/SYS_067,Livelihood system,diversified rural livelihood,System,1,,"System comprising the capabilities, assets, activities, and social relations through which households and communities make a living and pursue wellbeing, and which is exposed.",FAO/IFAD sustainable livelihoods framework,Rationale,Adaptation,Adaptation-conditional,"System is exposed to a climate hazard, OR is acted on by a hazard-addressing intervention, OR benefits from a qualifying outcome or an adaptation-specific impact; NOT adaptation when named only as the sector or commodity of work, with no exposure and no hazard-addressing action on it.",n/a,FALSE,Domain expert,current,5.0.0-draft
SYS_068,https://mlolita26.github.io/cgiar-climate-taxonomy/terms/SYS_068,Smallholder farming livelihood,smallholder livelihood,System,2,SYS_067,"Livelihood system through which smallholder households make a living using their own capabilities, assets, and farming activities on small landholdings, and which is exposed.",AGROVOC: smallholders,Rationale,Adaptation,Adaptation-conditional,"System is exposed to a climate hazard, OR is acted on by a hazard-addressing intervention, OR benefits from a qualifying outcome or an adaptation-specific impact; NOT adaptation when named only as the sector or commodity of work, with no exposure and no hazard-addressing action on it.",n/a,FALSE,Domain expert,current,5.0.0-draft
SYS_069,https://mlolita26.github.io/cgiar-climate-taxonomy/terms/SYS_069,Pastoral livelihood,pastoralist livelihood,System,2,SYS_067,"Livelihood system through which pastoral households make a living by keeping livestock on rangelands, drawing on their herding knowledge, mobility, and assets, and which is exposed and sensitive to drought and rangeland degradation.",AGROVOC: pastoralism,Rationale,Adaptation,Adaptation-conditional,"System is exposed to a climate hazard, OR is acted on by a hazard-addressing intervention, OR benefits from a qualifying outcome or an adaptation-specific impact; NOT adaptation when named only as the sector or commodity of work, with no exposure and no hazard-addressing action on it.",n/a,FALSE,Domain expert,current,5.0.0-draft
SYS_070,https://mlolita26.github.io/cgiar-climate-taxonomy/terms/SYS_070,Fishing livelihood,Fisherfolk livelihood,System,2,SYS_067,"Livelihood system through which fishing and fish-farming households make a living from aquatic resources, drawing on their skills and assets, and which is exposed.",FAO SOFIA (fisheries livelihoods),Rationale,Adaptation,Adaptation-conditional,"System is exposed to a climate hazard, OR is acted on by a hazard-addressing intervention, OR benefits from a qualifying outcome or an adaptation-specific impact; NOT adaptation when named only as the sector or commodity of work, with no exposure and no hazard-addressing action on it.",n/a,FALSE,Domain expert,current,5.0.0-draft
SYS_071,https://mlolita26.github.io/cgiar-climate-taxonomy/terms/SYS_071,Forest-dependent livelihood,forest-based livelihood,System,2,SYS_067,"Livelihood system through which households make a living from forest goods and services, drawing on their knowledge and access to forest resources, and which is exposed.",FAO Forest Resources Assessment (FRA),Rationale,Adaptation,Adaptation-conditional,"System is exposed to a climate hazard, OR is acted on by a hazard-addressing intervention, OR benefits from a qualifying outcome or an adaptation-specific impact; NOT adaptation when named only as the sector or commodity of work, with no exposure and no hazard-addressing action on it.",n/a,FALSE,Domain expert,current,5.0.0-draft
SYS_072,https://mlolita26.github.io/cgiar-climate-taxonomy/terms/SYS_072,Agricultural labour,farm labour; agricultural worker,System,2,SYS_067,"Livelihood system based on selling agricultural labour for wages, in which workers depend on farm employment that is exposed.",ILO (agricultural workers / decent work),Rationale,Adaptation,Adaptation-conditional,"System is exposed to a climate hazard, OR is acted on by a hazard-addressing intervention, OR benefits from a qualifying outcome or an adaptation-specific impact; NOT adaptation when named only as the sector or commodity of work, with no exposure and no hazard-addressing action on it.",n/a,FALSE,Domain expert,current,5.0.0-draft
SYS_073,https://mlolita26.github.io/cgiar-climate-taxonomy/terms/SYS_073,Rural livelihood,rural household livelihood,System,2,SYS_067,"Livelihood system through which rural households make a living from a mix of farm and non-farm activities, assets, and social relations, and which is exposed.",IFAD Rural Development Report,Rationale,Adaptation,Adaptation-conditional,"System is exposed to a climate hazard, OR is acted on by a hazard-addressing intervention, OR benefits from a qualifying outcome or an adaptation-specific impact; NOT adaptation when named only as the sector or commodity of work, with no exposure and no hazard-addressing action on it.",n/a,FALSE,Domain expert,current,5.0.0-draft
SYS_088,https://mlolita26.github.io/cgiar-climate-taxonomy/terms/SYS_088,Aquaculture livelihood,fish-farming livelihood,System,2,SYS_067,"Livelihood system through which households make a living by farming aquatic organisms, drawing on their skills and assets, and which is exposed.",FAO SOFIA (aquaculture livelihoods),Rationale,Adaptation,Adaptation-conditional,"System is exposed to a climate hazard, OR is acted on by a hazard-addressing intervention, OR benefits from a qualifying outcome or an adaptation-specific impact; NOT adaptation when named only as the sector or commodity of work, with no exposure and no hazard-addressing action on it.",n/a,FALSE,Domain expert; Restructure (v5),current,5.0.0-draft
SYS_075,https://mlolita26.github.io/cgiar-climate-taxonomy/terms/SYS_075,Mixed system,integrated system; Integrated farming system; Mixed farming system,System,2,SYS_115,"Production system combining crop and animal (and sometimes tree) production on the same farm, using their interactions to spread and manage climate and production risk.",AGROVOC: mixed farming,Rationale,Adaptation,Adaptation-conditional,"System is exposed to a climate hazard, OR is acted on by a hazard-addressing intervention, OR benefits from a qualifying outcome or an adaptation-specific impact; NOT adaptation when named only as the sector or commodity of work, with no exposure and no hazard-addressing action on it.",n/a,FALSE,Domain expert,current,5.0.0-draft
SYS_038,https://mlolita26.github.io/cgiar-climate-taxonomy/terms/SYS_038,Integrated fish-farming,integrated aquaculture-agriculture; aquaculture-crop integration,System,3,SYS_075,"Mixed system that integrates fish farming with crop or livestock production on the same farm, recycling nutrients and water between components to diversify production and buffer climate risk.",FAO integrated agriculture-aquaculture (IAA),Rationale,Adaptation,Adaptation-conditional,"System is exposed to a climate hazard, OR is acted on by a hazard-addressing intervention, OR benefits from a qualifying outcome or an adaptation-specific impact; NOT adaptation when named only as the sector or commodity of work, with no exposure and no hazard-addressing action on it.",n/a,FALSE,Domain expert,current,5.0.0-draft
SYS_027,https://mlolita26.github.io/cgiar-climate-taxonomy/terms/SYS_027,Mixed crop-livestock system,crop-livestock system,System,3,SYS_075,"Mixed system that integrates crop and livestock production so that the outputs of one support the other, buffering exposure to climate variability.",AGROVOC: integrated crop-livestock systems,Rationale,Adaptation,Adaptation-conditional,"System is exposed to a climate hazard, OR is acted on by a hazard-addressing intervention, OR benefits from a qualifying outcome or an adaptation-specific impact; NOT adaptation when named only as the sector or commodity of work, with no exposure and no hazard-addressing action on it.",n/a,FALSE,Domain expert,current,5.0.0-draft
SYS_076,https://mlolita26.github.io/cgiar-climate-taxonomy/terms/SYS_076,Mixed crop-tree system,agrosilviculture; crop-tree system,System,3,SYS_075,"Mixed system (agroforestry) combining trees with crops and/or livestock on the same land, providing shade, soil, and microclimate benefits that buffer climate stress.",AGROVOC: agroforestry,Rationale,Adaptation,Adaptation-conditional,"System is exposed to a climate hazard, OR is acted on by a hazard-addressing intervention, OR benefits from a qualifying outcome or an adaptation-specific impact; NOT adaptation when named only as the sector or commodity of work, with no exposure and no hazard-addressing action on it.",n/a,FALSE,Domain expert,current,5.0.0-draft
SYS_116,https://mlolita26.github.io/cgiar-climate-taxonomy/terms/SYS_116,Silvopastoral system,silvopasture; silvopastoral; silvopastoral production system,System,4,SYS_076,"Mixed crop-tree system including trees or shrubs, and pastures or animals, in some form of spatial arrangement or temporal sequence.",AGROVOC: silvopastoral systems (c_16097) - scope note,Rationale,Adaptation,Adaptation-conditional,"System is exposed to a climate hazard, OR is acted on by a hazard-addressing intervention, OR benefits from a qualifying outcome or an adaptation-specific impact; NOT adaptation when named only as the sector or commodity of work, with no exposure and no hazard-addressing action on it.",n/a,FALSE,Restructure (v5),current,5.0.0-draft
SYS_056,https://mlolita26.github.io/cgiar-climate-taxonomy/terms/SYS_056,Food production,primary production,System,1,,"Stage of the food system in which primary food products are generated through crop, livestock, fishery, aquaculture and gathering systems.",AGROVOC: food production,Rationale,Adaptation,Adaptation-conditional,"System is exposed to a climate hazard, OR is acted on by a hazard-addressing intervention, OR benefits from a qualifying outcome or an adaptation-specific impact; NOT adaptation when named only as the sector or commodity of work, with no exposure and no hazard-addressing action on it.",n/a,FALSE,Domain expert,current,5.0.0-draft
SYS_057,https://mlolita26.github.io/cgiar-climate-taxonomy/terms/SYS_057,Food aggregation,aggregation; bulking,System,1,,"Stage of the food system in which food from multiple producers is assembled, bulked and consolidated for onward storage, processing or distribution.",FAO food value chains,Rationale,Adaptation,Adaptation-conditional,"System is exposed to a climate hazard, OR is acted on by a hazard-addressing intervention, OR benefits from a qualifying outcome or an adaptation-specific impact; NOT adaptation when named only as the sector or commodity of work, with no exposure and no hazard-addressing action on it.",n/a,FALSE,Domain expert,current,5.0.0-draft
SYS_058,https://mlolita26.github.io/cgiar-climate-taxonomy/terms/SYS_058,Food processing,agro-processing; value addition,System,1,,"Stage of the food system in which raw agricultural products are transformed into food products through cleaning, preservation and manufacturing.",FAO food value chains (food processing),Rationale,Adaptation,Adaptation-conditional,"System is exposed to a climate hazard, OR is acted on by a hazard-addressing intervention, OR benefits from a qualifying outcome or an adaptation-specific impact; NOT adaptation when named only as the sector or commodity of work, with no exposure and no hazard-addressing action on it.",n/a,FALSE,Domain expert,current,5.0.0-draft
SYS_059,https://mlolita26.github.io/cgiar-climate-taxonomy/terms/SYS_059,Food distribution,food logistics,System,1,,"Stage of the food system in which food is stored, transported and moved from producers and processors to markets and consumers.",AGROVOC: nomadism,Rationale,Adaptation,Adaptation-conditional,"System is exposed to a climate hazard, OR is acted on by a hazard-addressing intervention, OR benefits from a qualifying outcome or an adaptation-specific impact; NOT adaptation when named only as the sector or commodity of work, with no exposure and no hazard-addressing action on it.",n/a,FALSE,Domain expert,current,5.0.0-draft
SYS_060,https://mlolita26.github.io/cgiar-climate-taxonomy/terms/SYS_060,Food retail,food retailing,System,1,,"Stage of the food system in which food is sold to final consumers through markets, shops and other outlets.",AGROVOC: retail marketing (c_6536); FAO/HLPE Report 12 (2017),Rationale,Adaptation,Adaptation-conditional,"System is exposed to a climate hazard, OR is acted on by a hazard-addressing intervention, OR benefits from a qualifying outcome or an adaptation-specific impact; NOT adaptation when named only as the sector or commodity of work, with no exposure and no hazard-addressing action on it.",n/a,FALSE,Domain expert,current,5.0.0-draft
SYS_074,https://mlolita26.github.io/cgiar-climate-taxonomy/terms/SYS_074,Food environment,,System,1,,"Consumer-facing component of the food system - the physical, economic, social and political context in which consumers acquire, prepare and consume food - shaping access and diets and influenced by climate hazards affecting supply and prices.",FAO/HLPE Report 12 (2017) - food environment,Rationale,Adaptation,Adaptation-conditional,"System is exposed to a climate hazard, OR is acted on by a hazard-addressing intervention, OR benefits from a qualifying outcome or an adaptation-specific impact; NOT adaptation when named only as the sector or commodity of work, with no exposure and no hazard-addressing action on it.",n/a,FALSE,Domain expert,current,5.0.0-draft
SYS_083,https://mlolita26.github.io/cgiar-climate-taxonomy/terms/SYS_083,Post-harvest handling,post-harvest management; Post-harvest storage management,System,1,,"Stage of the food system in which food is dried, cleaned, sorted, stored and packaged after harvest.",FAO post-harvest management,Rationale,Adaptation,Adaptation-conditional,"System is exposed to a climate hazard, OR is acted on by a hazard-addressing intervention, OR benefits from a qualifying outcome or an adaptation-specific impact; NOT adaptation when named only as the sector or commodity of work, with no exposure and no hazard-addressing action on it.",n/a,FALSE,Domain expert; Restructure (v5),current,5.0.0-draft
SYS_084,https://mlolita26.github.io/cgiar-climate-taxonomy/terms/SYS_084,Food trade,,System,1,,Stage of the food system in which food commodities are exchanged between domestic and international markets.,FAO food value chains; FAO agricultural trade,Rationale,Adaptation,Adaptation-conditional,"System is exposed to a climate hazard, OR is acted on by a hazard-addressing intervention, OR benefits from a qualifying outcome or an adaptation-specific impact; NOT adaptation when named only as the sector or commodity of work, with no exposure and no hazard-addressing action on it.",n/a,FALSE,Domain expert; Restructure (v5),current,5.0.0-draft
SYS_085,https://mlolita26.github.io/cgiar-climate-taxonomy/terms/SYS_085,Food consumption,dietary consumption,System,1,,"Stage of the food system in which food is acquired, prepared and eaten by households and individuals; influenced by climate hazards affecting availability, access and prices.",AGROVOC: food consumption,Rationale,Adaptation,Adaptation-conditional,"System is exposed to a climate hazard, OR is acted on by a hazard-addressing intervention, OR benefits from a qualifying outcome or an adaptation-specific impact; NOT adaptation when named only as the sector or commodity of work, with no exposure and no hazard-addressing action on it.",n/a,FALSE,Domain expert; Restructure (v5),current,5.0.0-draft
SYS_090,https://mlolita26.github.io/cgiar-climate-taxonomy/terms/SYS_090,"Agriculture, forestry and other land use",AFOLU,System,1,,"Land-based sector, defined for greenhouse gas accounting, comprising agriculture, forestry, and other land use.",IPCC,Rationale,Mitigation,n/a,n/a (mitigation),Mitigation-specific,FALSE,Lexicon consensus,current,5.0.0-draft
SYS_091,https://mlolita26.github.io/cgiar-climate-taxonomy/terms/SYS_091,"Land use, land-use change and forestry",LULUCF,System,1,,"Land-based sector covering greenhouse gas fluxes from land use, changes in land use, and forestry activities.",IPCC,Rationale,Mitigation,n/a,n/a (mitigation),Mitigation-specific,FALSE,Lexicon consensus,current,5.0.0-draft
INT_001,https://mlolita26.github.io/cgiar-climate-taxonomy/terms/INT_001,Genetic resource management,,Intervention,1,,"Intervention encompassing the development, improvement, conservation, and provision of access to genetic materials - crop varieties, livestock breeds, and aquatic species - carrying traits that enhance resilience, productivity, or stability under climate-related stresses.",CGIAR Genebank / Genetic Resources framework,Intervention,Adaptation,Adaptation-conditional,"Intervention addresses a climate hazard, OR produces a qualifying outcome (adaptation-specific or hazard-conditioned), OR produces an adaptation-specific impact; NOT adaptation when done purely for productivity, market, or development with no hazard link and no hazard-referenced result.",n/a,FALSE,Domain expert,current,5.0.0-draft
INT_002,https://mlolita26.github.io/cgiar-climate-taxonomy/terms/INT_002,Breeding,genetic improvement; varietal development,Intervention,1,,"Intervention that develops improved crop varieties, livestock breeds, or aquatic strains through directed selection and recombination.",AGROVOC: plant breeding,Intervention,Adaptation,Adaptation-conditional,"Intervention addresses a climate hazard, OR produces a qualifying outcome (adaptation-specific or hazard-conditioned), OR produces an adaptation-specific impact; NOT adaptation when done purely for productivity, market, or development with no hazard link and no hazard-referenced result.",n/a,FALSE,Domain expert; Lexicon consensus,current,5.0.0-draft
INT_003,https://mlolita26.github.io/cgiar-climate-taxonomy/terms/INT_003,Conventional breeding,classical breeding,Intervention,2,INT_002,"Breeding that improves varieties or breeds through repeated selection and crossing based on observed phenotypes, without molecular or transgenic methods, to combine desirable traits.",AGROVOC: plant breeding,Intervention,Adaptation,Adaptation-conditional,"Intervention addresses a climate hazard, OR produces a qualifying outcome (adaptation-specific or hazard-conditioned), OR produces an adaptation-specific impact; NOT adaptation when done purely for productivity, market, or development with no hazard link and no hazard-referenced result.",n/a,FALSE,Domain expert,current,5.0.0-draft
INT_004,https://mlolita26.github.io/cgiar-climate-taxonomy/terms/INT_004,Marker-assisted selection,MAS,Intervention,2,INT_002,Breeding that uses molecular markers linked to traits of interest to select parents and progeny.,AGROVOC: marker-assisted selection,Intervention,Adaptation,Adaptation-conditional,"Intervention addresses a climate hazard, OR produces a qualifying outcome (adaptation-specific or hazard-conditioned), OR produces an adaptation-specific impact; NOT adaptation when done purely for productivity, market, or development with no hazard link and no hazard-referenced result.",n/a,FALSE,Domain expert,current,5.0.0-draft
INT_005,https://mlolita26.github.io/cgiar-climate-taxonomy/terms/INT_005,Genomic selection,genomic prediction,Intervention,2,INT_002,"Breeding that predicts the breeding value of individuals from genome-wide marker data, enabling faster selection of varieties or breeds with complex climate-adaptive traits.",AGROVOC: genomic selection,Intervention,Adaptation,Adaptation-conditional,"Intervention addresses a climate hazard, OR produces a qualifying outcome (adaptation-specific or hazard-conditioned), OR produces an adaptation-specific impact; NOT adaptation when done purely for productivity, market, or development with no hazard link and no hazard-referenced result.",n/a,FALSE,Domain expert,current,5.0.0-draft
INT_006,https://mlolita26.github.io/cgiar-climate-taxonomy/terms/INT_006,Hybrid breeding,hybrid development,Intervention,2,INT_002,"Breeding that crosses genetically distinct parental lines to produce high-performing F1 hybrids, exploiting heterosis to raise yield and stability under variable climatic conditions.",AGROVOC: hybridization,Intervention,Adaptation,Adaptation-conditional,"Intervention addresses a climate hazard, OR produces a qualifying outcome (adaptation-specific or hazard-conditioned), OR produces an adaptation-specific impact; NOT adaptation when done purely for productivity, market, or development with no hazard link and no hazard-referenced result.",n/a,FALSE,Domain expert,current,5.0.0-draft
INT_008,https://mlolita26.github.io/cgiar-climate-taxonomy/terms/INT_008,Participatory breeding,participatory plant breeding; PPB,Intervention,2,INT_002,"Breeding that engages farmers and other end users directly in selecting and evaluating varieties or breeds, ensuring resulting materials match local conditions and climate adaptation needs.",Bioversity International: participatory plant breeding,Intervention,Adaptation,Adaptation-conditional,"Intervention addresses a climate hazard, OR produces a qualifying outcome (adaptation-specific or hazard-conditioned), OR produces an adaptation-specific impact; NOT adaptation when done purely for productivity, market, or development with no hazard link and no hazard-referenced result.",n/a,FALSE,Domain expert,current,5.0.0-draft
INT_007,https://mlolita26.github.io/cgiar-climate-taxonomy/terms/INT_007,Pre-breeding,,Intervention,2,INT_002,"Breeding that transfers useful traits from wild relatives, landraces, or unadapted germplasm into usable genetic backgrounds, broadening the diversity available for developing climate-resilient varieties.",AGROVOC: pre-breeding,Intervention,Adaptation,Adaptation-conditional,"Intervention addresses a climate hazard, OR produces a qualifying outcome (adaptation-specific or hazard-conditioned), OR produces an adaptation-specific impact; NOT adaptation when done purely for productivity, market, or development with no hazard link and no hazard-referenced result.",n/a,FALSE,Domain expert,current,5.0.0-draft
INT_280,https://mlolita26.github.io/cgiar-climate-taxonomy/terms/INT_280,Breeding pipeline,,Intervention,2,INT_002,Breeding organised as a staged pipeline that advances candidate varieties or breeds from crossing and selection through testing to release.,CGIAR Excellence in Breeding (breeding pipelines),Intervention,Adaptation,Adaptation-conditional,"Intervention addresses a climate hazard, OR produces a qualifying outcome (adaptation-specific or hazard-conditioned), OR produces an adaptation-specific impact; NOT adaptation when done purely for productivity, market, or development with no hazard link and no hazard-referenced result.",n/a,FALSE,Restructure (v5),current,5.0.0-draft
INT_281,https://mlolita26.github.io/cgiar-climate-taxonomy/terms/INT_281,Breeding network,,Intervention,2,INT_002,"Breeding conducted through a coordinated network of programmes, stations and partners that share germplasm, trials and data across locations.",CGIAR breeding networks (portfolio category; no external reference),Intervention,Adaptation,Adaptation-conditional,"Intervention addresses a climate hazard, OR produces a qualifying outcome (adaptation-specific or hazard-conditioned), OR produces an adaptation-specific impact; NOT adaptation when done purely for productivity, market, or development with no hazard link and no hazard-referenced result.",n/a,FALSE,Restructure (v5),current,5.0.0-draft
INT_009,https://mlolita26.github.io/cgiar-climate-taxonomy/terms/INT_009,Genetic resource conservation,germplasm conservation,Intervention,1,,"Intervention that safeguards the genetic diversity of crops, livestock, and aquatic species against loss, preserving traits that may be valuable for adapting to future climate conditions.",AGROVOC: germplasm conservation,Intervention,Adaptation,Adaptation-conditional,"Intervention addresses a climate hazard, OR produces a qualifying outcome (adaptation-specific or hazard-conditioned), OR produces an adaptation-specific impact; NOT adaptation when done purely for productivity, market, or development with no hazard link and no hazard-referenced result.",n/a,FALSE,Domain expert,current,5.0.0-draft
INT_010,https://mlolita26.github.io/cgiar-climate-taxonomy/terms/INT_010,Ex-situ conservation,off-site conservation; genebank conservation; Genebank,Intervention,2,INT_009,"Genetic resource conservation that maintains genetic material away from its natural or production habitat, for example in genebanks, field collections, or in vitro stores.",CBD Article 9 (ex-situ conservation),Intervention,Adaptation,Adaptation-conditional,"Intervention addresses a climate hazard, OR produces a qualifying outcome (adaptation-specific or hazard-conditioned), OR produces an adaptation-specific impact; NOT adaptation when done purely for productivity, market, or development with no hazard link and no hazard-referenced result.",n/a,FALSE,Domain expert; Lexicon consensus,current,5.0.0-draft
INT_011,https://mlolita26.github.io/cgiar-climate-taxonomy/terms/INT_011,In-situ conservation,on-site conservation,Intervention,2,INT_009,Genetic resource conservation that maintains species and genetic diversity within natural habitats and ecosystems where they have developed their distinctive properties.,CBD Article 8 (in-situ conservation),Intervention,Adaptation,Adaptation-conditional,"Intervention addresses a climate hazard, OR produces a qualifying outcome (adaptation-specific or hazard-conditioned), OR produces an adaptation-specific impact; NOT adaptation when done purely for productivity, market, or development with no hazard link and no hazard-referenced result.",n/a,FALSE,Domain expert,current,5.0.0-draft
INT_197,https://mlolita26.github.io/cgiar-climate-taxonomy/terms/INT_197,On-farm conservation,in situ on-farm conservation,Intervention,2,INT_009,"Genetic resource conservation that maintains crop and livestock diversity within the farming systems and landscapes where it has evolved, allowing continued adaptation by farmers to local and changing climatic conditions.",CBD Article 8(j); Bioversity International (on-farm conservation),Intervention,Adaptation,Adaptation-conditional,"Intervention addresses a climate hazard, OR produces a qualifying outcome (adaptation-specific or hazard-conditioned), OR produces an adaptation-specific impact; NOT adaptation when done purely for productivity, market, or development with no hazard link and no hazard-referenced result.",n/a,FALSE,Domain expert,current,5.0.0-draft
INT_012,https://mlolita26.github.io/cgiar-climate-taxonomy/terms/INT_012,Cryopreservation,cryoconservation,Intervention,2,INT_009,"Genetic resource conservation that preserves germplasm such as seeds, tissues, or semen at ultra-low temperatures to maintain viability over long periods.",AGROVOC: cryopreservation,Intervention,Adaptation,Adaptation-conditional,"Intervention addresses a climate hazard, OR produces a qualifying outcome (adaptation-specific or hazard-conditioned), OR produces an adaptation-specific impact; NOT adaptation when done purely for productivity, market, or development with no hazard link and no hazard-referenced result.",n/a,FALSE,Domain expert,current,5.0.0-draft
INT_013,https://mlolita26.github.io/cgiar-climate-taxonomy/terms/INT_013,Safety duplication,safety back-up; black-box duplication,Intervention,2,INT_009,"Genetic resource conservation that stores backup copies of genebank accessions at a separate, secure facility to protect genetic diversity against loss from disaster or institutional failure.",ITPGRFA; Svalbard Global Seed Vault (safety duplication),Intervention,Adaptation,Adaptation-conditional,"Intervention addresses a climate hazard, OR produces a qualifying outcome (adaptation-specific or hazard-conditioned), OR produces an adaptation-specific impact; NOT adaptation when done purely for productivity, market, or development with no hazard link and no hazard-referenced result.",n/a,FALSE,Domain expert,current,5.0.0-draft
OUT_117,https://mlolita26.github.io/cgiar-climate-taxonomy/terms/OUT_117,Germplasm,,Output,1,,"Output comprising any material of plant or animal origin containing functional units of heredity, conserved and exchanged as a resource for breeding.",ITPGRFA Art. 2 (genetic material); FAO,Output,Adaptation,Adaptation-conditional,"Output addresses a climate hazard, OR is produced by a qualifying intervention, OR an adaptation-specific principle or cross-cutting concept applies to it, OR produces a qualifying outcome; NOT adaptation when it is a general product with no climate-risk framing and no adaptation-specific link.",n/a,FALSE,Restructure (v5),current,5.0.0-draft
INT_014,https://mlolita26.github.io/cgiar-climate-taxonomy/terms/INT_014,Germplasm collecting,germplasm collection; plant collecting,Intervention,1,,"Intervention that gathers samples of crop, wild relative, livestock, or aquatic genetic diversity from the field for conservation and use.",Bioversity International; FAO (germplasm collecting),Intervention,Adaptation,Adaptation-conditional,"Intervention addresses a climate hazard, OR produces a qualifying outcome (adaptation-specific or hazard-conditioned), OR produces an adaptation-specific impact; NOT adaptation when done purely for productivity, market, or development with no hazard link and no hazard-referenced result.",n/a,FALSE,Domain expert,current,5.0.0-draft
INT_015,https://mlolita26.github.io/cgiar-climate-taxonomy/terms/INT_015,Germplasm characterization,germplasm evaluation,Intervention,1,,"Intervention that describes and documents the morphological, agronomic, and molecular attributes of germplasm accessions.",FAO Genebank Standards for Plant Genetic Resources,Intervention,Adaptation,Adaptation-conditional,"Intervention addresses a climate hazard, OR produces a qualifying outcome (adaptation-specific or hazard-conditioned), OR produces an adaptation-specific impact; NOT adaptation when done purely for productivity, market, or development with no hazard link and no hazard-referenced result.",n/a,FALSE,Domain expert,current,5.0.0-draft
INT_016,https://mlolita26.github.io/cgiar-climate-taxonomy/terms/INT_016,Germplasm distribution,germplasm exchange,Intervention,1,,"Intervention that supplies germplasm accessions to users such as breeders and researchers, governed by access and benefit-sharing terms.",ITPGRFA Standard Material Transfer Agreement,Intervention,Adaptation,Adaptation-conditional,"Intervention addresses a climate hazard, OR produces a qualifying outcome (adaptation-specific or hazard-conditioned), OR produces an adaptation-specific impact; NOT adaptation when done purely for productivity, market, or development with no hazard link and no hazard-referenced result.",n/a,FALSE,Domain expert,current,5.0.0-draft
INT_017,https://mlolita26.github.io/cgiar-climate-taxonomy/terms/INT_017,Trait discovery,trait identification,Intervention,1,,Intervention that identifies and characterises novel genes or alleles controlling traits of interest.,CGIAR genetic resources portfolio (trait discovery),Intervention,Adaptation,Adaptation-conditional,"Intervention addresses a climate hazard, OR produces a qualifying outcome (adaptation-specific or hazard-conditioned), OR produces an adaptation-specific impact; NOT adaptation when done purely for productivity, market, or development with no hazard link and no hazard-referenced result.",n/a,FALSE,Domain expert,current,5.0.0-draft
INT_018,https://mlolita26.github.io/cgiar-climate-taxonomy/terms/INT_018,Seed multiplication,seed increase; seed production; Forage seed production,Intervention,1,,"Intervention that increases the quantity of seed of a given variety while maintaining its genetic identity and quality, ensuring sufficient supply of climate-adapted planting material.",AGROVOC: seed multiplication,Intervention,Adaptation,Adaptation-conditional,"Intervention addresses a climate hazard, OR produces a qualifying outcome (adaptation-specific or hazard-conditioned), OR produces an adaptation-specific impact; NOT adaptation when done purely for productivity, market, or development with no hazard link and no hazard-referenced result.",n/a,FALSE,Domain expert,current,5.0.0-draft
SYS_107,https://mlolita26.github.io/cgiar-climate-taxonomy/terms/SYS_107,Seed system,,System,1,,"System comprising the actors, channels and institutions through which seed of crop varieties is produced, multiplied, distributed and accessed by farmers, spanning formal and informal channels.",FAO; Integrated Seed Sector Development (ISSD),Rationale,Adaptation,Adaptation-conditional,"System is exposed to a climate hazard, OR is acted on by a hazard-addressing intervention, OR benefits from a qualifying outcome or an adaptation-specific impact; NOT adaptation when named only as the sector or commodity of work, with no exposure and no hazard-addressing action on it.",n/a,FALSE,Restructure (v5),current,5.0.0-draft
SYS_108,https://mlolita26.github.io/cgiar-climate-taxonomy/terms/SYS_108,Irrigated cropland,,System,1,,"Agricultural land equipped for and cultivated under irrigation, where water control shapes cropping intensity and climate exposure.",AGROVOC: irrigated land; FAO AQUASTAT,Rationale,Adaptation,Adaptation-conditional,"System is exposed to a climate hazard, OR is acted on by a hazard-addressing intervention, OR benefits from a qualifying outcome or an adaptation-specific impact; NOT adaptation when named only as the sector or commodity of work, with no exposure and no hazard-addressing action on it.",n/a,FALSE,Restructure (v5),current,5.0.0-draft
SYS_109,https://mlolita26.github.io/cgiar-climate-taxonomy/terms/SYS_109,Farming system,,System,2,SYS_115,"Production system comprising the crops, livestock, trees, labour and resources that a farm household combines and manages as one production and livelihood unit.",FAO (farming systems; Dixon et al. 2001),Rationale,Adaptation,Adaptation-conditional,"System is exposed to a climate hazard, OR is acted on by a hazard-addressing intervention, OR benefits from a qualifying outcome or an adaptation-specific impact; NOT adaptation when named only as the sector or commodity of work, with no exposure and no hazard-addressing action on it.",n/a,FALSE,Restructure (v5),current,5.0.0-draft
SYS_110,https://mlolita26.github.io/cgiar-climate-taxonomy/terms/SYS_110,Multifunctional landscape,,System,1,,"Landscape managed to deliver multiple functions simultaneously - agricultural production, ecosystem services, biodiversity and livelihoods.",FAO (multifunctional landscapes); landscape approach literature,Rationale,Adaptation,Adaptation-conditional,"System is exposed to a climate hazard, OR is acted on by a hazard-addressing intervention, OR benefits from a qualifying outcome or an adaptation-specific impact; NOT adaptation when named only as the sector or commodity of work, with no exposure and no hazard-addressing action on it.",n/a,FALSE,Restructure (v5),current,5.0.0-draft
SYS_111,https://mlolita26.github.io/cgiar-climate-taxonomy/terms/SYS_111,Apiculture,beekeeping,System,2,SYS_115,"Production system based on keeping honey-bee colonies for honey, other hive products and pollination services.",AGROVOC: apiculture,Rationale,Adaptation,Adaptation-conditional,"System is exposed to a climate hazard, OR is acted on by a hazard-addressing intervention, OR benefits from a qualifying outcome or an adaptation-specific impact; NOT adaptation when named only as the sector or commodity of work, with no exposure and no hazard-addressing action on it.",n/a,FALSE,Restructure (v5),current,5.0.0-draft
SYS_112,https://mlolita26.github.io/cgiar-climate-taxonomy/terms/SYS_112,Rangeland,grazing land,System,1,,"Land system dominated by natural or semi-natural grasses, shrubs and open woodland, used primarily for extensive grazing of livestock.",AGROVOC: rangelands; FAO,Rationale,Adaptation,Adaptation-conditional,"System is exposed to a climate hazard, OR is acted on by a hazard-addressing intervention, OR benefits from a qualifying outcome or an adaptation-specific impact; NOT adaptation when named only as the sector or commodity of work, with no exposure and no hazard-addressing action on it.",n/a,FALSE,Restructure (v5),current,5.0.0-draft
SYS_113,https://mlolita26.github.io/cgiar-climate-taxonomy/terms/SYS_113,Supply chain,value chain node; value chain,System,1,,"System comprising the sequence of actors and activities that move an agricultural product from input supply and production through aggregation, processing and distribution to consumption.",FAO food value chains,Rationale,Adaptation,Adaptation-conditional,"System is exposed to a climate hazard, OR is acted on by a hazard-addressing intervention, OR benefits from a qualifying outcome or an adaptation-specific impact; NOT adaptation when named only as the sector or commodity of work, with no exposure and no hazard-addressing action on it.",n/a,FALSE,Restructure (v5),current,5.0.0-draft
SYS_118,https://mlolita26.github.io/cgiar-climate-taxonomy/terms/SYS_118,Seed supply chain,seed value chain,System,2,SYS_113,"Supply chain comprising the network that produces, handles and distributes seed and planting material, encompassing the steps it takes to get it from supplier to farmer.",AGROVOC: supply chains (c_9fbe9719); FAO seed systems (formal and informal seed supply),Rationale,Adaptation,Adaptation-conditional,"System is exposed to a climate hazard, OR is acted on by a hazard-addressing intervention, OR benefits from a qualifying outcome or an adaptation-specific impact; NOT adaptation when named only as the sector or commodity of work, with no exposure and no hazard-addressing action on it.",n/a,FALSE,Restructure (v5),current,5.0.0-draft
INT_019,https://mlolita26.github.io/cgiar-climate-taxonomy/terms/INT_019,Seed system strengthening,seed sector development,Intervention,1,,"Intervention that improves the formal and informal systems through which farmers access quality seed of suitable varieties, expanding the availability of climate-adapted planting material.",FAO; Integrated Seed Sector Development (ISSD),Intervention,Adaptation,Adaptation-conditional,"Intervention addresses a climate hazard, OR produces a qualifying outcome (adaptation-specific or hazard-conditioned), OR produces an adaptation-specific impact; NOT adaptation when done purely for productivity, market, or development with no hazard link and no hazard-referenced result.",n/a,FALSE,Domain expert,current,5.0.0-draft
INT_020,https://mlolita26.github.io/cgiar-climate-taxonomy/terms/INT_020,Variety release,cultivar release,Intervention,1,,"Intervention that formally approves and registers new crop varieties for distribution and cultivation, making improved, climate-adapted materials legally available to farmers.",FAO variety release and registration systems,Intervention,Adaptation,Adaptation-conditional,"Intervention addresses a climate hazard, OR produces a qualifying outcome (adaptation-specific or hazard-conditioned), OR produces an adaptation-specific impact; NOT adaptation when done purely for productivity, market, or development with no hazard link and no hazard-referenced result.",n/a,FALSE,Domain expert,current,5.0.0-draft
INT_198,https://mlolita26.github.io/cgiar-climate-taxonomy/terms/INT_198,Varietal adoption monitoring,variety adoption tracking,Intervention,1,,"Intervention that tracks the spread and uptake of released varieties among farmers, often using DNA fingerprinting, to assess adoption of climate-adapted materials and inform breeding priorities.",CGIAR SPIA: varietal adoption monitoring (DNA fingerprinting),Intervention,Adaptation,Adaptation-conditional,"Intervention addresses a climate hazard, OR produces a qualifying outcome (adaptation-specific or hazard-conditioned), OR produces an adaptation-specific impact; NOT adaptation when done purely for productivity, market, or development with no hazard link and no hazard-referenced result.",n/a,FALSE,Domain expert,current,5.0.0-draft
INT_021,https://mlolita26.github.io/cgiar-climate-taxonomy/terms/INT_021,Genetic resource policy,,Intervention,1,,"Intervention that develops and applies the rules governing access to, exchange of, intellectual property over, and biosafety of genetic resources, enabling their conservation and use for climate adaptation.",ITPGRFA; Nagoya Protocol; Cartagena Protocol,Intervention,Adaptation,Adaptation-conditional,"Intervention addresses a climate hazard, OR produces a qualifying outcome (adaptation-specific or hazard-conditioned), OR produces an adaptation-specific impact; NOT adaptation when done purely for productivity, market, or development with no hazard link and no hazard-referenced result.",n/a,FALSE,Domain expert,current,5.0.0-draft
INT_199,https://mlolita26.github.io/cgiar-climate-taxonomy/terms/INT_199,Access and Benefit Sharing policy,ABS policy; access and benefit-sharing,Intervention,2,INT_021,Genetic resource policy that establishes rules for access to genetic resources and the fair and equitable sharing of benefits arising from their use.,Nagoya Protocol; ITPGRFA,Intervention,Adaptation,Adaptation-conditional,"Intervention addresses a climate hazard, OR produces a qualifying outcome (adaptation-specific or hazard-conditioned), OR produces an adaptation-specific impact; NOT adaptation when done purely for productivity, market, or development with no hazard link and no hazard-referenced result.",n/a,FALSE,Domain expert,current,5.0.0-draft
INT_200,https://mlolita26.github.io/cgiar-climate-taxonomy/terms/INT_200,Digital sequence information,DSI,Intervention,2,INT_021,"Genetic resource policy that develops and applies the rules governing access to, and benefit-sharing from, digital sequence information on genetic resources.",CBD / Nagoya Protocol (digital sequence information),Intervention,Adaptation,Adaptation-conditional,"Intervention addresses a climate hazard, OR produces a qualifying outcome (adaptation-specific or hazard-conditioned), OR produces an adaptation-specific impact; NOT adaptation when done purely for productivity, market, or development with no hazard link and no hazard-referenced result.",n/a,FALSE,Domain expert,current,5.0.0-draft
INT_202,https://mlolita26.github.io/cgiar-climate-taxonomy/terms/INT_202,Biosafety regulation,biosafety governance,Intervention,2,INT_021,"Genetic resource policy that regulates the safe development, transfer, handling, and use of living modified organisms to protect health and the environment.",Cartagena Protocol on Biosafety; national biosafety frameworks,Intervention,Adaptation,Adaptation-conditional,"Intervention addresses a climate hazard, OR produces a qualifying outcome (adaptation-specific or hazard-conditioned), OR produces an adaptation-specific impact; NOT adaptation when done purely for productivity, market, or development with no hazard link and no hazard-referenced result.",n/a,FALSE,Domain expert,current,5.0.0-draft
INT_268,https://mlolita26.github.io/cgiar-climate-taxonomy/terms/INT_268,Seed exchange,seed swap,Intervention,1,,"Intervention in which farmers and communities circulate seed and planting material among themselves through informal or organised channels, spreading varieties outside the formal seed sector.",AGROVOC: germplasm exchange (c_deb98e72),Intervention,Adaptation,Adaptation-conditional,"Intervention addresses a climate hazard, OR produces a qualifying outcome (adaptation-specific or hazard-conditioned), OR produces an adaptation-specific impact; NOT adaptation when done purely for productivity, market, or development with no hazard link and no hazard-referenced result.",n/a,FALSE,PRMS pilot,current,5.0.0-draft
INT_325,https://mlolita26.github.io/cgiar-climate-taxonomy/terms/INT_325,Seed distribution,seed delivery; seed provision,Intervention,1,,Intervention that supplies seed and planting material to farmers through organised public or commercial channels.,FAO Seed Security Assessment (seed distribution channels),Intervention,Adaptation,Adaptation-conditional,"Intervention addresses a climate hazard, OR produces a qualifying outcome (adaptation-specific or hazard-conditioned), OR produces an adaptation-specific impact; NOT adaptation when done purely for productivity, market, or development with no hazard link and no hazard-referenced result.",n/a,FALSE,Restructure (v5),current,5.0.0-draft
INT_022,https://mlolita26.github.io/cgiar-climate-taxonomy/terms/INT_022,Agronomic management,agronomic practice,Intervention,1,,Intervention comprising the field-level crop and soil operations applied to sustain agricultural production under climate variability and stress.,AGROVOC: agronomic practices (c_330610),Intervention,Adaptation,Adaptation-conditional,"Intervention addresses a climate hazard, OR produces a qualifying outcome (adaptation-specific or hazard-conditioned), OR produces an adaptation-specific impact; NOT adaptation when done purely for productivity, market, or development with no hazard link and no hazard-referenced result.",n/a,FALSE,Domain expert,current,5.0.0-draft
INT_023,https://mlolita26.github.io/cgiar-climate-taxonomy/terms/INT_023,Conservation agriculture,CA; conservation farming,Intervention,2,INT_022,"Agronomic management that combines minimum soil disturbance, permanent soil cover, and crop diversification to conserve soil moisture and organic matter and sustain yields under variable rainfall and drought.",FAO Conservation Agriculture,Intervention,Adaptation + Mitigation,Adaptation-conditional,"Intervention addresses a climate hazard, OR produces a qualifying outcome (adaptation-specific or hazard-conditioned), OR produces an adaptation-specific impact; NOT adaptation when done purely for productivity, market, or development with no hazard link and no hazard-referenced result.",Mitigation-conditional,FALSE,Domain expert,current,5.0.0-draft
INT_236,https://mlolita26.github.io/cgiar-climate-taxonomy/terms/INT_236,Precision agriculture,precision farming; digital agriculture,Intervention,2,INT_022,"Agronomic management that uses spatial data, sensors, and decision-support tools to match inputs and management to within-field variability, improving resource-use efficiency and resilience.",FAO (precision agriculture),Intervention,Adaptation,Adaptation-conditional,"Intervention addresses a climate hazard, OR produces a qualifying outcome (adaptation-specific or hazard-conditioned), OR produces an adaptation-specific impact; NOT adaptation when done purely for productivity, market, or development with no hazard link and no hazard-referenced result.",n/a,FALSE,Lexicon consensus,current,5.0.0-draft
INT_029,https://mlolita26.github.io/cgiar-climate-taxonomy/terms/INT_029,Integrated pest management,IPM,Intervention,2,INT_022,"Agronomic management that combines biological, cultural, physical, and chemical tactics to keep pest populations below damaging levels while minimising risks.",FAO Integrated Pest Management,Intervention,Adaptation,Adaptation-conditional,"Intervention addresses a climate hazard, OR produces a qualifying outcome (adaptation-specific or hazard-conditioned), OR produces an adaptation-specific impact; NOT adaptation when done purely for productivity, market, or development with no hazard link and no hazard-referenced result.",n/a,FALSE,Domain expert,current,5.0.0-draft
INT_322,https://mlolita26.github.io/cgiar-climate-taxonomy/terms/INT_322,Vector control,,Intervention,3,INT_029,"Integrated pest management that targets disease-transmitting organisms - insects, ticks, snails - through environmental, biological or chemical measures.",WHO (vector control),Intervention,Adaptation,Adaptation-conditional,"Intervention addresses a climate hazard, OR produces a qualifying outcome (adaptation-specific or hazard-conditioned), OR produces an adaptation-specific impact; NOT adaptation when done purely for productivity, market, or development with no hazard link and no hazard-referenced result.",n/a,FALSE,Restructure (v5),current,5.0.0-draft
INT_030,https://mlolita26.github.io/cgiar-climate-taxonomy/terms/INT_030,Nutrient management,soil fertility management; fertilization management; soil fertility; fertilizer management; Fertilization; Manure nutrient management,Intervention,2,INT_022,"Agronomic management that manages the source, rate, timing, and placement of plant nutrients to sustain yields and soil fertility under climate stress.",AGROVOC: nutrient management (c_330697),Intervention,Adaptation + Mitigation,Adaptation-conditional,"Intervention addresses a climate hazard, OR produces a qualifying outcome (adaptation-specific or hazard-conditioned), OR produces an adaptation-specific impact; NOT adaptation when done purely for productivity, market, or development with no hazard link and no hazard-referenced result.",Mitigation-conditional,FALSE,Domain expert; Lexicon consensus,current,5.0.0-draft
INT_031,https://mlolita26.github.io/cgiar-climate-taxonomy/terms/INT_031,Precision nutrient application,precision fertilization; variable-rate fertilization,Intervention,3,INT_030,"Nutrient management that applies fertilisers at variable rates matched to spatial and temporal crop demand, improving nutrient-use efficiency and reducing losses under variable growing conditions.",FAO; IPNI 4R Nutrient Stewardship,Intervention,Adaptation,Adaptation-conditional,"Intervention addresses a climate hazard, OR produces a qualifying outcome (adaptation-specific or hazard-conditioned), OR produces an adaptation-specific impact; NOT adaptation when done purely for productivity, market, or development with no hazard link and no hazard-referenced result.",n/a,FALSE,Domain expert,current,5.0.0-draft
INT_032,https://mlolita26.github.io/cgiar-climate-taxonomy/terms/INT_032,Organic amendment,organic matter amendment; compost application; composting; compost,Intervention,3,INT_030,"Nutrient management that adds organic materials such as compost, manure, or crop residues to supply nutrients and build soil organic matter.",AGROVOC: organic amendments,Intervention,Adaptation + Mitigation,Adaptation-conditional,"Intervention addresses a climate hazard, OR produces a qualifying outcome (adaptation-specific or hazard-conditioned), OR produces an adaptation-specific impact; NOT adaptation when done purely for productivity, market, or development with no hazard link and no hazard-referenced result.",Mitigation-conditional,FALSE,Domain expert,current,5.0.0-draft
INT_033,https://mlolita26.github.io/cgiar-climate-taxonomy/terms/INT_033,Nutrient stewardship,4R nutrient stewardship,Intervention,3,INT_030,"Nutrient management that applies fertilisers using the right source, rate, time, and place to optimise nutrient-use efficiency while reducing environmental losses under variable conditions.",The Fertilizer Institute / IPNI - 4R Nutrient Stewardship,Intervention,Adaptation,Adaptation-conditional,"Intervention addresses a climate hazard, OR produces a qualifying outcome (adaptation-specific or hazard-conditioned), OR produces an adaptation-specific impact; NOT adaptation when done purely for productivity, market, or development with no hazard link and no hazard-referenced result.",n/a,FALSE,Domain expert,current,5.0.0-draft
INT_282,https://mlolita26.github.io/cgiar-climate-taxonomy/terms/INT_282,Fertilizer,,Intervention,2,INT_283,"Agricultural input that supplies plant nutrients to crops and soils to sustain or increase production, in mineral or organic form.",AGROVOC: fertilizers,Intervention,Adaptation,Adaptation-conditional,"Intervention addresses a climate hazard, OR produces a qualifying outcome (adaptation-specific or hazard-conditioned), OR produces an adaptation-specific impact; NOT adaptation when done purely for productivity, market, or development with no hazard link and no hazard-referenced result.",n/a,FALSE,Restructure (v5),current,5.0.0-draft
OUT_080,https://mlolita26.github.io/cgiar-climate-taxonomy/terms/OUT_080,Biofertilizer,biological fertilizer; microbial inoculant,Intervention,3,INT_282,"Fertilizer containing living micro-organisms that, when applied to seeds, plants, or soil, enhances nutrient availability or uptake, supporting productivity and soil function under climate stress.",AGROVOC: biofertilizers,Intervention,Adaptation,Adaptation-conditional,"Output addresses a climate hazard, OR is produced by a qualifying intervention, OR an adaptation-specific principle or cross-cutting concept applies to it, OR produces a qualifying outcome; NOT adaptation when it is a general product with no climate-risk framing and no adaptation-specific link.",n/a,FALSE,Domain expert; Restructure (v5),current,5.0.0-draft
OUT_081,https://mlolita26.github.io/cgiar-climate-taxonomy/terms/OUT_081,Biocontrol agent,biological control agent; biopesticide,Intervention,2,INT_283,Agricultural input comprising a living organism or nature-derived product used to suppress pests or disease vectors.,AGROVOC: biological control agents,Intervention,Adaptation,Adaptation-conditional,"Output addresses a climate hazard, OR is produced by a qualifying intervention, OR an adaptation-specific principle or cross-cutting concept applies to it, OR produces a qualifying outcome; NOT adaptation when it is a general product with no climate-risk framing and no adaptation-specific link.",n/a,FALSE,Domain expert; Restructure (v5),current,5.0.0-draft
INT_283,https://mlolita26.github.io/cgiar-climate-taxonomy/terms/INT_283,Agricultural input,,Intervention,1,,"Intervention comprising the material inputs applied in crop and livestock production, on which yields and system performance depend.",FAO (agricultural inputs); AGROVOC,Intervention,Adaptation + Mitigation,Adaptation-conditional,"Intervention addresses a climate hazard, OR produces a qualifying outcome (adaptation-specific or hazard-conditioned), OR produces an adaptation-specific impact; NOT adaptation when done purely for productivity, market, or development with no hazard link and no hazard-referenced result.",Mitigation-conditional,FALSE,Restructure (v5),current,5.0.0-draft
INT_035,https://mlolita26.github.io/cgiar-climate-taxonomy/terms/INT_035,Biofortification,biofortified,Intervention,2,INT_022,"Agronomic management that increases the density of vitamins and minerals in food crops through breeding or agronomic means, improving dietary quality in populations.",HarvestPlus; AGROVOC: biofortification,Intervention,Adaptation,Adaptation-conditional,"Intervention addresses a climate hazard, OR produces a qualifying outcome (adaptation-specific or hazard-conditioned), OR produces an adaptation-specific impact; NOT adaptation when done purely for productivity, market, or development with no hazard link and no hazard-referenced result.",n/a,FALSE,Domain expert,current,5.0.0-draft
INT_036,https://mlolita26.github.io/cgiar-climate-taxonomy/terms/INT_036,Controlled-environment production,controlled-environment agriculture; protected cultivation,Intervention,2,INT_022,"Agronomic management that grows crops within enclosed or climate-regulated structures such as greenhouses, hydroponic, or vertical systems.",FAO; AGROVOC: protected cultivation (c_6243),Intervention,Adaptation,Adaptation-conditional,"Intervention addresses a climate hazard, OR produces a qualifying outcome (adaptation-specific or hazard-conditioned), OR produces an adaptation-specific impact; NOT adaptation when done purely for productivity, market, or development with no hazard link and no hazard-referenced result.",n/a,FALSE,Domain expert,current,5.0.0-draft
INT_212,https://mlolita26.github.io/cgiar-climate-taxonomy/terms/INT_212,Soil management,soil health management; Soil conservation,Intervention,2,INT_022,"Agronomic management that maintains or improves soil structure, fertility, and moisture to reduce the sensitivity of production to drought, heat, and erratic rainfall.",AGROVOC: soil management (c_7176),Intervention,Adaptation,Adaptation-conditional,"Intervention addresses a climate hazard, OR produces a qualifying outcome (adaptation-specific or hazard-conditioned), OR produces an adaptation-specific impact; NOT adaptation when done purely for productivity, market, or development with no hazard link and no hazard-referenced result.",n/a,FALSE,Domain expert,current,5.0.0-draft
INT_024,https://mlolita26.github.io/cgiar-climate-taxonomy/terms/INT_024,Tillage management,no-till agriculture; conservation tillage; No-till; zero tillage,Intervention,3,INT_212,"Soil management that regulates the type, frequency, and intensity of soil cultivation, including reduced or zero tillage, to conserve soil moisture, structure, and organic matter under climate stress.",AGROVOC: tillage,Intervention,Adaptation + Mitigation,Adaptation-conditional,"Intervention addresses a climate hazard, OR produces a qualifying outcome (adaptation-specific or hazard-conditioned), OR produces an adaptation-specific impact; NOT adaptation when done purely for productivity, market, or development with no hazard link and no hazard-referenced result.",Mitigation-conditional,FALSE,Domain expert; Lexicon consensus,current,5.0.0-draft
INT_037,https://mlolita26.github.io/cgiar-climate-taxonomy/terms/INT_037,Mulching,mulch application; mulch,Intervention,3,INT_212,"Soil management that covers the soil surface with organic or synthetic material to conserve moisture, moderate soil temperature, and suppress weeds, reducing crop sensitivity to heat and drought.",AGROVOC: mulching,Intervention,Adaptation,Adaptation-conditional,"Intervention addresses a climate hazard, OR produces a qualifying outcome (adaptation-specific or hazard-conditioned), OR produces an adaptation-specific impact; NOT adaptation when done purely for productivity, market, or development with no hazard link and no hazard-referenced result.",n/a,FALSE,Domain expert,current,5.0.0-draft
INT_034,https://mlolita26.github.io/cgiar-climate-taxonomy/terms/INT_034,Soil amendment,soil carbon amendment,Intervention,3,INT_212,"Soil management that adds materials to the soil to improve its physical, chemical, or biological properties, enhancing fertility and water retention to buffer crops against climate stress.",AGROVOC: soil amendments,Intervention,Adaptation + Mitigation,Adaptation-conditional,"Intervention addresses a climate hazard, OR produces a qualifying outcome (adaptation-specific or hazard-conditioned), OR produces an adaptation-specific impact; NOT adaptation when done purely for productivity, market, or development with no hazard link and no hazard-referenced result.",Mitigation-conditional,FALSE,Domain expert,current,5.0.0-draft
INT_284,https://mlolita26.github.io/cgiar-climate-taxonomy/terms/INT_284,Integrated soil fertility management,,Intervention,3,INT_212,"Soil management that combines organic and mineral nutrient sources with improved germplasm, adapted to local conditions, to sustain soil fertility and productivity.",Vanlauwe et al. (2010) Integrated Soil Fertility Management,Intervention,Adaptation + Mitigation,Adaptation-conditional,"Intervention addresses a climate hazard, OR produces a qualifying outcome (adaptation-specific or hazard-conditioned), OR produces an adaptation-specific impact; NOT adaptation when done purely for productivity, market, or development with no hazard link and no hazard-referenced result.",n/a,FALSE,Restructure (v5),current,5.0.0-draft
INT_216,https://mlolita26.github.io/cgiar-climate-taxonomy/terms/INT_216,Crop management,crop husbandry,Intervention,2,INT_022,"Agronomic management that covers decisions on crop cultivation, including choice of crop, planting and harvest timing, spacing, and in-season husbandry.",AGROVOC: crop management (c_16094),Intervention,Adaptation,Adaptation-conditional,"Intervention addresses a climate hazard, OR produces a qualifying outcome (adaptation-specific or hazard-conditioned), OR produces an adaptation-specific impact; NOT adaptation when done purely for productivity, market, or development with no hazard link and no hazard-referenced result.",n/a,FALSE,Domain expert,current,5.0.0-draft
INT_025,https://mlolita26.github.io/cgiar-climate-taxonomy/terms/INT_025,Crop rotation,rotational cropping,Intervention,3,INT_216,"Crop management that grows different crops in planned sequence on the same land across seasons, breaking pest and disease cycles and improving soil fertility and resilience to climate stress.",AGROVOC: crop rotation,Intervention,Adaptation,Adaptation-conditional,"Intervention addresses a climate hazard, OR produces a qualifying outcome (adaptation-specific or hazard-conditioned), OR produces an adaptation-specific impact; NOT adaptation when done purely for productivity, market, or development with no hazard link and no hazard-referenced result.",n/a,FALSE,Domain expert,current,5.0.0-draft
INT_026,https://mlolita26.github.io/cgiar-climate-taxonomy/terms/INT_026,Crop diversification,,Intervention,3,INT_216,"Crop management that increases the number and variety of crops grown in a system, spreading production risk and stabilising output under climate variability and extremes.",FAO; AGROVOC: crop diversification,Intervention,Adaptation,Adaptation-conditional,"Intervention addresses a climate hazard, OR produces a qualifying outcome (adaptation-specific or hazard-conditioned), OR produces an adaptation-specific impact; NOT adaptation when done purely for productivity, market, or development with no hazard link and no hazard-referenced result.",n/a,FALSE,Domain expert,current,5.0.0-draft
INT_027,https://mlolita26.github.io/cgiar-climate-taxonomy/terms/INT_027,Cover cropping,cover crops,Intervention,3,INT_216,"Crop management that grows cover crops between main crops to protect and improve the soil, conserving moisture and organic matter and reducing erosion under variable rainfall.",AGROVOC: cover crops,Intervention,Adaptation + Mitigation,Adaptation-conditional,"Intervention addresses a climate hazard, OR produces a qualifying outcome (adaptation-specific or hazard-conditioned), OR produces an adaptation-specific impact; NOT adaptation when done purely for productivity, market, or development with no hazard link and no hazard-referenced result.",Mitigation-conditional,FALSE,Domain expert,current,5.0.0-draft
INT_028,https://mlolita26.github.io/cgiar-climate-taxonomy/terms/INT_028,Intercropping,mixed cropping,Intervention,3,INT_216,"Crop management that grows two or more crops together on the same field, diversifying production and buffering yield against climate variability and pest pressure.",AGROVOC: intercropping,Intervention,Adaptation + Mitigation,Adaptation-conditional,"Intervention addresses a climate hazard, OR produces a qualifying outcome (adaptation-specific or hazard-conditioned), OR produces an adaptation-specific impact; NOT adaptation when done purely for productivity, market, or development with no hazard link and no hazard-referenced result.",Mitigation-conditional,FALSE,Domain expert,current,5.0.0-draft
INT_266,https://mlolita26.github.io/cgiar-climate-taxonomy/terms/INT_266,Direct seeding,direct-seeded rice; DSR; direct sowing,Intervention,3,INT_216,"Crop management in which seed is sown directly into the field rather than raised in a nursery and transplanted, reducing labour and water use and, in rice systems, cutting methane emissions from prolonged flooding.",AGROVOC: direct sowing; IRRI direct-seeded rice,Intervention,Adaptation + Mitigation,Adaptation-conditional,"Intervention addresses a climate hazard, OR produces a qualifying outcome (adaptation-specific or hazard-conditioned), OR produces an adaptation-specific impact; NOT adaptation when done purely for productivity, market, or development with no hazard link and no hazard-referenced result.",Mitigation-conditional,FALSE,PRMS pilot,current,5.0.0-draft
INT_267,https://mlolita26.github.io/cgiar-climate-taxonomy/terms/INT_267,Biological control,biocontrol; biological pest control; aflatoxin biocontrol; Aflasafe,Intervention,2,INT_022,"Agronomic management that suppresses pests, pathogens, or weeds using living organisms or their products, such as natural enemies, competitive non-toxigenic strains, or microbial agents, in place of or alongside chemical control.",FAO; AGROVOC: biological control,Intervention,Adaptation,Adaptation-conditional,"Intervention addresses a climate hazard, OR produces a qualifying outcome (adaptation-specific or hazard-conditioned), OR produces an adaptation-specific impact; NOT adaptation when done purely for productivity, market, or development with no hazard link and no hazard-referenced result.",n/a,FALSE,PRMS pilot,current,5.0.0-draft
INT_311,https://mlolita26.github.io/cgiar-climate-taxonomy/terms/INT_311,Permaculture,,Intervention,2,INT_022,"Agronomic management that designs cultivation around perennial, self-maintaining plant-animal assemblages mimicking natural ecosystems.",AGROVOC: permaculture,Intervention,Adaptation,Adaptation-conditional,"Intervention addresses a climate hazard, OR produces a qualifying outcome (adaptation-specific or hazard-conditioned), OR produces an adaptation-specific impact; NOT adaptation when done purely for productivity, market, or development with no hazard link and no hazard-referenced result.",n/a,FALSE,Restructure (v5),current,5.0.0-draft
INT_323,https://mlolita26.github.io/cgiar-climate-taxonomy/terms/INT_323,Biochar,,Intervention,2,INT_283,"Agricultural input that is a by-product of the pyrolysis of residual biomass, a stable carbonate derivative produced from plant and/or animal biomass for application in agriculture.",IPCC AR6 WGIII Ch.7; AGROVOC: biochar (c_e25876d3),Intervention,Adaptation + Mitigation,Adaptation-conditional,"Intervention addresses a climate hazard, OR produces a qualifying outcome (adaptation-specific or hazard-conditioned), OR produces an adaptation-specific impact; NOT adaptation when done purely for productivity, market, or development with no hazard link and no hazard-referenced result.",Mitigation-conditional,FALSE,Restructure (v5),current,5.0.0-draft
INT_048,https://mlolita26.github.io/cgiar-climate-taxonomy/terms/INT_048,Livestock management,animal husbandry,Intervention,1,,"Intervention comprising the husbandry, feeding, breeding and health operations applied to sustain animal productivity under climate stress.",AGROVOC: livestock management (c_16093),Intervention,Adaptation,Adaptation-conditional,"Intervention addresses a climate hazard, OR produces a qualifying outcome (adaptation-specific or hazard-conditioned), OR produces an adaptation-specific impact; NOT adaptation when done purely for productivity, market, or development with no hazard link and no hazard-referenced result.",n/a,FALSE,Domain expert,current,5.0.0-draft
INT_049,https://mlolita26.github.io/cgiar-climate-taxonomy/terms/INT_049,Forage management,feed management,Intervention,2,INT_048,"Livestock management that manages the supply, quality, and conservation of feed and forage to maintain animal nutrition and productivity under climate-driven variability in pasture and feed availability.",IPCC AR6 WGIII Ch.7,Intervention,Adaptation,Adaptation-conditional,"Intervention addresses a climate hazard, OR produces a qualifying outcome (adaptation-specific or hazard-conditioned), OR produces an adaptation-specific impact; NOT adaptation when done purely for productivity, market, or development with no hazard link and no hazard-referenced result.",n/a,FALSE,Domain expert,current,5.0.0-draft
INT_233,https://mlolita26.github.io/cgiar-climate-taxonomy/terms/INT_233,Improved feed,improved feeding; feeding strategy,Intervention,3,INT_049,Forage management that raises the quality and digestibility of livestock diets to sustain animal productivity and resilience under climate stress.,FAO (livestock feeding),Intervention,Adaptation,Adaptation-conditional,"Intervention addresses a climate hazard, OR produces a qualifying outcome (adaptation-specific or hazard-conditioned), OR produces an adaptation-specific impact; NOT adaptation when done purely for productivity, market, or development with no hazard link and no hazard-referenced result.",n/a,FALSE,Lexicon consensus,current,5.0.0-draft
INT_051,https://mlolita26.github.io/cgiar-climate-taxonomy/terms/INT_051,Improved forage cultivation,improved forage; forage development; Forage cultivation,Intervention,3,INT_049,"Forage management that establishes improved forage species and pastures to increase feed quantity and quality, raising livestock productivity and resilience under climate stress.",ILRI (improved forages),Intervention,Adaptation,Adaptation-conditional,"Intervention addresses a climate hazard, OR produces a qualifying outcome (adaptation-specific or hazard-conditioned), OR produces an adaptation-specific impact; NOT adaptation when done purely for productivity, market, or development with no hazard link and no hazard-referenced result.",n/a,FALSE,Domain expert,current,5.0.0-draft
INT_243,https://mlolita26.github.io/cgiar-climate-taxonomy/terms/INT_243,Low-methane feed additive,methane-inhibiting feed additive; anti-methanogenic additive,Intervention,3,INT_049,Forage management that incorporates dietary additives formulated to suppress methane production during enteric fermentation in ruminants.,FAO (feed additives),Intervention,Mitigation,n/a,n/a (mitigation),Mitigation-specific,FALSE,Domain expert,current,5.0.0-draft
INT_285,https://mlolita26.github.io/cgiar-climate-taxonomy/terms/INT_285,Forage conservation,,Intervention,3,INT_049,"Forage management that preserves surplus forage as hay, silage or stored residues for feeding during scarcity periods.",FAO (forage conservation); AGROVOC: silage,Intervention,Mitigation,n/a,n/a (mitigation),Mitigation-specific,FALSE,Restructure (v5),current,5.0.0-draft
INT_052,https://mlolita26.github.io/cgiar-climate-taxonomy/terms/INT_052,Pasture management,grazing management,Intervention,2,INT_048,"Livestock management that regulates grazing intensity, timing, and rotation to maintain pasture productivity and soil cover, sustaining forage supply under climate variability.",AGROVOC: pasture management,Intervention,Adaptation,Adaptation-conditional,"Intervention addresses a climate hazard, OR produces a qualifying outcome (adaptation-specific or hazard-conditioned), OR produces an adaptation-specific impact; NOT adaptation when done purely for productivity, market, or development with no hazard link and no hazard-referenced result.",n/a,FALSE,Domain expert,current,5.0.0-draft
INT_054,https://mlolita26.github.io/cgiar-climate-taxonomy/terms/INT_054,Animal health management,veterinary care; animal health,Intervention,2,INT_048,"Livestock management that prevents, monitors, and treats animal diseases to protect animal productivity and public health.",One Health; veterinary services (animal health management),Intervention,Adaptation,Adaptation-conditional,"Intervention addresses a climate hazard, OR produces a qualifying outcome (adaptation-specific or hazard-conditioned), OR produces an adaptation-specific impact; NOT adaptation when done purely for productivity, market, or development with no hazard link and no hazard-referenced result.",n/a,FALSE,Domain expert,current,5.0.0-draft
INT_055,https://mlolita26.github.io/cgiar-climate-taxonomy/terms/INT_055,Animal heat stress management,livestock heat-stress management; livestock heatstress management; livestock heat stress,Intervention,2,INT_048,"Livestock management that reduces the effects of high temperatures on animals through shade, ventilation, cooling, and adjusted feeding and watering, protecting productivity during heat stress.",FAO livestock heat-stress guidance; AGROVOC: heat stress,Intervention,Adaptation,Adaptation-specific,Intrinsic,n/a,FALSE,Domain expert,current,5.0.0-draft
INT_056,https://mlolita26.github.io/cgiar-climate-taxonomy/terms/INT_056,Manure management,manure handling,Intervention,2,INT_048,"Livestock management that covers the collection, storage, treatment, and application of manure to reduce emissions and losses and recover nutrients.",IPCC AR6 WGIII (manure management),Intervention,Adaptation + Mitigation,Adaptation-conditional,"Intervention addresses a climate hazard, OR produces a qualifying outcome (adaptation-specific or hazard-conditioned), OR produces an adaptation-specific impact; NOT adaptation when done purely for productivity, market, or development with no hazard link and no hazard-referenced result.",Mitigation-conditional,FALSE,Domain expert,current,5.0.0-draft
INT_057,https://mlolita26.github.io/cgiar-climate-taxonomy/terms/INT_057,Animal breeding,livestock breeding,Intervention,2,INT_002,"Breeding that selects and mates animals to improve productivity, health, and tolerance to climate stresses such as heat and disease in future generations.",AGROVOC: animal breeding,Intervention,Adaptation,Adaptation-conditional,"Intervention addresses a climate hazard, OR produces a qualifying outcome (adaptation-specific or hazard-conditioned), OR produces an adaptation-specific impact; NOT adaptation when done purely for productivity, market, or development with no hazard link and no hazard-referenced result.",n/a,FALSE,Domain expert,current,5.0.0-draft
INT_228,https://mlolita26.github.io/cgiar-climate-taxonomy/terms/INT_228,Rangeland management,rangeland stewardship; Grassland management,Intervention,2,INT_048,"Livestock management that manages grazing, vegetation, and water on extensive rangelands to sustain forage production and ecosystem condition under drought and climate variability.",FAO; UNCCD (rangeland management),Intervention,Adaptation,Adaptation-conditional,"Intervention addresses a climate hazard, OR produces a qualifying outcome (adaptation-specific or hazard-conditioned), OR produces an adaptation-specific impact; NOT adaptation when done purely for productivity, market, or development with no hazard link and no hazard-referenced result.",n/a,FALSE,Domain expert,current,5.0.0-draft
INT_242,https://mlolita26.github.io/cgiar-climate-taxonomy/terms/INT_242,Enteric methane mitigation,enteric methane reduction; enteric fermentation management,Intervention,2,INT_048,"Livestock management that lowers the methane produced by ruminant digestion, through improved feed quality, dietary additives, or animal management.",FAO; IPCC,Intervention,Mitigation,n/a,n/a (mitigation),Mitigation-specific,FALSE,Domain expert,current,5.0.0-draft
INT_210,https://mlolita26.github.io/cgiar-climate-taxonomy/terms/INT_210,Aquaculture management,fish-farm management; Aquaculture practice,Intervention,1,,"Intervention comprising the stocking, feeding and water-quality operations applied to aquatic farming systems to sustain production under climate-driven changes in temperature and water.",FAO; AGROVOC: aquaculture techniques (c_28992),Intervention,Adaptation,Adaptation-conditional,"Intervention addresses a climate hazard, OR produces a qualifying outcome (adaptation-specific or hazard-conditioned), OR produces an adaptation-specific impact; NOT adaptation when done purely for productivity, market, or development with no hazard link and no hazard-referenced result.",n/a,FALSE,Domain expert,current,5.0.0-draft
INT_235,https://mlolita26.github.io/cgiar-climate-taxonomy/terms/INT_235,Natural resource management,NRM; Integrated resource management,Intervention,1,,"Intervention that stewards and sustainably uses land, water, soil, forests, and biodiversity to sustain the ecosystem services on which livelihoods and adaptation depend.",AGROVOC: natural resources management; FAO,Intervention,Adaptation,Adaptation-conditional,"Intervention addresses a climate hazard, OR produces a qualifying outcome (adaptation-specific or hazard-conditioned), OR produces an adaptation-specific impact; NOT adaptation when done purely for productivity, market, or development with no hazard link and no hazard-referenced result.",n/a,FALSE,Lexicon consensus,current,5.0.0-draft
INT_038,https://mlolita26.github.io/cgiar-climate-taxonomy/terms/INT_038,Water management,Water resource management,Intervention,2,INT_235,"Natural resource management that captures, stores, conserves, or distributes water to sustain agricultural production under variable or declining rainfall.",AGROVOC: water management (c_8320),Intervention,Adaptation,Adaptation-specific,"Intervention addresses a climate hazard, OR produces a qualifying outcome (adaptation-specific or hazard-conditioned), OR produces an adaptation-specific impact; NOT adaptation when done purely for productivity, market, or development with no hazard link and no hazard-referenced result.",n/a,FALSE,Domain expert,current,5.0.0-draft
INT_039,https://mlolita26.github.io/cgiar-climate-taxonomy/terms/INT_039,Irrigation,,Intervention,3,INT_038,"Water management that artificially supplies water to crops to supplement rainfall, sustaining production during dry spells, droughts, and periods of erratic rainfall.",AGROVOC: irrigation,Intervention,Adaptation,Adaptation-specific,"Intervention addresses a climate hazard, OR produces a qualifying outcome (adaptation-specific or hazard-conditioned), OR produces an adaptation-specific impact; NOT adaptation when done purely for productivity, market, or development with no hazard link and no hazard-referenced result.",n/a,FALSE,Domain expert,current,5.0.0-draft
INT_040,https://mlolita26.github.io/cgiar-climate-taxonomy/terms/INT_040,Drip irrigation,trickle irrigation,Intervention,4,INT_039,"Irrigation that delivers water slowly and directly to the root zone through emitters, maximising water-use efficiency and sustaining crops under water scarcity.",AGROVOC: drip irrigation,Intervention,Adaptation,Adaptation-specific,"Intervention addresses a climate hazard, OR produces a qualifying outcome (adaptation-specific or hazard-conditioned), OR produces an adaptation-specific impact; NOT adaptation when done purely for productivity, market, or development with no hazard link and no hazard-referenced result.",n/a,FALSE,Domain expert,current,5.0.0-draft
INT_041,https://mlolita26.github.io/cgiar-climate-taxonomy/terms/INT_041,Sprinkler irrigation,overhead irrigation,Intervention,4,INT_039,"Irrigation that applies water through pressurised overhead spray, distributing water across the field to supplement rainfall under variable conditions.",AGROVOC: sprinkler irrigation,Intervention,Adaptation,Adaptation-specific,"Intervention addresses a climate hazard, OR produces a qualifying outcome (adaptation-specific or hazard-conditioned), OR produces an adaptation-specific impact; NOT adaptation when done purely for productivity, market, or development with no hazard link and no hazard-referenced result.",n/a,FALSE,Domain expert,current,5.0.0-draft
INT_042,https://mlolita26.github.io/cgiar-climate-taxonomy/terms/INT_042,Surface irrigation,gravity irrigation; flood irrigation,Intervention,4,INT_039,"Irrigation that distributes water across the field surface by gravity (furrow, basin or border), supplementing rainfall to sustain crop production during dry spells and drought.",AGROVOC: surface irrigation,Intervention,Adaptation,Adaptation-specific,"Intervention addresses a climate hazard, OR produces a qualifying outcome (adaptation-specific or hazard-conditioned), OR produces an adaptation-specific impact; NOT adaptation when done purely for productivity, market, or development with no hazard link and no hazard-referenced result.",n/a,FALSE,Domain expert,current,5.0.0-draft
INT_286,https://mlolita26.github.io/cgiar-climate-taxonomy/terms/INT_286,Solar irrigation,,Intervention,4,INT_039,"Irrigation powered by solar photovoltaic pumping, decoupling water lifting from fossil fuel and grid constraints.",FAO/IWMI (solar-powered irrigation),Intervention,Adaptation,Adaptation-specific,Intrinsic,n/a,FALSE,Restructure (v5),current,5.0.0-draft
INT_043,https://mlolita26.github.io/cgiar-climate-taxonomy/terms/INT_043,Alternate wetting and drying,AWD,Intervention,4,INT_039,"Irrigation that periodically allows paddy fields to dry before re-flooding, reducing water use and methane emissions while maintaining rice yields.",IRRI - Alternate Wetting and Drying (AWD),Intervention,Adaptation + Mitigation,Adaptation-specific,"Intervention addresses a climate hazard, OR produces a qualifying outcome (adaptation-specific or hazard-conditioned), OR produces an adaptation-specific impact; NOT adaptation when done purely for productivity, market, or development with no hazard link and no hazard-referenced result.",Mitigation-specific,FALSE,Domain expert,current,5.0.0-draft
INT_287,https://mlolita26.github.io/cgiar-climate-taxonomy/terms/INT_287,Transboundary water management,,Intervention,3,INT_038,"Water management coordinated across national or administrative boundaries for shared rivers, lakes and aquifers.",UNECE Water Convention; Global Water Partnership,Intervention,Adaptation + Mitigation,Adaptation-specific,Intrinsic,n/a,FALSE,Restructure (v5),current,5.0.0-draft
INT_044,https://mlolita26.github.io/cgiar-climate-taxonomy/terms/INT_044,Drainage,,Intervention,3,INT_038,"Water management that removes excess water from waterlogged soils to protect crops and improve trafficability, reducing damage from heavy rainfall and flooding.",AGROVOC: drainage,Intervention,Adaptation,Adaptation-specific,"Intervention addresses a climate hazard, OR produces a qualifying outcome (adaptation-specific or hazard-conditioned), OR produces an adaptation-specific impact; NOT adaptation when done purely for productivity, market, or development with no hazard link and no hazard-referenced result.",n/a,FALSE,Domain expert,current,5.0.0-draft
INT_045,https://mlolita26.github.io/cgiar-climate-taxonomy/terms/INT_045,Water harvesting,rainwater harvesting,Intervention,3,INT_038,"Water management that collects and stores rainfall and runoff for later use in crop production or domestic supply, buffering against dry spells and erratic rainfall.",AGROVOC: water harvesting,Intervention,Adaptation,Adaptation-specific,"Intervention addresses a climate hazard, OR produces a qualifying outcome (adaptation-specific or hazard-conditioned), OR produces an adaptation-specific impact; NOT adaptation when done purely for productivity, market, or development with no hazard link and no hazard-referenced result.",n/a,FALSE,Domain expert,current,5.0.0-draft
INT_047,https://mlolita26.github.io/cgiar-climate-taxonomy/terms/INT_047,Aquifer management,groundwater management; groundwater recharge,Intervention,3,INT_038,Water management that regulates the extraction and recharge of groundwater to sustain aquifer levels and ensure reliable water supply under increasing climate variability.,AGROVOC: groundwater management,Intervention,Adaptation,Adaptation-specific,"Intervention addresses a climate hazard, OR produces a qualifying outcome (adaptation-specific or hazard-conditioned), OR produces an adaptation-specific impact; NOT adaptation when done purely for productivity, market, or development with no hazard link and no hazard-referenced result.",n/a,FALSE,Domain expert,current,5.0.0-draft
INT_234,https://mlolita26.github.io/cgiar-climate-taxonomy/terms/INT_234,Integrated water resources management,IWRM,Intervention,2,INT_235,"Natural resource management that follows a coordinated, cross-sectoral approach to the development and management of water, land, and related resources, so as to balance economic and social welfare with the sustainability of ecosystems.",Global Water Partnership; UNEP (IWRM),Intervention,Adaptation,Adaptation-specific,"Intervention addresses a climate hazard, OR produces a qualifying outcome (adaptation-specific or hazard-conditioned), OR produces an adaptation-specific impact; NOT adaptation when done purely for productivity, market, or development with no hazard link and no hazard-referenced result.",n/a,FALSE,Lexicon consensus,current,5.0.0-draft
INT_288,https://mlolita26.github.io/cgiar-climate-taxonomy/terms/INT_288,Water conservation,,Intervention,2,INT_235,"Natural resource management that reduces water losses and demand through storage, soil-moisture retention and efficient use.",AGROVOC: water conservation,Intervention,Adaptation,Adaptation-conditional,"Intervention addresses a climate hazard, OR produces a qualifying outcome (adaptation-specific or hazard-conditioned), OR produces an adaptation-specific impact; NOT adaptation when done purely for productivity, market, or development with no hazard link and no hazard-referenced result.",n/a,FALSE,Restructure (v5),current,5.0.0-draft
INT_227,https://mlolita26.github.io/cgiar-climate-taxonomy/terms/INT_227,Fisheries management,fishery management,Intervention,2,INT_235,"Natural resource management comprising the management of wild capture fisheries - regulating effort, catch, and habitat - to sustain fish stocks and fishery livelihoods under climate-driven changes in oceans and inland waters.",FAO Code of Conduct for Responsible Fisheries,Intervention,Adaptation,Adaptation-conditional,"Intervention addresses a climate hazard, OR produces a qualifying outcome (adaptation-specific or hazard-conditioned), OR produces an adaptation-specific impact; NOT adaptation when done purely for productivity, market, or development with no hazard link and no hazard-referenced result.",n/a,FALSE,Domain expert,current,5.0.0-draft
INT_059,https://mlolita26.github.io/cgiar-climate-taxonomy/terms/INT_059,Landscape management,landscape approach; ecosystem management; land management,Intervention,2,INT_235,"Natural resource management that coordinates the management of land, water, and vegetation across a landscape to reduce climate hazards and build resilience.",AGROVOC: landscape management (c_cf43a57f),Intervention,Adaptation,Adaptation-conditional,"Intervention addresses a climate hazard, OR produces a qualifying outcome (adaptation-specific or hazard-conditioned), OR produces an adaptation-specific impact; NOT adaptation when done purely for productivity, market, or development with no hazard link and no hazard-referenced result.",n/a,FALSE,Domain expert,current,5.0.0-draft
INT_046,https://mlolita26.github.io/cgiar-climate-taxonomy/terms/INT_046,Watershed management,catchment management,Intervention,3,INT_059,"Landscape management that manages land and water across a watershed to regulate water flow, recharge, and quality, reducing flood and drought risk.",AGROVOC: watershed management (c_25301),Intervention,Adaptation,Adaptation-conditional,"Intervention addresses a climate hazard, OR produces a qualifying outcome (adaptation-specific or hazard-conditioned), OR produces an adaptation-specific impact; NOT adaptation when done purely for productivity, market, or development with no hazard link and no hazard-referenced result.",n/a,FALSE,Domain expert,current,5.0.0-draft
INT_060,https://mlolita26.github.io/cgiar-climate-taxonomy/terms/INT_060,Agroforestry,trees on farms; Homestead agroforestry; Agro-forestry,Intervention,3,INT_059,"Landscape management that deliberately integrates trees and shrubs with crops and/or livestock on the same land, providing shade, soil improvement, and microclimate benefits that buffer climate stress.",World Agroforestry (ICRAF); AGROVOC: agroforestry,Intervention,Adaptation + Mitigation,Adaptation-conditional,"Intervention addresses a climate hazard, OR produces a qualifying outcome (adaptation-specific or hazard-conditioned), OR produces an adaptation-specific impact; NOT adaptation when done purely for productivity, market, or development with no hazard link and no hazard-referenced result.",Mitigation-conditional,FALSE,Domain expert,current,5.0.0-draft
INT_061,https://mlolita26.github.io/cgiar-climate-taxonomy/terms/INT_061,Boundary planting,windbreak; shelterbelt; hedgerow,Intervention,4,INT_060,"Agroforestry that plants trees and shrubs along the boundaries of fields or farms, providing windbreaks, shade, and additional products while buffering crops against climate stress.",World Agroforestry (ICRAF); AGROVOC: agroforestry (boundary planting),Intervention,Adaptation,Adaptation-conditional,"Intervention addresses a climate hazard, OR produces a qualifying outcome (adaptation-specific or hazard-conditioned), OR produces an adaptation-specific impact; NOT adaptation when done purely for productivity, market, or development with no hazard link and no hazard-referenced result.",n/a,FALSE,Domain expert,current,5.0.0-draft
INT_062,https://mlolita26.github.io/cgiar-climate-taxonomy/terms/INT_062,Alley cropping,hedgerow intercropping,Intervention,4,INT_060,"Agroforestry that grows crops in the alleys between rows of trees or shrubs, combining tree benefits such as soil improvement and microclimate moderation with continued crop production.",World Agroforestry (ICRAF); AGROVOC: alley cropping,Intervention,Adaptation,Adaptation-conditional,"Intervention addresses a climate hazard, OR produces a qualifying outcome (adaptation-specific or hazard-conditioned), OR produces an adaptation-specific impact; NOT adaptation when done purely for productivity, market, or development with no hazard link and no hazard-referenced result.",n/a,FALSE,Domain expert,current,5.0.0-draft
INT_063,https://mlolita26.github.io/cgiar-climate-taxonomy/terms/INT_063,Multi-strata agroforestry,multistrata agroforestry; multi-layer agroforestry,Intervention,4,INT_060,"Agroforestry that combines several vertical layers of trees, shrubs, and crops on the same land, mimicking forest structure to provide diverse products and strong microclimate and soil benefits.",World Agroforestry (ICRAF); AGROVOC: agroforestry (multistrata),Intervention,Adaptation,Adaptation-conditional,"Intervention addresses a climate hazard, OR produces a qualifying outcome (adaptation-specific or hazard-conditioned), OR produces an adaptation-specific impact; NOT adaptation when done purely for productivity, market, or development with no hazard link and no hazard-referenced result.",n/a,FALSE,Domain expert,current,5.0.0-draft
INT_066,https://mlolita26.github.io/cgiar-climate-taxonomy/terms/INT_066,Ecosystem restoration,ecological restoration; landscape restoration,Intervention,3,INT_059,"Landscape management that assists the recovery of degraded, damaged, or destroyed ecosystems to restore their structure, function, and services.",UN Decade on Ecosystem Restoration,Intervention,Adaptation + Mitigation,Adaptation-conditional,"Intervention addresses a climate hazard, OR produces a qualifying outcome (adaptation-specific or hazard-conditioned), OR produces an adaptation-specific impact; NOT adaptation when done purely for productivity, market, or development with no hazard link and no hazard-referenced result.",Mitigation-conditional,FALSE,Domain expert,current,5.0.0-draft
INT_067,https://mlolita26.github.io/cgiar-climate-taxonomy/terms/INT_067,Forest restoration,forest landscape restoration,Intervention,4,INT_066,"Ecosystem restoration that re-establishes forest cover and function on deforested or degraded land, restoring biodiversity, carbon storage, and climate-regulating services.",Bonn Challenge; UN Decade on Ecosystem Restoration (forest restoration),Intervention,Adaptation,Adaptation-conditional,"Intervention addresses a climate hazard, OR produces a qualifying outcome (adaptation-specific or hazard-conditioned), OR produces an adaptation-specific impact; NOT adaptation when done purely for productivity, market, or development with no hazard link and no hazard-referenced result.",n/a,FALSE,Domain expert,current,5.0.0-draft
INT_068,https://mlolita26.github.io/cgiar-climate-taxonomy/terms/INT_068,Mangrove restoration,mangrove rehabilitation,Intervention,4,INT_066,"Ecosystem restoration that re-establishes mangrove forests along coastlines, restoring coastal protection, fisheries habitat, and blue carbon storage that buffer climate hazards.",IPCC AR6 WGII Ch.3 / SROCC (blue carbon),Intervention,Adaptation,Adaptation-conditional,"Intervention addresses a climate hazard, OR produces a qualifying outcome (adaptation-specific or hazard-conditioned), OR produces an adaptation-specific impact; NOT adaptation when done purely for productivity, market, or development with no hazard link and no hazard-referenced result.",n/a,FALSE,Domain expert,current,5.0.0-draft
INT_069,https://mlolita26.github.io/cgiar-climate-taxonomy/terms/INT_069,Peatland restoration,peatland rewetting,Intervention,4,INT_066,"Ecosystem restoration that rewets and rehabilitates degraded peatlands to restore their water-regulation and buffering functions, reducing flood, drought and fire risk (with a co-benefit of avoided carbon emissions).",Global Peatlands Initiative,Intervention,Adaptation,Adaptation-conditional,"Intervention addresses a climate hazard, OR produces a qualifying outcome (adaptation-specific or hazard-conditioned), OR produces an adaptation-specific impact; NOT adaptation when done purely for productivity, market, or development with no hazard link and no hazard-referenced result.",n/a,FALSE,Domain expert,current,5.0.0-draft
INT_070,https://mlolita26.github.io/cgiar-climate-taxonomy/terms/INT_070,Seagrass restoration,seagrass rehabilitation,Intervention,4,INT_066,"Ecosystem restoration that re-establishes seagrass meadows in coastal waters, restoring fisheries habitat, coastal protection, and blue carbon storage.",IPCC SROCC Ch.5 (blue carbon); AGROVOC: seagrasses,Intervention,Adaptation,Adaptation-conditional,"Intervention addresses a climate hazard, OR produces a qualifying outcome (adaptation-specific or hazard-conditioned), OR produces an adaptation-specific impact; NOT adaptation when done purely for productivity, market, or development with no hazard link and no hazard-referenced result.",n/a,FALSE,Domain expert,current,5.0.0-draft
INT_071,https://mlolita26.github.io/cgiar-climate-taxonomy/terms/INT_071,Salt marsh restoration,saltmarsh restoration; tidal marsh restoration,Intervention,4,INT_066,"Ecosystem restoration that re-establishes salt marsh vegetation in coastal wetlands, restoring coastal protection, habitat, and blue carbon storage that buffer climate hazards.",IPCC SROCC Ch.5 (coastal wetlands); AGROVOC: saltmarshes (c_6763),Intervention,Adaptation,Adaptation-conditional,"Intervention addresses a climate hazard, OR produces a qualifying outcome (adaptation-specific or hazard-conditioned), OR produces an adaptation-specific impact; NOT adaptation when done purely for productivity, market, or development with no hazard link and no hazard-referenced result.",n/a,FALSE,Domain expert,current,5.0.0-draft
INT_072,https://mlolita26.github.io/cgiar-climate-taxonomy/terms/INT_072,Rangeland restoration,grassland restoration; rangeland rehabilitation; rehabilitation of rangeland; restoration of rangeland; restoration of grassland,Intervention,4,INT_066,"Ecosystem restoration that restores degraded rangelands by recovering vegetation, soil, and hydrological function to sustain forage and resilience under drought and land degradation.",UNCCD Land Degradation Neutrality (rangeland restoration),Intervention,Adaptation,Adaptation-conditional,"Intervention addresses a climate hazard, OR produces a qualifying outcome (adaptation-specific or hazard-conditioned), OR produces an adaptation-specific impact; NOT adaptation when done purely for productivity, market, or development with no hazard link and no hazard-referenced result.",n/a,FALSE,Domain expert,current,5.0.0-draft
INT_241,https://mlolita26.github.io/cgiar-climate-taxonomy/terms/INT_241,Land restoration,land rehabilitation,Intervention,4,INT_066,"Ecosystem restoration that reestablishes the ecological health and productivity of degraded land, restoring its capacity to deliver ecosystem services and support livelihoods.",AGROVOC; UNCCD (land restoration),Intervention,Adaptation + Mitigation,Adaptation-conditional,"Intervention addresses a climate hazard, OR produces a qualifying outcome (adaptation-specific or hazard-conditioned), OR produces an adaptation-specific impact; NOT adaptation when done purely for productivity, market, or development with no hazard link and no hazard-referenced result.",Mitigation-conditional,FALSE,Lexicon consensus,current,5.0.0-draft
INT_289,https://mlolita26.github.io/cgiar-climate-taxonomy/terms/INT_289,Ecosystem conservation,Land conservation,Intervention,3,INT_059,Landscape management that maintains ecosystems and their species and services by preventing conversion and degradation.,CBD; AGROVOC: nature conservation,Intervention,Adaptation + Mitigation,Adaptation-conditional,"Intervention addresses a climate hazard, OR produces a qualifying outcome (adaptation-specific or hazard-conditioned), OR produces an adaptation-specific impact; NOT adaptation when done purely for productivity, market, or development with no hazard link and no hazard-referenced result.",Mitigation-conditional,FALSE,Restructure (v5),current,5.0.0-draft
INT_074,https://mlolita26.github.io/cgiar-climate-taxonomy/terms/INT_074,Integrated land-use planning,integrated land-use management,Intervention,3,INT_059,"Landscape management that allocates and plans land uses across a territory to meet multiple objectives - production, conservation, and resilience - reducing exposure and vulnerability to climate hazards.",FAO (integrated land-use planning),Intervention,Adaptation,Adaptation-conditional,"Intervention addresses a climate hazard, OR produces a qualifying outcome (adaptation-specific or hazard-conditioned), OR produces an adaptation-specific impact; NOT adaptation when done purely for productivity, market, or development with no hazard link and no hazard-referenced result.",n/a,FALSE,Domain expert,current,5.0.0-draft
INT_064,https://mlolita26.github.io/cgiar-climate-taxonomy/terms/INT_064,Forest management,forest conservation; community-managed forests,Intervention,2,INT_235,"Natural resource management that plans and regulates the use, conservation, and regeneration of forests to sustain their productivity, ecosystem services, and resilience under climate change.",FAO Sustainable Forest Management,Intervention,Adaptation + Mitigation,Adaptation-conditional,"Intervention addresses a climate hazard, OR produces a qualifying outcome (adaptation-specific or hazard-conditioned), OR produces an adaptation-specific impact; NOT adaptation when done purely for productivity, market, or development with no hazard link and no hazard-referenced result.",Mitigation-conditional,FALSE,Domain expert; Lexicon consensus,current,5.0.0-draft
INT_244,https://mlolita26.github.io/cgiar-climate-taxonomy/terms/INT_244,Afforestation,tree establishment,Intervention,3,INT_064,Forest management that establishes forest through planting or seeding on land that has not historically been forested.,IPCC AR6 WGII Annex II,Intervention,Mitigation,n/a,n/a (mitigation),Mitigation-specific,FALSE,Lexicon consensus,current,5.0.0-draft
INT_245,https://mlolita26.github.io/cgiar-climate-taxonomy/terms/INT_245,Reforestation,forest replanting,Intervention,3,INT_064,Forest management that re-establishes forest on land that was previously forested but had been converted to another use.,IPCC AR6 WGII Annex II,Intervention,Adaptation + Mitigation,Adaptation-conditional,"Intervention addresses a climate hazard, OR produces a qualifying outcome (adaptation-specific or hazard-conditioned), OR produces an adaptation-specific impact; NOT adaptation when done purely for productivity, market, or development with no hazard link and no hazard-referenced result.",Mitigation-specific,FALSE,Lexicon consensus,current,5.0.0-draft
INT_246,https://mlolita26.github.io/cgiar-climate-taxonomy/terms/INT_246,Avoided deforestation,zero deforestation,Intervention,3,INT_064,"Forest management that prevents the conversion of existing forest to other land uses, retaining its carbon stock and ecological function.",FAO; UN-REDD,Intervention,Mitigation,n/a,n/a (mitigation),Mitigation-specific,FALSE,Domain expert,current,5.0.0-draft
INT_327,https://mlolita26.github.io/cgiar-climate-taxonomy/terms/INT_327,Sustainable forest management,SFM,Intervention,3,INT_064,"Forest management comprising the sustainable use and conservation of forests with the aim of maintaining and enhancing multiple forest values through human interventions, assessed against the seven thematic elements of the UN Forest Instrument.",FAO (sustainable forest management); UN Forest Instrument (seven thematic elements),Intervention,Adaptation + Mitigation,Adaptation-conditional,"Intervention addresses a climate hazard, OR produces a qualifying outcome (adaptation-specific or hazard-conditioned), OR produces an adaptation-specific impact; NOT adaptation when done purely for productivity, market, or development with no hazard link and no hazard-referenced result.",Mitigation-conditional,FALSE,Restructure (v5),current,5.0.0-draft
INT_075,https://mlolita26.github.io/cgiar-climate-taxonomy/terms/INT_075,Biodiversity conservation,biodiversity protection,Intervention,2,INT_235,"Natural resource management that protects, sustainably manages, and restores the diversity of species, genetic resources, and ecosystems within agricultural and natural landscapes to safeguard the ecological functions and adaptive capacity that buffer production systems against climate change.",Convention on Biological Diversity; AGROVOC: biodiversity conservation,Intervention,Adaptation + Mitigation,Adaptation-conditional,"Intervention addresses a climate hazard, OR produces a qualifying outcome (adaptation-specific or hazard-conditioned), OR produces an adaptation-specific impact; NOT adaptation when done purely for productivity, market, or development with no hazard link and no hazard-referenced result.",Mitigation-conditional,FALSE,Domain expert,current,5.0.0-draft
INT_229,https://mlolita26.github.io/cgiar-climate-taxonomy/terms/INT_229,Climate risk management,disaster risk management; Anticipatory risk management,Intervention,1,,"Intervention encompassing the coordinated processes and measures used to anticipate, assess, reduce, transfer, and respond to climate-related risks to people, assets, and systems.",UNDRR terminology; IPCC AR6 WGII (risk management),Intervention,Adaptation,Adaptation-specific,Intrinsic,n/a,FALSE,Lexicon consensus,current,5.0.0-draft
INT_108,https://mlolita26.github.io/cgiar-climate-taxonomy/terms/INT_108,Anticipatory action,preparedness,Intervention,2,INT_229,"Climate risk management that uses climate and weather forecasts or early-warning information to take pre-agreed protective measures before a predicted hazard materialises, reducing its impacts on people, assets, and livelihoods.",IFRC Anticipation Hub - Anticipatory Action,Intervention,Adaptation,Adaptation-specific,Intrinsic,n/a,FALSE,Domain expert; Lexicon consensus,current,5.0.0-draft
INT_110,https://mlolita26.github.io/cgiar-climate-taxonomy/terms/INT_110,Forecast-based finance,forecast-based action; anticipatory financing; FbF; forecast-based financing,Intervention,3,INT_108,"Anticipatory action that releases pre-arranged funds automatically when forecast or early-warning triggers are reached, enabling early protective measures to be implemented before a climate hazard strikes.",IFRC Anticipation Hub - Forecast-based Financing (FbF),Intervention,Adaptation,Adaptation-specific,Intrinsic,n/a,FALSE,Domain expert,current,5.0.0-draft
INT_111,https://mlolita26.github.io/cgiar-climate-taxonomy/terms/INT_111,Emergency seed distribution,emergency seed provision,Intervention,3,INT_108,"Anticipatory action that supplies adapted seed and planting material to affected farmers ahead of or following a climate shock, enabling timely replanting and recovery of agricultural production.",FAO - emergency seed distribution / seed relief,Intervention,Adaptation,Adaptation-specific,Intrinsic,n/a,FALSE,Domain expert,current,5.0.0-draft
INT_112,https://mlolita26.github.io/cgiar-climate-taxonomy/terms/INT_112,Shock-responsive social protection,adaptive social protection,Intervention,3,INT_108,"Anticipatory action that adapts or scales up social protection systems - such as cash transfers or safety nets - in anticipation of or in response to a climate shock, helping vulnerable households absorb and recover from its impacts.",Oxford Policy Management / FCDO - Shock-Responsive Social Protection,Intervention,Adaptation,Adaptation-specific,Intrinsic,n/a,FALSE,Domain expert,current,5.0.0-draft
INT_221,https://mlolita26.github.io/cgiar-climate-taxonomy/terms/INT_221,Emergency agricultural input distribution,emergency input distribution,Intervention,3,INT_108,"Anticipatory action that delivers production inputs such as fertiliser, tools, feed, or veterinary supplies to affected producers ahead of or following a climate shock, enabling continued or restored agricultural production.",FAO - emergency agricultural input distribution,Intervention,Adaptation,Adaptation-specific,Intrinsic,n/a,FALSE,Domain expert; Restructure (v5),current,5.0.0-draft
INT_230,https://mlolita26.github.io/cgiar-climate-taxonomy/terms/INT_230,Disaster risk reduction,DRR,Intervention,2,INT_229,Climate risk management that lowers exposure and vulnerability to climate hazards.,UNDRR (disaster risk reduction),Intervention,Adaptation,Adaptation-specific,Intrinsic,n/a,FALSE,Lexicon consensus,current,5.0.0-draft
INT_231,https://mlolita26.github.io/cgiar-climate-taxonomy/terms/INT_231,Climate risk transfer,,Intervention,2,INT_229,"Climate risk management that shifts the financial consequences of climate-related losses from one party to another, for example through insurance or other risk-financing instruments, in exchange for a premium or other consideration.",UNDRR (risk transfer),Intervention,Adaptation,Adaptation-specific,Intrinsic,n/a,FALSE,Lexicon consensus,current,5.0.0-draft
INT_120,https://mlolita26.github.io/cgiar-climate-taxonomy/terms/INT_120,Climate insurance,climate risk insurance,Intervention,3,INT_306,"Insurance that transfers the financial risk of climate-related losses from farmers, pastoralists, fisherfolk, or institutions to an insurer in exchange for a premium, providing payouts that support recovery after a hazard.",AGROVOC: agricultural insurance; World Bank climate risk insurance,Intervention,Adaptation,Adaptation-specific,Intrinsic,n/a,FALSE,Domain expert,current,5.0.0-draft
INT_122,https://mlolita26.github.io/cgiar-climate-taxonomy/terms/INT_122,Index insurance,Index-based insurance; parametric insurance; Index-based drought insurance; Index-based livestock insurance,Intervention,4,INT_120,"Climate insurance that pays out when a weather, climate, or remotely sensed index (such as rainfall, temperature, NDVI, or forage condition) associated with climate-related losses crosses a predefined threshold, rather than on individual damage assessment.",World Bank - index insurance; AGROVOC: agricultural insurance (c_28636),Intervention,Adaptation,Adaptation-specific,Intrinsic,n/a,FALSE,Domain expert,current,5.0.0-draft
INT_328,https://mlolita26.github.io/cgiar-climate-taxonomy/terms/INT_328,Weather-index insurance,weather index-based insurance,Intervention,5,INT_122,Index insurance whose payouts are triggered by measured weather variables such as rainfall or temperature recorded at a reference station.,World Bank / IFAD weather index insurance guidance,Intervention,Adaptation,Adaptation-specific,Intrinsic,n/a,FALSE,Restructure (v5),current,5.0.0-draft
INT_290,https://mlolita26.github.io/cgiar-climate-taxonomy/terms/INT_290,Agricultural credit,,Intervention,2,INT_305,Financial service providing loans and credit tailored to agricultural production cycles and investment needs.,AGROVOC: agricultural credit; FAO,Intervention,Adaptation,Adaptation-conditional,"Intervention addresses a climate hazard, OR produces a qualifying outcome (adaptation-specific or hazard-conditioned), OR produces an adaptation-specific impact; NOT adaptation when done purely for productivity, market, or development with no hazard link and no hazard-referenced result.",n/a,FALSE,Restructure (v5),current,5.0.0-draft
INT_113,https://mlolita26.github.io/cgiar-climate-taxonomy/terms/INT_113,Climate finance,Climate risk finance; climate risk financing; adaptation finance instrument; Climate finance information system,Intervention,1,,"Intervention encompassing financial instruments and mechanisms - including index-based insurance, contingency funds, credit, and risk transfer - that help farmers, pastoralists, fisherfolk, and institutions manage, transfer, or recover from climate-related losses.",UNFCCC; FAO/CGIAR climate finance frameworks,Intervention,Adaptation,Adaptation-conditional,"Intervention addresses a climate hazard, OR produces a qualifying outcome (adaptation-specific or hazard-conditioned), OR produces an adaptation-specific impact; NOT adaptation when done purely for productivity, market, or development with no hazard link and no hazard-referenced result.",n/a,FALSE,Domain expert; Lexicon consensus,current,5.0.0-draft
INT_240,https://mlolita26.github.io/cgiar-climate-taxonomy/terms/INT_240,Adaptation finance,adaptation funding; Adaptation investment,Intervention,2,INT_113,Climate finance that is directed specifically at building resilience and adaptive capacity to the impacts of climate change.,UNFCCC (adaptation finance),Intervention,Adaptation,Adaptation-specific,Intrinsic,n/a,FALSE,Lexicon consensus,current,5.0.0-draft
INT_291,https://mlolita26.github.io/cgiar-climate-taxonomy/terms/INT_291,Mitigation finance,,Intervention,2,INT_113,Climate finance directed to activities that reduce greenhouse gas emissions or enhance carbon sinks.,UNFCCC (climate finance for mitigation),Intervention,Adaptation + Mitigation,Adaptation-conditional,"Intervention addresses a climate hazard, OR produces a qualifying outcome (adaptation-specific or hazard-conditioned), OR produces an adaptation-specific impact; NOT adaptation when done purely for productivity, market, or development with no hazard link and no hazard-referenced result.",Mitigation-specific,FALSE,Restructure (v5),current,5.0.0-draft
INT_326,https://mlolita26.github.io/cgiar-climate-taxonomy/terms/INT_326,Carbon finance,carbon revenue,Intervention,3,INT_291,Mitigation finance raised through the sale or transfer of carbon credits generated by emission reduction or removal activities.,World Bank (carbon finance); UNFCCC Paris Agreement Article 6,Intervention,Mitigation,n/a,n/a (mitigation),Mitigation-specific,FALSE,Restructure (v5),current,5.0.0-draft
INT_115,https://mlolita26.github.io/cgiar-climate-taxonomy/terms/INT_115,Blended finance,blended climate finance,Intervention,2,INT_113,Climate finance that strategically combines concessional public or philanthropic funds with commercial capital to mobilise private investment into climate adaptation activities that would otherwise be considered too risky.,OECD - Blended Finance Principles,Intervention,Adaptation,Adaptation-conditional,"Intervention addresses a climate hazard, OR produces a qualifying outcome (adaptation-specific or hazard-conditioned), OR produces an adaptation-specific impact; NOT adaptation when done purely for productivity, market, or development with no hazard link and no hazard-referenced result.",n/a,FALSE,Domain expert,current,5.0.0-draft
INT_292,https://mlolita26.github.io/cgiar-climate-taxonomy/terms/INT_292,Climate change fund,,Intervention,2,INT_113,Climate finance channelled through a dedicated fund established to finance climate action.,"UNFCCC financial mechanism (GCF, Adaptation Fund)",Intervention,Adaptation + Mitigation,Adaptation-conditional,"Intervention addresses a climate hazard, OR produces a qualifying outcome (adaptation-specific or hazard-conditioned), OR produces an adaptation-specific impact; NOT adaptation when done purely for productivity, market, or development with no hazard link and no hazard-referenced result.",Mitigation-conditional,FALSE,Restructure (v5),current,5.0.0-draft
INT_123,https://mlolita26.github.io/cgiar-climate-taxonomy/terms/INT_123,Payment for ecosystem services,PES,Intervention,2,INT_113,"Climate finance that provides financial incentives to land or resource managers in return for managing land in ways that maintain or enhance ecosystem services, supporting adaptation and resilience.",AGROVOC: payments for ecosystem services,Intervention,Adaptation + Mitigation,Adaptation-conditional,"Intervention addresses a climate hazard, OR produces a qualifying outcome (adaptation-specific or hazard-conditioned), OR produces an adaptation-specific impact; NOT adaptation when done purely for productivity, market, or development with no hazard link and no hazard-referenced result.",Mitigation-conditional,FALSE,Domain expert,current,5.0.0-draft
INT_125,https://mlolita26.github.io/cgiar-climate-taxonomy/terms/INT_125,Loss and damage finance,loss and damage funding,Intervention,2,INT_113,"Climate finance that provides funding to address the residual climate-related losses and damages that adaptation and mitigation cannot prevent, supporting affected communities and countries to respond and recover.",UNFCCC - Article 8 (Warsaw International Mechanism); Loss and Damage Fund,Intervention,Adaptation,Adaptation-specific,Intrinsic,n/a,FALSE,Domain expert,current,5.0.0-draft
INT_254,https://mlolita26.github.io/cgiar-climate-taxonomy/terms/INT_254,Carbon market,,Intervention,2,INT_113,Climate finance mechanism through which greenhouse gas emission reductions or removals are quantified as tradable units and exchanged between actors to meet climate targets cost-effectively.,World Bank,Intervention,Mitigation,n/a,n/a (mitigation),Mitigation-specific,FALSE,Domain expert,current,5.0.0-draft
INT_255,https://mlolita26.github.io/cgiar-climate-taxonomy/terms/INT_255,Clean Development Mechanism,CDM,Intervention,3,INT_254,Carbon market mechanism established under the Kyoto Protocol through which emission-reduction projects in developing countries generate tradable credits for use by industrialized countries.,UNFCCC Kyoto Protocol,Intervention,Mitigation,n/a,n/a (mitigation),Mitigation-specific,FALSE,Lexicon consensus,current,5.0.0-draft
INT_256,https://mlolita26.github.io/cgiar-climate-taxonomy/terms/INT_256,Emissions trading scheme,ETS; cap and trade; emissions trading system,Intervention,3,INT_254,"Carbon market mechanism that caps total emissions and allocates tradable allowances, letting regulated entities buy and sell the right to emit within the cap.",UNFCCC,Intervention,Mitigation,n/a,n/a (mitigation),Mitigation-specific,FALSE,Lexicon consensus,current,5.0.0-draft
INT_257,https://mlolita26.github.io/cgiar-climate-taxonomy/terms/INT_257,Article 6 cooperative approach,Article 6.2; internationally transferred mitigation outcomes; ITMOs,Intervention,3,INT_254,Carbon market mechanism under Article 6.2 of the Paris Agreement through which countries use internationally transferred mitigation outcomes (ITMOs) to meet their nationally determined contributions.,UNFCCC Paris Agreement Art. 6.2,Intervention,Mitigation,n/a,n/a (mitigation),Mitigation-specific,FALSE,Domain expert,current,5.0.0-draft
INT_258,https://mlolita26.github.io/cgiar-climate-taxonomy/terms/INT_258,Article 6.4 mechanism,Paris Agreement crediting mechanism,Intervention,3,INT_254,Carbon market mechanism established under Article 6.4 of the Paris Agreement providing a centrally governed framework for generating and trading emission-reduction units.,UNFCCC Paris Agreement Art. 6.4,Intervention,Mitigation,n/a,n/a (mitigation),Mitigation-specific,FALSE,Domain expert,current,5.0.0-draft
INT_259,https://mlolita26.github.io/cgiar-climate-taxonomy/terms/INT_259,Voluntary carbon market instrument,voluntary carbon credit,Intervention,3,INT_254,"Carbon market instrument through which non-state actors purchase emission-reduction or removal credits on a voluntary basis, outside compliance obligations.",Voluntary carbon market,Intervention,Mitigation,n/a,n/a (mitigation),Mitigation-specific,FALSE,Domain expert,current,5.0.0-draft
INT_260,https://mlolita26.github.io/cgiar-climate-taxonomy/terms/INT_260,Reducing emissions from deforestation and forest degradation,REDD+,Intervention,2,INT_113,"Climate finance framework that provides results-based payments to developing countries for reducing forest-related emissions and for conserving, sustainably managing, and enhancing forest carbon stocks.",UN-REDD,Intervention,Mitigation,n/a,n/a (mitigation),Mitigation-specific,FALSE,Domain expert,current,5.0.0-draft
INT_126,https://mlolita26.github.io/cgiar-climate-taxonomy/terms/INT_126,Biodiversity finance,nature finance; finance for nature; finance for biodiversity,Intervention,1,,"Intervention that mobilises and channels funding toward the conservation and sustainable use of biodiversity, supporting ecosystem-based adaptation and the resilience of production landscapes.",CBD - Kunming-Montreal Global Biodiversity Framework (Target 19),Intervention,Adaptation,Adaptation-conditional,"Intervention addresses a climate hazard, OR produces a qualifying outcome (adaptation-specific or hazard-conditioned), OR produces an adaptation-specific impact; NOT adaptation when done purely for productivity, market, or development with no hazard link and no hazard-referenced result.",n/a,FALSE,Domain expert,current,5.0.0-draft
INT_127,https://mlolita26.github.io/cgiar-climate-taxonomy/terms/INT_127,Investment readiness,investment preparation; bankability support,Intervention,1,,"Intervention that builds the institutional capacity, project pipelines, and financial structuring needed for organisations and countries to access and absorb climate adaptation finance effectively.",Green Climate Fund - Readiness and Preparatory Support Programme,Intervention,Adaptation,Adaptation-conditional,"Intervention addresses a climate hazard, OR produces a qualifying outcome (adaptation-specific or hazard-conditioned), OR produces an adaptation-specific impact; NOT adaptation when done purely for productivity, market, or development with no hazard link and no hazard-referenced result.",n/a,FALSE,Domain expert,current,5.0.0-draft
INT_128,https://mlolita26.github.io/cgiar-climate-taxonomy/terms/INT_128,Climate policy support,adaptation planning and policy,Intervention,1,,"Intervention encompassing the development, strengthening, and support of adaptation-related policies, governance systems, institutional capacities, and decision-making processes that enable effective adaptation action across scales and sectors.",FAO/CGIAR policy support frameworks; UNFCCC,Intervention,Adaptation,Adaptation-conditional,"Intervention addresses a climate hazard, OR produces a qualifying outcome (adaptation-specific or hazard-conditioned), OR produces an adaptation-specific impact; NOT adaptation when done purely for productivity, market, or development with no hazard link and no hazard-referenced result.",n/a,FALSE,Domain expert,current,5.0.0-draft
INT_129,https://mlolita26.github.io/cgiar-climate-taxonomy/terms/INT_129,Climate policy analysis,policy analysis,Intervention,2,INT_128,"Climate policy support that assesses the design, options, costs, and likely effects of policies relevant to climate adaptation in order to inform evidence-based policy and decision-making.",AGROVOC: policy analysis,Intervention,Adaptation,Adaptation-conditional,"Intervention addresses a climate hazard, OR produces a qualifying outcome (adaptation-specific or hazard-conditioned), OR produces an adaptation-specific impact; NOT adaptation when done purely for productivity, market, or development with no hazard link and no hazard-referenced result.",n/a,FALSE,Domain expert,current,5.0.0-draft
INT_130,https://mlolita26.github.io/cgiar-climate-taxonomy/terms/INT_130,Climate policy drafting,policy drafting; policy formulation,Intervention,2,INT_128,"Climate policy support that develops the text of laws, regulations, strategies, or plans relevant to climate adaptation, translating evidence and priorities into formal policy instruments.",OECD (policy development); CGIAR policy support,Intervention,Adaptation,Adaptation-conditional,"Intervention addresses a climate hazard, OR produces a qualifying outcome (adaptation-specific or hazard-conditioned), OR produces an adaptation-specific impact; NOT adaptation when done purely for productivity, market, or development with no hazard link and no hazard-referenced result.",n/a,FALSE,Domain expert; Lexicon consensus,current,5.0.0-draft
INT_131,https://mlolita26.github.io/cgiar-climate-taxonomy/terms/INT_131,Climate policy dialogue,policy dialogue,Intervention,2,INT_128,"Climate policy support that convenes government, research, civil society, and private-sector actors to deliberate over adaptation policy options and build shared understanding and agreement.",OECD (policy dialogue),Intervention,Adaptation,Adaptation-conditional,"Intervention addresses a climate hazard, OR produces a qualifying outcome (adaptation-specific or hazard-conditioned), OR produces an adaptation-specific impact; NOT adaptation when done purely for productivity, market, or development with no hazard link and no hazard-referenced result.",n/a,FALSE,Domain expert,current,5.0.0-draft
INT_136,https://mlolita26.github.io/cgiar-climate-taxonomy/terms/INT_136,Subsidy reform,subsidy repurposing,Intervention,2,INT_128,Climate policy support that repurposes or restructures agricultural support and subsidies to reduce harmful incentives and redirect resources toward climate-adaptive and sustainable production.,FAO/UNDP/UNEP (2021) - A Multi-Billion-Dollar Opportunity: Repurposing Agricultural Support,Intervention,Adaptation,Adaptation-conditional,"Intervention addresses a climate hazard, OR produces a qualifying outcome (adaptation-specific or hazard-conditioned), OR produces an adaptation-specific impact; NOT adaptation when done purely for productivity, market, or development with no hazard link and no hazard-referenced result.",n/a,FALSE,Domain expert,current,5.0.0-draft
INT_137,https://mlolita26.github.io/cgiar-climate-taxonomy/terms/INT_137,Standards development,standard setting,Intervention,2,INT_128,"Climate policy support that designs and establishes technical standards, protocols and codes of practice for climate-relevant agricultural activity.",FAO/ISO standards and certification frameworks,Intervention,Adaptation,Adaptation-conditional,"Intervention addresses a climate hazard, OR produces a qualifying outcome (adaptation-specific or hazard-conditioned), OR produces an adaptation-specific impact; NOT adaptation when done purely for productivity, market, or development with no hazard link and no hazard-referenced result.",n/a,FALSE,Domain expert,current,5.0.0-draft
INT_149,https://mlolita26.github.io/cgiar-climate-taxonomy/terms/INT_149,Capacity sharing,capacity development; capacity building,Intervention,1,,"Intervention involving the strengthening of knowledge, skills, and capacities of farmers, pastoralists, fisherfolk, researchers, extension agents, policymakers, and other stakeholders needed to support climate adaptation.",FAO/CGIAR capacity development frameworks,Intervention,Adaptation,Adaptation-conditional,"Intervention addresses a climate hazard, OR produces a qualifying outcome (adaptation-specific or hazard-conditioned), OR produces an adaptation-specific impact; NOT adaptation when done purely for productivity, market, or development with no hazard link and no hazard-referenced result.",n/a,FALSE,Domain expert,current,5.0.0-draft
INT_150,https://mlolita26.github.io/cgiar-climate-taxonomy/terms/INT_150,Training,,Intervention,1,,"Intervention that imparts adaptation-relevant knowledge and skills to learners through structured instruction, courses, or workshops.",AGROVOC: training,Intervention,Adaptation,Adaptation-conditional,"Intervention addresses a climate hazard, OR produces a qualifying outcome (adaptation-specific or hazard-conditioned), OR produces an adaptation-specific impact; NOT adaptation when done purely for productivity, market, or development with no hazard link and no hazard-referenced result.",n/a,FALSE,Domain expert,current,5.0.0-draft
INT_309,https://mlolita26.github.io/cgiar-climate-taxonomy/terms/INT_309,Training of trainers,ToT,Intervention,2,INT_150,Training that equips selected trainers to cascade knowledge and skills onward to further trainers or end users.,FAO (training of trainers),Intervention,Adaptation,Adaptation-conditional,"Intervention addresses a climate hazard, OR produces a qualifying outcome (adaptation-specific or hazard-conditioned), OR produces an adaptation-specific impact; NOT adaptation when done purely for productivity, market, or development with no hazard link and no hazard-referenced result.",n/a,FALSE,Restructure (v5),current,5.0.0-draft
INT_151,https://mlolita26.github.io/cgiar-climate-taxonomy/terms/INT_151,Curriculum,,Intervention,1,,Intervention that designs structured sets of learning modules and competencies to build adaptation-relevant knowledge and skills over a course or programme.,AGROVOC: curriculum,Intervention,Adaptation,Adaptation-conditional,"Intervention addresses a climate hazard, OR produces a qualifying outcome (adaptation-specific or hazard-conditioned), OR produces an adaptation-specific impact; NOT adaptation when done purely for productivity, market, or development with no hazard link and no hazard-referenced result.",n/a,FALSE,Domain expert,current,5.0.0-draft
INT_152,https://mlolita26.github.io/cgiar-climate-taxonomy/terms/INT_152,Coaching,,Intervention,1,,"Intervention that provides individualised, ongoing guidance to help a learner develop specific adaptation-relevant skills and apply them in practice.",AGROVOC: capacity development,Intervention,Adaptation,Adaptation-conditional,"Intervention addresses a climate hazard, OR produces a qualifying outcome (adaptation-specific or hazard-conditioned), OR produces an adaptation-specific impact; NOT adaptation when done purely for productivity, market, or development with no hazard link and no hazard-referenced result.",n/a,FALSE,Domain expert,current,5.0.0-draft
INT_153,https://mlolita26.github.io/cgiar-climate-taxonomy/terms/INT_153,Fellowship,,Intervention,1,,"Intervention that supports an individual through a funded placement or programme to develop advanced adaptation-relevant knowledge, skills, or research experience.",Capacity-development modality (CGIAR portfolio; no AGROVOC concept),Intervention,Adaptation,Adaptation-conditional,"Intervention addresses a climate hazard, OR produces a qualifying outcome (adaptation-specific or hazard-conditioned), OR produces an adaptation-specific impact; NOT adaptation when done purely for productivity, market, or development with no hazard link and no hazard-referenced result.",n/a,FALSE,Domain expert,current,5.0.0-draft
INT_154,https://mlolita26.github.io/cgiar-climate-taxonomy/terms/INT_154,Institutional twinning,twinning,Intervention,1,,"Intervention that pairs an institution with a more experienced counterpart so that knowledge, skills, and working practices relevant to adaptation are transferred through sustained collaboration.",European Commission - Institutional Twinning,Intervention,Adaptation,Adaptation-conditional,"Intervention addresses a climate hazard, OR produces a qualifying outcome (adaptation-specific or hazard-conditioned), OR produces an adaptation-specific impact; NOT adaptation when done purely for productivity, market, or development with no hazard link and no hazard-referenced result.",n/a,FALSE,Domain expert,current,5.0.0-draft
INT_155,https://mlolita26.github.io/cgiar-climate-taxonomy/terms/INT_155,South-South knowledge exchange,South-South cooperation; South-South exchange; South-South learning,Intervention,1,,"Intervention that facilitates the transfer of adaptation-relevant knowledge, technology, and experience between developing countries.",AGROVOC: South-South cooperation (c_25dc8c8a),Intervention,Adaptation,Adaptation-conditional,"Intervention addresses a climate hazard, OR produces a qualifying outcome (adaptation-specific or hazard-conditioned), OR produces an adaptation-specific impact; NOT adaptation when done purely for productivity, market, or development with no hazard link and no hazard-referenced result.",n/a,FALSE,Domain expert,current,5.0.0-draft
INT_156,https://mlolita26.github.io/cgiar-climate-taxonomy/terms/INT_156,Triangular cooperation,triangular development cooperation,Intervention,1,,"Intervention in which a third partner, typically a developed country or multilateral body, facilitates and supports South-South exchange of adaptation-relevant knowledge and resources.",OECD DAC; UN Office for South-South Cooperation,Intervention,Adaptation,Adaptation-conditional,"Intervention addresses a climate hazard, OR produces a qualifying outcome (adaptation-specific or hazard-conditioned), OR produces an adaptation-specific impact; NOT adaptation when done purely for productivity, market, or development with no hazard link and no hazard-referenced result.",n/a,FALSE,Domain expert,current,5.0.0-draft
INT_160,https://mlolita26.github.io/cgiar-climate-taxonomy/terms/INT_160,Community of practice,CoP,Intervention,1,,"Intervention that establishes and supports groups of people who share a domain of interest and learn collectively, enabling the exchange of adaptation knowledge and practices.",AGROVOC: communities of practice,Intervention,Adaptation,Adaptation-conditional,"Intervention addresses a climate hazard, OR produces a qualifying outcome (adaptation-specific or hazard-conditioned), OR produces an adaptation-specific impact; NOT adaptation when done purely for productivity, market, or development with no hazard link and no hazard-referenced result.",n/a,FALSE,Domain expert,current,5.0.0-draft
INT_161,https://mlolita26.github.io/cgiar-climate-taxonomy/terms/INT_161,Knowledge integration,,Intervention,1,,"Intervention that incorporates indigenous knowledge (understandings, skills, and philosophies developed by societies with long histories of interaction with their natural surroundings) and local knowledge into climate adaptation research, planning, and practice alongside scientific knowledge.",IPCC AR6 WGII Glossary (Indigenous knowledge; Local knowledge),Intervention,Adaptation,Adaptation-conditional,"Intervention addresses a climate hazard, OR produces a qualifying outcome (adaptation-specific or hazard-conditioned), OR produces an adaptation-specific impact; NOT adaptation when done purely for productivity, market, or development with no hazard link and no hazard-referenced result.",n/a,FALSE,Domain expert,current,5.0.0-draft
INT_222,https://mlolita26.github.io/cgiar-climate-taxonomy/terms/INT_222,Mentoring,mentorship,Intervention,1,,"Intervention in which an experienced individual provides guidance, advice, and support to a less experienced person to develop their adaptation-relevant knowledge, skills, and professional growth.",Capacity-development modality (CGIAR portfolio; no AGROVOC concept),Intervention,Adaptation,Adaptation-conditional,"Intervention addresses a climate hazard, OR produces a qualifying outcome (adaptation-specific or hazard-conditioned), OR produces an adaptation-specific impact; NOT adaptation when done purely for productivity, market, or development with no hazard link and no hazard-referenced result.",n/a,FALSE,Domain expert; Restructure (v5),current,5.0.0-draft
INT_223,https://mlolita26.github.io/cgiar-climate-taxonomy/terms/INT_223,Scholarship,,Intervention,1,,Intervention that provides financial support enabling an individual to undertake formal education or training that builds adaptation-relevant knowledge and skills.,AGROVOC: scholarship,Intervention,Adaptation,Adaptation-conditional,"Intervention addresses a climate hazard, OR produces a qualifying outcome (adaptation-specific or hazard-conditioned), OR produces an adaptation-specific impact; NOT adaptation when done purely for productivity, market, or development with no hazard link and no hazard-referenced result.",n/a,FALSE,Domain expert; Restructure (v5),current,5.0.0-draft
INT_224,https://mlolita26.github.io/cgiar-climate-taxonomy/terms/INT_224,Secondment,,Intervention,1,,"Intervention that temporarily places an individual within another organisation to share and build adaptation-relevant skills, knowledge, and working relationships.",FAO/CGIAR capacity development frameworks,Intervention,Adaptation,Adaptation-conditional,"Intervention addresses a climate hazard, OR produces a qualifying outcome (adaptation-specific or hazard-conditioned), OR produces an adaptation-specific impact; NOT adaptation when done purely for productivity, market, or development with no hazard link and no hazard-referenced result.",n/a,FALSE,Domain expert; Restructure (v5),current,5.0.0-draft
INT_166,https://mlolita26.github.io/cgiar-climate-taxonomy/terms/INT_166,Scaling,,Intervention,1,,"Intervention that expands the reach, adoption, and sustained use of adaptation innovations, practices, products, or services so that their benefits extend to more people, places, and systems.",CGIAR Scaling Readiness (Sartas & Leeuwis 2020),Intervention,Adaptation,Adaptation-conditional,"Intervention addresses a climate hazard, OR produces a qualifying outcome (adaptation-specific or hazard-conditioned), OR produces an adaptation-specific impact; NOT adaptation when done purely for productivity, market, or development with no hazard link and no hazard-referenced result.",n/a,FALSE,Domain expert,current,5.0.0-draft
INT_293,https://mlolita26.github.io/cgiar-climate-taxonomy/terms/INT_293,Responsible scaling,,Intervention,2,INT_166,"Scaling that anticipates and manages the social, environmental and equity consequences of expanding an innovation.",CGIAR Scaling Readiness (responsible scaling),Intervention,Adaptation,Adaptation-conditional,"Intervention addresses a climate hazard, OR produces a qualifying outcome (adaptation-specific or hazard-conditioned), OR produces an adaptation-specific impact; NOT adaptation when done purely for productivity, market, or development with no hazard link and no hazard-referenced result.",n/a,FALSE,Restructure (v5),current,5.0.0-draft
INT_238,https://mlolita26.github.io/cgiar-climate-taxonomy/terms/INT_238,Technology transfer,tech transfer,Intervention,1,,Intervention that spreads adaptation and mitigation technologies within and across countries.,IPCC AR6; UNFCCC (technology transfer),Intervention,Adaptation,Adaptation-conditional,"Intervention addresses a climate hazard, OR produces a qualifying outcome (adaptation-specific or hazard-conditioned), OR produces an adaptation-specific impact; NOT adaptation when done purely for productivity, market, or development with no hazard link and no hazard-referenced result.",n/a,FALSE,Lexicon consensus,current,5.0.0-draft
INT_167,https://mlolita26.github.io/cgiar-climate-taxonomy/terms/INT_167,Scaling readiness assessment,scaling readiness,Intervention,1,,Intervention that diagnoses how ready an adaptation innovation is for use at scale and identifies the bottlenecks that must be addressed to expand its adoption.,Sartas et al. (2020) Scaling Readiness,Intervention,Adaptation,Adaptation-conditional,"Intervention addresses a climate hazard, OR produces a qualifying outcome (adaptation-specific or hazard-conditioned), OR produces an adaptation-specific impact; NOT adaptation when done purely for productivity, market, or development with no hazard link and no hazard-referenced result.",n/a,FALSE,Domain expert,current,5.0.0-draft
INT_168,https://mlolita26.github.io/cgiar-climate-taxonomy/terms/INT_168,Innovation bundling,bundling,Intervention,1,,"Intervention that combines complementary adaptation innovations, practices, or services into an integrated package so they can be adopted and deliver benefits together.",CGIAR scaling literature (bundled innovations),Intervention,Adaptation,Adaptation-conditional,"Intervention addresses a climate hazard, OR produces a qualifying outcome (adaptation-specific or hazard-conditioned), OR produces an adaptation-specific impact; NOT adaptation when done purely for productivity, market, or development with no hazard link and no hazard-referenced result.",n/a,FALSE,Domain expert,current,5.0.0-draft
INT_169,https://mlolita26.github.io/cgiar-climate-taxonomy/terms/INT_169,Business model development,business modelling,Intervention,1,,"Intervention that designs the organisational and financial model through which adaptation products, services, or technologies are delivered to and sustained for intended users.",AGROVOC: business models,Intervention,Adaptation,Adaptation-conditional,"Intervention addresses a climate hazard, OR produces a qualifying outcome (adaptation-specific or hazard-conditioned), OR produces an adaptation-specific impact; NOT adaptation when done purely for productivity, market, or development with no hazard link and no hazard-referenced result.",n/a,FALSE,Domain expert,current,5.0.0-draft
INT_173,https://mlolita26.github.io/cgiar-climate-taxonomy/terms/INT_173,Public-private partnership development,PPP,Intervention,1,,"Intervention that establishes collaborative arrangements between public bodies and private enterprises to jointly finance, deliver, and scale climate adaptation products and services.",AGROVOC: public-private partnerships,Intervention,Adaptation,Adaptation-conditional,"Intervention addresses a climate hazard, OR produces a qualifying outcome (adaptation-specific or hazard-conditioned), OR produces an adaptation-specific impact; NOT adaptation when done purely for productivity, market, or development with no hazard link and no hazard-referenced result.",n/a,FALSE,Domain expert,current,5.0.0-draft
INT_181,https://mlolita26.github.io/cgiar-climate-taxonomy/terms/INT_181,Research,,Intervention,1,,"Intervention that generates, analyses, and consolidates evidence on climate risks, adaptation options, and their effectiveness to inform adaptation decision-making and practice.",AGROVOC: research,Intervention,Adaptation,Adaptation-conditional,"Intervention addresses a climate hazard, OR produces a qualifying outcome (adaptation-specific or hazard-conditioned), OR produces an adaptation-specific impact; NOT adaptation when done purely for productivity, market, or development with no hazard link and no hazard-referenced result.",n/a,FALSE,Domain expert,current,5.0.0-draft
INT_237,https://mlolita26.github.io/cgiar-climate-taxonomy/terms/INT_237,Participatory rural appraisal,PRA,Intervention,1,,"Intervention that engages rural communities in gathering and analysing information about their own conditions, building shared understanding to inform planning and decision-making.",FAO (participatory rural appraisal),Intervention,Adaptation,Adaptation-conditional,"Intervention addresses a climate hazard, OR produces a qualifying outcome (adaptation-specific or hazard-conditioned), OR produces an adaptation-specific impact; NOT adaptation when done purely for productivity, market, or development with no hazard link and no hazard-referenced result.",n/a,FALSE,Lexicon consensus,current,5.0.0-draft
INT_101,https://mlolita26.github.io/cgiar-climate-taxonomy/terms/INT_101,Risk assessment,risk analysis,Intervention,1,,"Intervention that identifies, analyses, and evaluates risks - including the interaction of hazard, exposure, and vulnerability - to inform adaptation and disaster risk reduction decisions.",Sendai Framework; IPCC AR6 WGII,Intervention,Adaptation,Adaptation-conditional,"Intervention addresses a climate hazard, OR produces a qualifying outcome (adaptation-specific or hazard-conditioned), OR produces an adaptation-specific impact; NOT adaptation when done purely for productivity, market, or development with no hazard link and no hazard-referenced result.",n/a,FALSE,Domain expert; Lexicon consensus,current,5.0.0-draft
INT_239,https://mlolita26.github.io/cgiar-climate-taxonomy/terms/INT_239,Adaptation assessment,adaptation needs assessment,Intervention,2,INT_101,"Risk assessment that evaluates adaptation options, policies, and programmes for their potential to reduce climate risk and build resilience, accounting for the multiple determinants of climate-sensitive outcomes.",UNFCCC; IPCC AR6 WGII,Intervention,Adaptation,Adaptation-specific,Intrinsic,n/a,FALSE,Lexicon consensus,current,5.0.0-draft
INT_102,https://mlolita26.github.io/cgiar-climate-taxonomy/terms/INT_102,Climate risk assessment,climate risk analysis; CRA,Intervention,2,INT_101,"Risk assessment that evaluates the risk arising from the interaction of climate-related hazards with the exposure and vulnerability of a defined system, in order to inform adaptation planning.",IPCC AR6 WGII (risk assessment methodology),Intervention,Adaptation,Adaptation-specific,Intrinsic,n/a,FALSE,Domain expert,current,5.0.0-draft
INT_103,https://mlolita26.github.io/cgiar-climate-taxonomy/terms/INT_103,Vulnerability assessment,vulnerability analysis,Intervention,2,INT_101,"Risk assessment that evaluates the sensitivity and adaptive capacity of a system, population, or sector in order to understand its propensity to be adversely affected by climate hazards.",IPCC AR6 WGII (vulnerability assessment),Intervention,Adaptation,Adaptation-specific,Intrinsic,n/a,FALSE,Domain expert,current,5.0.0-draft
INT_104,https://mlolita26.github.io/cgiar-climate-taxonomy/terms/INT_104,Multi-hazard analysis,multi-hazard assessment,Intervention,2,INT_101,"Risk assessment that examines multiple coincident or interacting climate and other hazards together, capturing their combined and compounding effects on a system.",Sendai Framework (multi-hazard / compound risk),Intervention,Adaptation,Adaptation-specific,"Intervention addresses a climate hazard, OR produces a qualifying outcome (adaptation-specific or hazard-conditioned), OR produces an adaptation-specific impact; NOT adaptation when done purely for productivity, market, or development with no hazard link and no hazard-referenced result.",n/a,FALSE,Domain expert,current,5.0.0-draft
INT_106,https://mlolita26.github.io/cgiar-climate-taxonomy/terms/INT_106,Loss and damage assessment,loss and damage evaluation,Intervention,2,INT_101,"Risk assessment that quantifies the economic and non-economic losses and damages caused by climate impacts, including residual impacts beyond what adaptation can avert.",UNFCCC - Warsaw International Mechanism (Article 8),Intervention,Adaptation,Adaptation-specific,Intrinsic,n/a,FALSE,Domain expert,current,5.0.0-draft
INT_107,https://mlolita26.github.io/cgiar-climate-taxonomy/terms/INT_107,Climate-conflict risk analysis,climate security analysis,Intervention,2,INT_101,"Risk assessment that examines how climate hazards interact with social, economic, and political conditions to influence the risk of conflict and insecurity.",IPCC AR6 WGII Ch.7,Intervention,Adaptation,Adaptation-specific,Intrinsic,n/a,FALSE,Domain expert,current,5.0.0-draft
INT_182,https://mlolita26.github.io/cgiar-climate-taxonomy/terms/INT_182,Evidence synthesis,systematic review; meta-analysis,Intervention,1,,"Intervention that systematically collects, appraises, and consolidates existing research findings on adaptation to produce reliable evidence for decision-making.",Collaboration for Environmental Evidence (CEE) guidelines,Intervention,Adaptation,Adaptation-conditional,"Intervention addresses a climate hazard, OR produces a qualifying outcome (adaptation-specific or hazard-conditioned), OR produces an adaptation-specific impact; NOT adaptation when done purely for productivity, market, or development with no hazard link and no hazard-referenced result.",n/a,FALSE,Domain expert,current,5.0.0-draft
INT_183,https://mlolita26.github.io/cgiar-climate-taxonomy/terms/INT_183,Foresight analysis,strategic foresight; futures analysis; foresight,Intervention,1,,"Intervention that explores plausible future conditions, drivers, and uncertainties affecting food and agricultural systems to inform long-term adaptation strategy.",FAO - The Future of Food and Agriculture (foresight); AGROVOC: foresight,Intervention,Adaptation,Adaptation-conditional,"Intervention addresses a climate hazard, OR produces a qualifying outcome (adaptation-specific or hazard-conditioned), OR produces an adaptation-specific impact; NOT adaptation when done purely for productivity, market, or development with no hazard link and no hazard-referenced result.",n/a,FALSE,Domain expert,current,5.0.0-draft
INT_184,https://mlolita26.github.io/cgiar-climate-taxonomy/terms/INT_184,Economic analysis,economic assessment,Intervention,1,,"Intervention that assesses the costs, benefits, and economic trade-offs of adaptation options to inform investment and policy decisions.",AGROVOC: economic analysis,Intervention,Adaptation,Adaptation-conditional,"Intervention addresses a climate hazard, OR produces a qualifying outcome (adaptation-specific or hazard-conditioned), OR produces an adaptation-specific impact; NOT adaptation when done purely for productivity, market, or development with no hazard link and no hazard-referenced result.",n/a,FALSE,Domain expert,current,5.0.0-draft
INT_185,https://mlolita26.github.io/cgiar-climate-taxonomy/terms/INT_185,Political economy analysis,PEA,Intervention,1,,"Intervention that examines the power relations, incentives, and institutions shaping adaptation decisions, to inform feasible and effective interventions.",DFID/ODI - Political Economy Analysis,Intervention,Adaptation,Adaptation-conditional,"Intervention addresses a climate hazard, OR produces a qualifying outcome (adaptation-specific or hazard-conditioned), OR produces an adaptation-specific impact; NOT adaptation when done purely for productivity, market, or development with no hazard link and no hazard-referenced result.",n/a,FALSE,Domain expert,current,5.0.0-draft
INT_186,https://mlolita26.github.io/cgiar-climate-taxonomy/terms/INT_186,True-cost accounting,TCA,Intervention,1,,"Intervention that quantifies the hidden environmental, social, and health costs and benefits of food and agricultural systems to inform more sustainable and adaptive decisions.",TEEBAgriFood Evaluation Framework,Intervention,Adaptation,Adaptation-conditional,"Intervention addresses a climate hazard, OR produces a qualifying outcome (adaptation-specific or hazard-conditioned), OR produces an adaptation-specific impact; NOT adaptation when done purely for productivity, market, or development with no hazard link and no hazard-referenced result.",n/a,FALSE,Domain expert,current,5.0.0-draft
INT_187,https://mlolita26.github.io/cgiar-climate-taxonomy/terms/INT_187,Whole-farm system analysis,whole-farm analysis; farming systems analysis,Intervention,1,,"Intervention that models the farm as an integrated system to evaluate how adaptation options affect production, resources, and risk across its components.",AGROVOC: farming systems research (whole-farm modelling),Intervention,Adaptation,Adaptation-conditional,"Intervention addresses a climate hazard, OR produces a qualifying outcome (adaptation-specific or hazard-conditioned), OR produces an adaptation-specific impact; NOT adaptation when done purely for productivity, market, or development with no hazard link and no hazard-referenced result.",n/a,FALSE,Domain expert,current,5.0.0-draft
INT_188,https://mlolita26.github.io/cgiar-climate-taxonomy/terms/INT_188,Spatial prioritization,spatial targeting,Intervention,1,,Intervention that uses spatial data and analysis to identify and rank locations where adaptation investments or interventions would be most needed or effective.,AGROVOC: spatial analysis; CGIAR targeting,Intervention,Adaptation,Adaptation-conditional,"Intervention addresses a climate hazard, OR produces a qualifying outcome (adaptation-specific or hazard-conditioned), OR produces an adaptation-specific impact; NOT adaptation when done purely for productivity, market, or development with no hazard link and no hazard-referenced result.",n/a,FALSE,Domain expert,current,5.0.0-draft
INT_225,https://mlolita26.github.io/cgiar-climate-taxonomy/terms/INT_225,Scenario analysis,scenario planning,Intervention,1,,Intervention that constructs and compares plausible future scenarios - such as shared socioeconomic and climate pathways - to assess climate risks and the robustness of adaptation options.,IPCC AR6 WGII Ch.18; SSP scenarios,Intervention,Adaptation,Adaptation-conditional,"Intervention addresses a climate hazard, OR produces a qualifying outcome (adaptation-specific or hazard-conditioned), OR produces an adaptation-specific impact; NOT adaptation when done purely for productivity, market, or development with no hazard link and no hazard-referenced result.",n/a,FALSE,Domain expert; Restructure (v5),current,5.0.0-draft
INT_226,https://mlolita26.github.io/cgiar-climate-taxonomy/terms/INT_226,Financial analysis,financial assessment,Intervention,1,,"Intervention that assesses the financial viability, returns, and risks of adaptation investments to inform financing and budgeting decisions.",AGROVOC: financial analysis,Intervention,Adaptation,Adaptation-conditional,"Intervention addresses a climate hazard, OR produces a qualifying outcome (adaptation-specific or hazard-conditioned), OR produces an adaptation-specific impact; NOT adaptation when done purely for productivity, market, or development with no hazard link and no hazard-referenced result.",n/a,FALSE,Domain expert; Restructure (v5),current,5.0.0-draft
INT_294,https://mlolita26.github.io/cgiar-climate-taxonomy/terms/INT_294,Cost-benefit analysis,,Intervention,2,INT_184,Economic analysis that compares the monetised costs and benefits of an intervention to assess its net value.,OECD (cost-benefit analysis),Intervention,Adaptation,Adaptation-conditional,"Intervention addresses a climate hazard, OR produces a qualifying outcome (adaptation-specific or hazard-conditioned), OR produces an adaptation-specific impact; NOT adaptation when done purely for productivity, market, or development with no hazard link and no hazard-referenced result.",n/a,FALSE,Restructure (v5),current,5.0.0-draft
INT_189,https://mlolita26.github.io/cgiar-climate-taxonomy/terms/INT_189,Climate-health integration,integration of climate and health,Intervention,1,,"Intervention that protects and improves human health and nutrition outcomes under climate change, addressing climate-sensitive risks to diets, food safety, and health systems.",IPCC AR6 WGII Ch.7,Intervention,Adaptation,Adaptation-conditional,"Intervention addresses a climate hazard, OR produces a qualifying outcome (adaptation-specific or hazard-conditioned), OR produces an adaptation-specific impact; NOT adaptation when done purely for productivity, market, or development with no hazard link and no hazard-referenced result.",n/a,FALSE,Domain expert,current,5.0.0-draft
INT_295,https://mlolita26.github.io/cgiar-climate-taxonomy/terms/INT_295,Livestock nutrition,animal nutrition,Intervention,2,INT_048,"Livestock management concerned with the feeding and nutrition of animals - diets, rations and supplements - for health and productivity.",FAO (animal feeding and nutrition),Intervention,Adaptation,Adaptation-conditional,"Intervention addresses a climate hazard, OR produces a qualifying outcome (adaptation-specific or hazard-conditioned), OR produces an adaptation-specific impact; NOT adaptation when done purely for productivity, market, or development with no hazard link and no hazard-referenced result.",n/a,FALSE,Restructure (v5),current,5.0.0-draft
INT_296,https://mlolita26.github.io/cgiar-climate-taxonomy/terms/INT_296,Human nutrition,nutrition intervention,Intervention,1,,Intervention that improves the dietary intake and nutritional status of people through food-based approaches.,FAO/WHO (human nutrition),Intervention,Adaptation,Adaptation-conditional,"Intervention addresses a climate hazard, OR produces a qualifying outcome (adaptation-specific or hazard-conditioned), OR produces an adaptation-specific impact; NOT adaptation when done purely for productivity, market, or development with no hazard link and no hazard-referenced result.",n/a,FALSE,Restructure (v5),current,5.0.0-draft
INT_191,https://mlolita26.github.io/cgiar-climate-taxonomy/terms/INT_191,Nutrition-sensitive agriculture,NSA,Intervention,2,INT_296,"Human nutrition that designs agricultural production and food systems to improve the availability, access, and consumption of diverse and nutritious foods under climate stress.",FAO - nutrition-sensitive agriculture,Intervention,Adaptation,Adaptation-conditional,"Intervention addresses a climate hazard, OR produces a qualifying outcome (adaptation-specific or hazard-conditioned), OR produces an adaptation-specific impact; NOT adaptation when done purely for productivity, market, or development with no hazard link and no hazard-referenced result.",n/a,FALSE,Domain expert,current,5.0.0-draft
INT_192,https://mlolita26.github.io/cgiar-climate-taxonomy/terms/INT_192,Healthy diet,sustainable diet,Intervention,2,INT_296,"Human nutrition that encourages dietary patterns that are health-promoting and environmentally sustainable, supporting adaptation and resilient food systems.",FAO/WHO - Sustainable Healthy Diets guiding principles; EAT-Lancet,Intervention,Adaptation,Adaptation-conditional,"Intervention addresses a climate hazard, OR produces a qualifying outcome (adaptation-specific or hazard-conditioned), OR produces an adaptation-specific impact; NOT adaptation when done purely for productivity, market, or development with no hazard link and no hazard-referenced result.",n/a,FALSE,Domain expert,current,5.0.0-draft
INT_193,https://mlolita26.github.io/cgiar-climate-taxonomy/terms/INT_193,Food safety management,food safety control; food savety,Intervention,1,,"Intervention that controls biological, chemical, and physical hazards along the food chain to protect human health.",Codex Alimentarius; AGROVOC: food safety,Intervention,Adaptation,Adaptation-conditional,"Intervention addresses a climate hazard, OR produces a qualifying outcome (adaptation-specific or hazard-conditioned), OR produces an adaptation-specific impact; NOT adaptation when done purely for productivity, market, or development with no hazard link and no hazard-referenced result.",n/a,FALSE,Domain expert,current,5.0.0-draft
INT_089,https://mlolita26.github.io/cgiar-climate-taxonomy/terms/INT_089,Food loss and waste,,Intervention,1,,"Intervention that reduces the loss and waste of food along the supply chain, easing pressure on resources and strengthening food system resilience under climate change.",SDG 12.3; FAO - The State of Food and Agriculture (food loss and waste),Intervention,Adaptation,Adaptation-conditional,"Intervention addresses a climate hazard, OR produces a qualifying outcome (adaptation-specific or hazard-conditioned), OR produces an adaptation-specific impact; NOT adaptation when done purely for productivity, market, or development with no hazard link and no hazard-referenced result.",n/a,FALSE,Domain expert,current,5.0.0-draft
INT_247,https://mlolita26.github.io/cgiar-climate-taxonomy/terms/INT_247,Energy management,energy transition,Intervention,1,,"Activity that manages the generation, supply, and use of energy in agri-food systems to reduce fossil-fuel dependence and associated greenhouse gas emissions.",FAO / IEA (energy management in agrifood systems),Intervention,Adaptation + Mitigation,Adaptation-conditional,"Intervention addresses a climate hazard, OR produces a qualifying outcome (adaptation-specific or hazard-conditioned), OR produces an adaptation-specific impact; NOT adaptation when done purely for productivity, market, or development with no hazard link and no hazard-referenced result.",Mitigation-specific,FALSE,Restructure (v5),current,5.0.0-draft
INT_248,https://mlolita26.github.io/cgiar-climate-taxonomy/terms/INT_248,Renewable energy,alternative energy,Intervention,1,,"Intervention that supplies energy from sources replenished faster than they are consumed, such as solar, wind, hydro, and sustainable biomass, displacing fossil-fuel use.",UN,Intervention,Adaptation + Mitigation,Adaptation-conditional,"Intervention addresses a climate hazard, OR produces a qualifying outcome (adaptation-specific or hazard-conditioned), OR produces an adaptation-specific impact; NOT adaptation when done purely for productivity, market, or development with no hazard link and no hazard-referenced result.",Mitigation-specific,FALSE,Domain expert,current,5.0.0-draft
INT_250,https://mlolita26.github.io/cgiar-climate-taxonomy/terms/INT_250,Electrification,electric conversion,Intervention,1,,"Intervention that converts energy-consuming equipment and processes from fossil-fuel sources to electricity, enabling supply from low-carbon generation.",US DOE,Intervention,Mitigation,n/a,n/a (mitigation),Mitigation-specific,FALSE,Lexicon consensus,current,5.0.0-draft
INT_251,https://mlolita26.github.io/cgiar-climate-taxonomy/terms/INT_251,Bioenergy,biomass energy,Intervention,1,,Intervention that derives energy from any form of biomass or its metabolic by-products.,IPCC AR6 WGII Annex II,Intervention,Mitigation,n/a,n/a (mitigation),Mitigation-specific,FALSE,Lexicon consensus,current,5.0.0-draft
INT_265,https://mlolita26.github.io/cgiar-climate-taxonomy/terms/INT_265,Biogas,biodigester; anaerobic digester; biogas digester; biogas plant,Intervention,2,INT_251,"Bioenergy produced by the anaerobic digestion of organic material such as manure, crop residues, or food waste, yielding a methane-rich gas used for cooking, heating, or electricity in place of fossil fuels or solid biomass.",IPCC AR6 WGIII Ch.7; AGROVOC: biogas,Intervention,Mitigation,n/a,n/a (mitigation),Mitigation-specific,FALSE,PRMS pilot,current,5.0.0-draft
INT_252,https://mlolita26.github.io/cgiar-climate-taxonomy/terms/INT_252,Carbon capture,carbon capture and storage; CCS,Intervention,1,,Intervention that separates and captures carbon dioxide from combustion or process streams to prevent its release to the atmosphere.,IEA,Intervention,Mitigation,n/a,n/a (mitigation),Mitigation-specific,FALSE,Lexicon consensus,current,5.0.0-draft
INT_253,https://mlolita26.github.io/cgiar-climate-taxonomy/terms/INT_253,Carbon utilisation,carbon capture and utilisation; CCU,Intervention,1,,"Intervention that uses captured carbon dioxide as a feedstock in products or processes, whether directly or after conversion.",IEA,Intervention,Mitigation,n/a,n/a (mitigation),Mitigation-specific,FALSE,Lexicon consensus,current,5.0.0-draft
INT_297,https://mlolita26.github.io/cgiar-climate-taxonomy/terms/INT_297,Carbon dioxide removal,,Intervention,1,,"Intervention comprising anthropogenic activities that remove carbon dioxide from the atmosphere and durably store it in geological, terrestrial or ocean reservoirs, or in products.",IPCC AR6 Glossary: Carbon dioxide removal (CDR),Intervention,Mitigation,n/a,n/a (mitigation),Mitigation-specific,FALSE,Restructure (v5),current,5.0.0-draft
INT_194,https://mlolita26.github.io/cgiar-climate-taxonomy/terms/INT_194,Migration,mobility; planned relocation; climate-mobility; mobility corridor; pastoral mobility; livestock mobility; human mobility,Intervention,1,,"Action that addresses human and animal mobility associated with climate change - including migration, displacement, and planned relocation - to reduce risk and support adaptation.",IPCC AR6 WGII Ch.7,Intervention,Adaptation,Adaptation-conditional,"Intervention addresses a climate hazard, OR produces a qualifying outcome (adaptation-specific or hazard-conditioned), OR produces an adaptation-specific impact; NOT adaptation when done purely for productivity, market, or development with no hazard link and no hazard-referenced result.",n/a,FALSE,Domain expert,current,5.0.0-draft
INT_298,https://mlolita26.github.io/cgiar-climate-taxonomy/terms/INT_298,Climate data,,Intervention,1,,"Intervention encompassing the generation, curation and provision of observational and model data on climate variables for research and climate services.",WMO GCOS; AGROVOC: climatic data,Intervention,Adaptation,Adaptation-conditional,"Intervention addresses a climate hazard, OR produces a qualifying outcome (adaptation-specific or hazard-conditioned), OR produces an adaptation-specific impact; NOT adaptation when done purely for productivity, market, or development with no hazard link and no hazard-referenced result.",n/a,FALSE,Restructure (v5),current,5.0.0-draft
INT_324,https://mlolita26.github.io/cgiar-climate-taxonomy/terms/INT_324,Weather data,meteorological data; weather observation; weather record,Intervention,1,,"Intervention encompassing the generation, curation and provision of data on atmospheric conditions at a particular time in a particular location, including temperature, humidity, precipitation, wind and visibility.",AGROVOC: weather data (c_29564); AGROVOC: weather (c_15292); WMO Technical Regulations WMO-No.49,Intervention,Adaptation,Adaptation-conditional,"Intervention addresses a climate hazard, OR produces a qualifying outcome (adaptation-specific or hazard-conditioned), OR produces an adaptation-specific impact; NOT adaptation when done purely for productivity, market, or development with no hazard link and no hazard-referenced result.",n/a,FALSE,Restructure (v5),current,5.0.0-draft
INT_094,https://mlolita26.github.io/cgiar-climate-taxonomy/terms/INT_094,Climate model,climate modeling,Intervention,1,,"Numerical model to simulate and project the climate system, generating the information that underpins climate risk assessment and adaptation planning.",IPCC AR6 WGI (climate models),Intervention,Adaptation,Adaptation-specific,Intrinsic,n/a,FALSE,Domain expert,current,5.0.0-draft
INT_095,https://mlolita26.github.io/cgiar-climate-taxonomy/terms/INT_095,Earth observation,remote sensing,Intervention,1,,"Use of satellite and remote-sensing systems to monitor environmental and climate-relevant conditions over space and time, informing climate services and adaptation.",GEO - Global Earth Observation System of Systems (GEOSS),Intervention,Adaptation,Adaptation-specific,Intrinsic,n/a,FALSE,Domain expert; Lexicon consensus,current,5.0.0-draft
INT_096,https://mlolita26.github.io/cgiar-climate-taxonomy/terms/INT_096,Climate forecast,climate prediction; climate forecasting; Forecasting,Intervention,2,INT_091,"Climate service that produces forecasts of future weather and climate conditions across timescales, from days to seasons.",WMO - seasonal forecasting; AGROVOC: weather forecasting,Intervention,Adaptation,Adaptation-specific,Intrinsic,n/a,FALSE,Domain expert,current,5.0.0-draft
INT_100,https://mlolita26.github.io/cgiar-climate-taxonomy/terms/INT_100,Early warning system,EWS; Early warning,Intervention,2,INT_091,"Climate service that runs the monitoring, forecasting, and communication functions of an early warning system so that timely alerts reach at-risk people and enable protective action.",Sendai Framework; WMO multi-hazard early warning systems,Intervention,Adaptation,Adaptation-specific,Intrinsic,n/a,FALSE,Domain expert,current,5.0.0-draft
INT_091,https://mlolita26.github.io/cgiar-climate-taxonomy/terms/INT_091,Climate service,climate information service; Climate advisory service,Intervention,1,,"Intervention that produces and delivers climate information - data, forecasts, projections, and advisories - to support climate-informed decisions by farmers, institutions, and other users.",WMO - Global Framework for Climate Services (GFCS),Intervention,Adaptation,Adaptation-specific,Intrinsic,n/a,FALSE,Restructure (v5),current,5.0.0-draft
OUT_018,https://mlolita26.github.io/cgiar-climate-taxonomy/terms/OUT_018,Bundled climate service,climate service bundle; climate service bundling,Intervention,2,INT_091,"Climate service that bundles climate advisories with complementary inputs, finance or market services in one offer.",WMO Global Framework for Climate Services (GFCS); CGIAR bundled climate services,Intervention,Adaptation,Adaptation-specific,Intrinsic,n/a,FALSE,Domain expert,current,5.0.0-draft
INT_097,https://mlolita26.github.io/cgiar-climate-taxonomy/terms/INT_097,Climate service translation,climate information translation,Intervention,2,INT_091,Climate service that translates technical climate and weather information into formats and languages usable by decision-makers.,WMO - Global Framework for Climate Services (GFCS),Intervention,Adaptation,Adaptation-specific,Intrinsic,n/a,FALSE,Domain expert,current,5.0.0-draft
INT_264,https://mlolita26.github.io/cgiar-climate-taxonomy/terms/INT_264,Climate information,climate data management; climate data system,Intervention,2,INT_091,"Climate service comprising the collection, processing and interpretation of climate and weather data for users.",WMO Climate Data Management System Specifications (WMO-No. 1131),Intervention,Adaptation,Adaptation-specific,Intrinsic,n/a,FALSE,PRMS pilot,current,5.0.0-draft
INT_098,https://mlolita26.github.io/cgiar-climate-taxonomy/terms/INT_098,Climate advisory,agro-advisory services; Climate advisory system,Intervention,2,INT_091,"Climate service that delivers tailored, actionable recommendations based on climate and weather information to support agricultural and livelihood decisions.",WMO GFCS; PICSA (Participatory Integrated Climate Services for Agriculture),Intervention,Adaptation,Adaptation-specific,Intrinsic,n/a,FALSE,Domain expert,current,5.0.0-draft
INT_099,https://mlolita26.github.io/cgiar-climate-taxonomy/terms/INT_099,Digital climate advisory,digital agro-advisory; digital climate services,Intervention,3,INT_098,Climate advisory that delivers tailored climate and agro-advisory information through digital channels.,WMO GFCS (agriculture pillar); CGIAR/WMO Digital Climate Advisory Services,Intervention,Adaptation,Adaptation-specific,Intrinsic,n/a,FALSE,Domain expert,current,5.0.0-draft
INT_232,https://mlolita26.github.io/cgiar-climate-taxonomy/terms/INT_232,Agro-climate advisory,agrometeorological advisory; agroclimatic advisory; agroclimatic advisory service,Intervention,2,INT_091,"Climate service that combines agronomic and climate or weather information to deliver tailored recommendations to farmers on crop, livestock, and land-management decisions.",WMO; FAO (agrometeorological advisories); Tall et al. 2014,Intervention,Adaptation,Adaptation-specific,Intrinsic,n/a,FALSE,Lexicon consensus,current,5.0.0-draft
INT_299,https://mlolita26.github.io/cgiar-climate-taxonomy/terms/INT_299,Digital advisory,,Intervention,1,,"Intervention that delivers advisory content to producers through digital channels such as mobile applications, SMS and interactive voice response.",CGIAR/WMO Digital Climate Advisory Services,Intervention,Adaptation,Adaptation-conditional,"Intervention addresses a climate hazard, OR produces a qualifying outcome (adaptation-specific or hazard-conditioned), OR produces an adaptation-specific impact; NOT adaptation when done purely for productivity, market, or development with no hazard link and no hazard-referenced result.",n/a,FALSE,Restructure (v5),current,5.0.0-draft
INT_211,https://mlolita26.github.io/cgiar-climate-taxonomy/terms/INT_211,Adaptation tracking,adaptation monitoring; adaptation progress,Intervention,1,,"Intervention that monitors, evaluates, and reports on the progress, effectiveness, and outcomes of climate adaptation actions across scales.",UNFCCC - Adaptation Communications; IPCC AR6 WGII,Intervention,Adaptation,Adaptation-specific,Intrinsic,n/a,FALSE,Restructure (v5),current,5.0.0-draft
INT_142,https://mlolita26.github.io/cgiar-climate-taxonomy/terms/INT_142,Adaptation monitoring and evaluation,adaptation M&E; adaptation ME; adaptation MEL,Intervention,2,INT_211,"Adaptation tracking that systematically measures and assesses the implementation, outputs, outcomes, and effectiveness of adaptation actions to support learning and accountability.",IPCC AR6 WGII; UNFCCC adaptation M&E frameworks,Intervention,Adaptation,Adaptation-specific,Intrinsic,n/a,FALSE,Domain expert,current,5.0.0-draft
INT_143,https://mlolita26.github.io/cgiar-climate-taxonomy/terms/INT_143,Adaptation reporting,adaptation progress reporting,Intervention,2,INT_211,"Adaptation tracking that documents and communicates adaptation priorities, actions, and progress to national and international audiences, including through formal reporting under climate agreements.",UNFCCC - Adaptation Communications (Paris Agreement Art.7 and 13),Intervention,Adaptation,Adaptation-specific,Intrinsic,n/a,FALSE,Domain expert,current,5.0.0-draft
INT_300,https://mlolita26.github.io/cgiar-climate-taxonomy/terms/INT_300,"Monitoring, evaluation, learning",,Intervention,1,,"Intervention encompassing the monitoring, evaluation and learning functions that track implementation, assess results and feed lessons back into decision-making.",CGIAR MEL framework (no external reference),Intervention,Adaptation,Adaptation-conditional,"Intervention addresses a climate hazard, OR produces a qualifying outcome (adaptation-specific or hazard-conditioned), OR produces an adaptation-specific impact; NOT adaptation when done purely for productivity, market, or development with no hazard link and no hazard-referenced result.",n/a,FALSE,Restructure (v5),current,5.0.0-draft
INT_263,https://mlolita26.github.io/cgiar-climate-taxonomy/terms/INT_263,"Monitoring, reporting and verification",MRV,Intervention,1,,"Activity that measures, documents, and independently checks greenhouse gas emissions, removals, and mitigation actions to support transparent and comparable climate reporting.",UNFCCC,Intervention,Mitigation,n/a,n/a (mitigation),Mitigation-specific,FALSE,Domain expert,current,5.0.0-draft
INT_214,https://mlolita26.github.io/cgiar-climate-taxonomy/terms/INT_214,Adaptation practice,on-farm practice; intervention (practice form),Intervention,1,,Generic framing of an intervention as implemented - an adaptation action carried out on the ground.,IPCC AR6 WGII (adaptation options and practices),Intervention,Adaptation,Adaptation-specific,Intrinsic,n/a,FALSE,Domain expert,current,5.0.0-draft
INT_215,https://mlolita26.github.io/cgiar-climate-taxonomy/terms/INT_215,Adaptation technology,climate-smart technology; adaptation tech; intervention (technology form),Intervention,1,,"Generic framing of an intervention as a tool, technique or equipment applied to reduce climate risk.",UNFCCC - Technology Needs Assessment (TNA),Intervention,Adaptation,Adaptation-specific,Intrinsic,n/a,FALSE,Domain expert,current,5.0.0-draft
INT_301,https://mlolita26.github.io/cgiar-climate-taxonomy/terms/INT_301,Adaptation action,,Intervention,2,INT_303,"Climate action comprising the process of adjustment to actual or expected climate and its effects, in order to moderate harm or exploit beneficial opportunities.",IPCC AR6 Glossary: Adaptation,Intervention,Adaptation,Adaptation-specific,Intrinsic,n/a,FALSE,Restructure (v5),current,5.0.0-draft
INT_302,https://mlolita26.github.io/cgiar-climate-taxonomy/terms/INT_302,Mitigation action,,Intervention,2,INT_303,Climate action that reduces emissions or enhances the sinks of greenhouse gases.,IPCC AR6 Glossary: Mitigation,Intervention,Mitigation,n/a,n/a (mitigation),Mitigation-specific,FALSE,Restructure (v5),current,5.0.0-draft
INT_303,https://mlolita26.github.io/cgiar-climate-taxonomy/terms/INT_303,Climate action,,Intervention,1,,"Intervention undertaken to address climate change or its impacts, spanning adaptation, mitigation and enabling measures.",UNFCCC (climate action),Intervention,Adaptation + Mitigation,Adaptation-specific,Intrinsic,Mitigation-specific,FALSE,Restructure (v5),current,5.0.0-draft
INT_304,https://mlolita26.github.io/cgiar-climate-taxonomy/terms/INT_304,Conflict-sensitive climate action,conflict sensitivity,Intervention,2,INT_303,"Climate action designed and delivered with explicit attention to conflict dynamics, avoiding harm and contributing to peace where possible.",CGIAR Climate Security (conflict-sensitive climate action),Intervention,Adaptation + Mitigation,Adaptation-specific,Intrinsic,Mitigation-specific,FALSE,Restructure (v5),current,5.0.0-draft
INT_273,https://mlolita26.github.io/cgiar-climate-taxonomy/terms/INT_273,Locally-led adaptation,LLA; Community-led adaptation; Locally led climate adaptation,Intervention,1,,"Intervention in which local communities and institutions hold agency and decision-making power over how adaptation is defined, prioritised, designed, implemented, monitored, and evaluated, with finance and capacity devolved to the lowest appropriate level.",IIED/WRI/GCA Principles for Locally Led Adaptation (2021),Intervention,Adaptation,Adaptation-specific,Intrinsic,n/a,FALSE,Domain expert,current,5.0.0-draft
INT_269,https://mlolita26.github.io/cgiar-climate-taxonomy/terms/INT_269,Climate-smart agriculture,CSA; climate-smart practice; climate-smart farming; climate-smart livestock; nutri-smart agriculture,Intervention,1,,"Intervention that seeks to sustainably increase productivity and incomes, build resilience and adaptive capacity to climate change, and reduce or remove greenhouse-gas emissions where possible.",FAO (climate-smart agriculture),Intervention,Adaptation + Mitigation,Adaptation-specific,"Intervention addresses a climate hazard, OR produces a qualifying outcome (adaptation-specific or hazard-conditioned), OR produces an adaptation-specific impact; NOT adaptation when done purely for productivity, market, or development with no hazard link and no hazard-referenced result.",Mitigation-conditional,FALSE,Lexicon consensus,current,5.0.0-draft
INT_270,https://mlolita26.github.io/cgiar-climate-taxonomy/terms/INT_270,Ecosystem-based adaptation,EbA,Intervention,1,,Intervention that uses biodiversity and ecosystem services as part of an overall strategy to help people adapt to the adverse effects of climate change.,IPCC AR6 WGII Glossary: Ecosystem-based adaptation; CBD,Intervention,Adaptation,Adaptation-specific,Intrinsic,n/a,FALSE,Lexicon consensus,current,5.0.0-draft
INT_271,https://mlolita26.github.io/cgiar-climate-taxonomy/terms/INT_271,Nature-based solution,NbS,Intervention,1,,"Intervention that protects, sustainably manages, and restores natural or modified ecosystems to address societal challenges effectively and adaptively, benefiting both people and biodiversity.",IUCN; IPCC AR6 WGII Glossary: Nature-based solutions,Intervention,Adaptation + Mitigation,Adaptation-specific,"Intervention addresses a climate hazard, OR produces a qualifying outcome (adaptation-specific or hazard-conditioned), OR produces an adaptation-specific impact; NOT adaptation when done purely for productivity, market, or development with no hazard link and no hazard-referenced result.",Mitigation-conditional,FALSE,Lexicon consensus,current,5.0.0-draft
INT_272,https://mlolita26.github.io/cgiar-climate-taxonomy/terms/INT_272,Community-based adaptation,CBA,Intervention,1,,"Intervention that places local communities at the centre of identifying, planning, and implementing adaptation actions suited to their priorities, capacities, and context.",IPCC AR6 WGII; FAO (community-based adaptation),Intervention,Adaptation,Adaptation-specific,Intrinsic,n/a,FALSE,Lexicon consensus,current,5.0.0-draft
INT_275,https://mlolita26.github.io/cgiar-climate-taxonomy/terms/INT_275,Regenerative agriculture,regenerative farming; regenerative,Intervention,1,,"Intervention that restores soil health, biodiversity and ecosystem function while sustaining productive and equitable food systems.",FAO; recognised practice literature,Intervention,Adaptation,Adaptation-specific,"Intervention addresses a climate hazard, OR produces a qualifying outcome (adaptation-specific or hazard-conditioned), OR produces an adaptation-specific impact; NOT adaptation when done purely for productivity, market, or development with no hazard link and no hazard-referenced result.",n/a,FALSE,Lexicon consensus,current,5.0.0-draft
INT_274,https://mlolita26.github.io/cgiar-climate-taxonomy/terms/INT_274,Agroecology,agro-ecology; agroecological practice; natural farming; agroecological; Agroecological diversification; Agroecological transition,Intervention,1,,"Intervention that applies ecological principles to the design and management of food and agricultural systems, integrating scientific and local or Indigenous knowledge to enhance sustainability, resilience, and equity.",FAO (the 10 Elements of Agroecology); HLPE 2019,Intervention,Adaptation + Mitigation,Adaptation-specific,"Intervention addresses a climate hazard, OR produces a qualifying outcome (adaptation-specific or hazard-conditioned), OR produces an adaptation-specific impact; NOT adaptation when done purely for productivity, market, or development with no hazard link and no hazard-referenced result.",Mitigation-conditional,FALSE,Domain expert,current,5.0.0-draft
INT_276,https://mlolita26.github.io/cgiar-climate-taxonomy/terms/INT_276,Sustainable land management,SLM; Climate-smart land management,Intervention,1,,"Intervention that stewards land, soil, water, and vegetation to meet human needs while maintaining long-term productivity, ecological function, and carbon stocks.",WOCAT; FAO,Intervention,Adaptation + Mitigation,Adaptation-specific,"Intervention addresses a climate hazard, OR produces a qualifying outcome (adaptation-specific or hazard-conditioned), OR produces an adaptation-specific impact; NOT adaptation when done purely for productivity, market, or development with no hazard link and no hazard-referenced result.",Mitigation-conditional,FALSE,Lexicon consensus,current,5.0.0-draft
INT_277,https://mlolita26.github.io/cgiar-climate-taxonomy/terms/INT_277,Sustainable intensification,sustainable agricultural intensification,Intervention,1,,Intervention that raises output on existing agricultural land while lowering environmental pressure and greenhouse gas intensity.,FAO; CIMMYT,Intervention,Adaptation + Mitigation,Adaptation-conditional,"Intervention addresses a climate hazard, OR produces a qualifying outcome (adaptation-specific or hazard-conditioned), OR produces an adaptation-specific impact; NOT adaptation when done purely for productivity, market, or development with no hazard link and no hazard-referenced result.",Mitigation-conditional,FALSE,Lexicon consensus,current,5.0.0-draft
INT_278,https://mlolita26.github.io/cgiar-climate-taxonomy/terms/INT_278,Circular economy,circular bioeconomy,Intervention,1,,"Intervention that keeps materials and resources in productive use for as long as possible, reducing waste, emissions, and demand for primary inputs.",Ellen MacArthur Foundation,Intervention,Adaptation + Mitigation,Adaptation-conditional,"Intervention addresses a climate hazard, OR produces a qualifying outcome (adaptation-specific or hazard-conditioned), OR produces an adaptation-specific impact; NOT adaptation when done purely for productivity, market, or development with no hazard link and no hazard-referenced result.",Mitigation-conditional,FALSE,Domain expert,current,5.0.0-draft
INT_279,https://mlolita26.github.io/cgiar-climate-taxonomy/terms/INT_279,Low-emission development,low-carbon development; low-emission; low-emission value chain; low-emission food system; Low-carbon food system,Intervention,1,,Intervention that integrates climate objectives into development planning by pursuing pathways with lower greenhouse gas emission trajectories.,AgLEDx,Intervention,Mitigation,n/a,n/a (mitigation),Mitigation-specific,FALSE,Lexicon consensus,current,5.0.0-draft
INT_305,https://mlolita26.github.io/cgiar-climate-taxonomy/terms/INT_305,Financial service,,Intervention,1,,"Intervention comprising the provision of financial products and services - credit, savings, insurance and payments - to producers and agri-food actors.",World Bank (financial services); FAO rural finance,Intervention,Adaptation,Adaptation-conditional,"Intervention addresses a climate hazard, OR produces a qualifying outcome (adaptation-specific or hazard-conditioned), OR produces an adaptation-specific impact; NOT adaptation when done purely for productivity, market, or development with no hazard link and no hazard-referenced result.",n/a,FALSE,Restructure (v5),current,5.0.0-draft
INT_306,https://mlolita26.github.io/cgiar-climate-taxonomy/terms/INT_306,Insurance,,Intervention,2,INT_305,Financial service providing contractual indemnification of producers or institutions against specified losses in exchange for a premium.,AGROVOC: insurance; World Bank (agricultural insurance),Intervention,Adaptation,Adaptation-conditional,"Output addresses a climate hazard, OR is produced by a qualifying intervention, OR an adaptation-specific principle or cross-cutting concept applies to it, OR produces a qualifying outcome; NOT adaptation when it is a general product with no climate-risk framing and no adaptation-specific link.",n/a,FALSE,Domain expert,current,5.0.0-draft
INT_329,https://mlolita26.github.io/cgiar-climate-taxonomy/terms/INT_329,Workshop,,Intervention,1,,"Intervention comprising a time-bound facilitated meeting convened to share knowledge, build skills or reach agreement among participants.","CGIAR Capacity Development Framework (workshops listed among ""software"" capacity-development modalities); no external definition",Intervention,Adaptation,Adaptation-conditional,"Intervention addresses a climate hazard, OR produces a qualifying outcome (adaptation-specific or hazard-conditioned), OR produces an adaptation-specific impact; NOT adaptation when done purely for productivity, market, or development with no hazard link and no hazard-referenced result.",n/a,FALSE,Restructure (v5),current,5.0.0-draft
INT_307,https://mlolita26.github.io/cgiar-climate-taxonomy/terms/INT_307,Participatory workshop,,Intervention,2,INT_329,"Workshop that convenes stakeholders to deliberate and co-produce outputs jointly, rather than to receive instruction.",FAO (participatory approaches),Intervention,Adaptation,Adaptation-conditional,"Intervention addresses a climate hazard, OR produces a qualifying outcome (adaptation-specific or hazard-conditioned), OR produces an adaptation-specific impact; NOT adaptation when done purely for productivity, market, or development with no hazard link and no hazard-referenced result.",n/a,FALSE,Restructure (v5),current,5.0.0-draft
INT_308,https://mlolita26.github.io/cgiar-climate-taxonomy/terms/INT_308,Participatory monitoring,,Intervention,2,INT_300,"Monitoring, evaluation, learning that engages local stakeholders in collecting and interpreting monitoring data about conditions, resources or interventions.",FAO (participatory monitoring and evaluation),Intervention,Adaptation,Adaptation-conditional,"Intervention addresses a climate hazard, OR produces a qualifying outcome (adaptation-specific or hazard-conditioned), OR produces an adaptation-specific impact; NOT adaptation when done purely for productivity, market, or development with no hazard link and no hazard-referenced result.",n/a,FALSE,Restructure (v5),current,5.0.0-draft
INT_310,https://mlolita26.github.io/cgiar-climate-taxonomy/terms/INT_310,Consultation,,Intervention,1,,"Intervention that elicits the views of stakeholders on plans, policies or technologies before decisions are taken.",OECD (stakeholder consultation),Intervention,Adaptation,Adaptation-conditional,"Intervention addresses a climate hazard, OR produces a qualifying outcome (adaptation-specific or hazard-conditioned), OR produces an adaptation-specific impact; NOT adaptation when done purely for productivity, market, or development with no hazard link and no hazard-referenced result.",n/a,FALSE,Restructure (v5),current,5.0.0-draft
INT_312,https://mlolita26.github.io/cgiar-climate-taxonomy/terms/INT_312,Mechanization,,Intervention,1,,Intervention that introduces or expands the use of machinery and powered equipment in agricultural operations.,AGROVOC: agricultural machinery; FAO Sustainable Agricultural Mechanization,Intervention,Adaptation,Adaptation-conditional,"Intervention addresses a climate hazard, OR produces a qualifying outcome (adaptation-specific or hazard-conditioned), OR produces an adaptation-specific impact; NOT adaptation when done purely for productivity, market, or development with no hazard link and no hazard-referenced result.",n/a,FALSE,Restructure (v5),current,5.0.0-draft
INT_313,https://mlolita26.github.io/cgiar-climate-taxonomy/terms/INT_313,Commercialization,commercialisation,Intervention,1,,"Intervention that moves products, services or innovations into commercial markets and revenue-generating use.",CGIAR commercialization and scaling literature,Intervention,Adaptation,Adaptation-conditional,"Intervention addresses a climate hazard, OR produces a qualifying outcome (adaptation-specific or hazard-conditioned), OR produces an adaptation-specific impact; NOT adaptation when done purely for productivity, market, or development with no hazard link and no hazard-referenced result.",n/a,FALSE,Restructure (v5),current,5.0.0-draft
INT_314,https://mlolita26.github.io/cgiar-climate-taxonomy/terms/INT_314,Demonstration farm,demonstration plot,Intervention,1,,Intervention that operates a farm or plot to showcase practices and technologies to producers for learning and adoption.,FAO (extension demonstration plots); AGROVOC: agricultural extension (c_37834),Intervention,Adaptation,Adaptation-conditional,"Intervention addresses a climate hazard, OR produces a qualifying outcome (adaptation-specific or hazard-conditioned), OR produces an adaptation-specific impact; NOT adaptation when done purely for productivity, market, or development with no hazard link and no hazard-referenced result.",n/a,FALSE,Restructure (v5),current,5.0.0-draft
INT_315,https://mlolita26.github.io/cgiar-climate-taxonomy/terms/INT_315,Field trial,,Intervention,1,,"Intervention that tests technologies, varieties or practices under field conditions to evaluate their performance.",AGROVOC: field experimentation,Intervention,Adaptation,Adaptation-conditional,"Intervention addresses a climate hazard, OR produces a qualifying outcome (adaptation-specific or hazard-conditioned), OR produces an adaptation-specific impact; NOT adaptation when done purely for productivity, market, or development with no hazard link and no hazard-referenced result.",n/a,FALSE,Restructure (v5),current,5.0.0-draft
INT_316,https://mlolita26.github.io/cgiar-climate-taxonomy/terms/INT_316,On-farm trial,,Intervention,2,INT_315,Field trial conducted on producers' own farms under their management conditions.,AGROVOC: on-farm research,Intervention,Adaptation,Adaptation-conditional,"Intervention addresses a climate hazard, OR produces a qualifying outcome (adaptation-specific or hazard-conditioned), OR produces an adaptation-specific impact; NOT adaptation when done purely for productivity, market, or development with no hazard link and no hazard-referenced result.",n/a,FALSE,Restructure (v5),current,5.0.0-draft
INT_317,https://mlolita26.github.io/cgiar-climate-taxonomy/terms/INT_317,Long-term experiment,long-term trial,Intervention,2,INT_315,"Field trial maintained over many seasons or years to measure slow or cumulative effects, such as on soils and system resilience.",Rothamsted long-term experiments literature,Intervention,Adaptation,Adaptation-conditional,"Intervention addresses a climate hazard, OR produces a qualifying outcome (adaptation-specific or hazard-conditioned), OR produces an adaptation-specific impact; NOT adaptation when done purely for productivity, market, or development with no hazard link and no hazard-referenced result.",n/a,FALSE,Restructure (v5),current,5.0.0-draft
INT_318,https://mlolita26.github.io/cgiar-climate-taxonomy/terms/INT_318,Pilot,piloting,Intervention,1,,Intervention that implements an approach at limited scale to test feasibility and generate learning before wider rollout.,CGIAR portfolio activity category (no external reference),Intervention,Adaptation,Adaptation-conditional,"Intervention addresses a climate hazard, OR produces a qualifying outcome (adaptation-specific or hazard-conditioned), OR produces an adaptation-specific impact; NOT adaptation when done purely for productivity, market, or development with no hazard link and no hazard-referenced result.",n/a,FALSE,Restructure (v5),current,5.0.0-draft
INT_319,https://mlolita26.github.io/cgiar-climate-taxonomy/terms/INT_319,Farming practice,agricultural practice,Intervention,1,,"Intervention comprising the recurrent crop, livestock and land operations that producers apply in production.",FAO (agricultural practices),Intervention,Adaptation,Adaptation-conditional,"Intervention addresses a climate hazard, OR produces a qualifying outcome (adaptation-specific or hazard-conditioned), OR produces an adaptation-specific impact; NOT adaptation when done purely for productivity, market, or development with no hazard link and no hazard-referenced result.",n/a,FALSE,Restructure (v5),current,5.0.0-draft
INT_320,https://mlolita26.github.io/cgiar-climate-taxonomy/terms/INT_320,Sustainable agricultural practice,sustainable farming practice; sustainable practice; sustainable production practice; sustainable agricultural management practice,Intervention,1,,Intervention that maintains production while conserving the natural resource base and limiting environmental pressure.,FAO (sustainable agriculture),Intervention,Adaptation,Adaptation-conditional,"Intervention addresses a climate hazard, OR produces a qualifying outcome (adaptation-specific or hazard-conditioned), OR produces an adaptation-specific impact; NOT adaptation when done purely for productivity, market, or development with no hazard link and no hazard-referenced result.",n/a,FALSE,Restructure (v5),current,5.0.0-draft
INT_321,https://mlolita26.github.io/cgiar-climate-taxonomy/terms/INT_321,Good agricultural practice,GAP,Intervention,1,,"Intervention comprising agricultural operations codified in recognised standards addressing food safety, environmental management and worker welfare.",FAO Good Agricultural Practices,Intervention,Adaptation,Adaptation-conditional,"Intervention addresses a climate hazard, OR produces a qualifying outcome (adaptation-specific or hazard-conditioned), OR produces an adaptation-specific impact; NOT adaptation when done purely for productivity, market, or development with no hazard link and no hazard-referenced result.",n/a,FALSE,Restructure (v5),current,5.0.0-draft
OUT_071,https://mlolita26.github.io/cgiar-climate-taxonomy/terms/OUT_071,Climate de-risking instrument,risk-sharing instrument,Output,1,,"Output comprising a financial instrument that transfers, pools, or pre-positions funding against climate-related losses for producers, communities, or governments, including sovereign disaster-risk financing, contingency funds, and risk-transfer products that enable faster, more reliable response and recovery.",World Bank; InsuResilience Global Partnership (climate and disaster risk finance and insurance),Output,Adaptation,Adaptation-specific,Intrinsic,n/a,FALSE,Domain expert,current,5.0.0-draft
OUT_064,https://mlolita26.github.io/cgiar-climate-taxonomy/terms/OUT_064,Climate risk scoring tool,climate risk index; risk scoring tool,Output,1,,"Output comprising a tool that assigns scores, ratings, or classifications to climate-related risks, vulnerability, or adaptation-relevant conditions, using defined indicators or criteria to support comparison and prioritisation across locations, systems, or populations.",CGIAR portfolio output category (no external reference),Output,Adaptation,Adaptation-specific,"Output addresses a climate hazard, OR is produced by a qualifying intervention, OR an adaptation-specific principle or cross-cutting concept applies to it, OR produces a qualifying outcome; NOT adaptation when it is a general product with no climate-risk framing and no adaptation-specific link.",n/a,FALSE,Domain expert; Lexicon consensus,current,5.0.0-draft
OUT_118,https://mlolita26.github.io/cgiar-climate-taxonomy/terms/OUT_118,Climate-risk credit score,,Output,2,OUT_011,Composite index that scores the climate-related risk of borrowers or portfolios to inform lending decisions.,climate risk finance literature (no established authority),Output,Adaptation,Adaptation-specific,Intrinsic,n/a,FALSE,Restructure (v5),current,5.0.0-draft
OUT_002,https://mlolita26.github.io/cgiar-climate-taxonomy/terms/OUT_002,Variety,,Output,1,,"Output comprising a crop variety, livestock breed, or aquatic species developed, selected, or promoted for desired traits.",AGROVOC: varieties,Output,Adaptation,Adaptation-conditional,"Output addresses a climate hazard, OR is produced by a qualifying intervention, OR an adaptation-specific principle or cross-cutting concept applies to it, OR produces a qualifying outcome; NOT adaptation when it is a general product with no climate-risk framing and no adaptation-specific link.",n/a,FALSE,Domain expert; Lexicon consensus,current,5.0.0-draft
OUT_119,https://mlolita26.github.io/cgiar-climate-taxonomy/terms/OUT_119,Hybrid variety,,Output,2,OUT_002,"Variety that results from crossing two genetically distinct parent lines, exploiting the vigour expressed in the first filial generation.",AGROVOC: hybrids,Output,Adaptation,Adaptation-conditional,"Output addresses a climate hazard, OR is produced by a qualifying intervention, OR an adaptation-specific principle or cross-cutting concept applies to it, OR produces a qualifying outcome; NOT adaptation when it is a general product with no climate-risk framing and no adaptation-specific link.",n/a,FALSE,Restructure (v5),current,5.0.0-draft
OUT_120,https://mlolita26.github.io/cgiar-climate-taxonomy/terms/OUT_120,Improved variety,,Output,2,OUT_002,Variety that has been developed through selection or breeding for defined agronomic or quality characteristics.,FAO (improved varieties); AGROVOC,Output,Adaptation,Adaptation-conditional,"Output addresses a climate hazard, OR is produced by a qualifying intervention, OR an adaptation-specific principle or cross-cutting concept applies to it, OR produces a qualifying outcome; NOT adaptation when it is a general product with no climate-risk framing and no adaptation-specific link.",n/a,FALSE,Restructure (v5),current,5.0.0-draft
OUT_056,https://mlolita26.github.io/cgiar-climate-taxonomy/terms/OUT_056,Breed,aquatic strain,Output,2,OUT_002,"Variety in the form of a distinct population of domesticated animals, developed or promoted for desired traits.",AGROVOC: breeds,Output,Adaptation,Adaptation-conditional,"Output addresses a climate hazard, OR is produced by a qualifying intervention, OR an adaptation-specific principle or cross-cutting concept applies to it, OR produces a qualifying outcome; NOT adaptation when it is a general product with no climate-risk framing and no adaptation-specific link.",n/a,FALSE,Domain expert,current,5.0.0-draft
OUT_005,https://mlolita26.github.io/cgiar-climate-taxonomy/terms/OUT_005,Mechanization device,farm machinery; rice transplanter; transplanter,Output,1,,"Output comprising a machine, implement, or powered device used in agricultural production, processing, or post-harvest handling that helps producers manage labour, water, or timing constraints intensified by climate variability.",AGROVOC: agricultural machinery; FAO Sustainable Agricultural Mechanization,Output,Adaptation,Adaptation-conditional,"Output addresses a climate hazard, OR is produced by a qualifying intervention, OR an adaptation-specific principle or cross-cutting concept applies to it, OR produces a qualifying outcome; NOT adaptation when it is a general product with no climate-risk framing and no adaptation-specific link.",n/a,FALSE,Domain expert,current,5.0.0-draft
OUT_008,https://mlolita26.github.io/cgiar-climate-taxonomy/terms/OUT_008,Software tool,software; digital tool,Output,1,,"Output comprising a computer program or application built to collect, process, analyse, or visualise climate, agronomic, or adaptation-relevant information in support of research, planning, or decision-making.",CGIAR portfolio output category (no external reference),Output,Adaptation,Adaptation-conditional,"Output addresses a climate hazard, OR is produced by a qualifying intervention, OR an adaptation-specific principle or cross-cutting concept applies to it, OR produces a qualifying outcome; NOT adaptation when it is a general product with no climate-risk framing and no adaptation-specific link.",n/a,FALSE,Domain expert,current,5.0.0-draft
OUT_009,https://mlolita26.github.io/cgiar-climate-taxonomy/terms/OUT_009,Decision-support platform,decision-support system; DSS,Output,1,,"Output comprising an integrated software system that combines data, models, and analytics to guide users through climate-adaptation decisions such as risk assessment, planning, or resource allocation.",AGROVOC: decision support (c_36897),Output,Adaptation,Adaptation-conditional,"Output addresses a climate hazard, OR is produced by a qualifying intervention, OR an adaptation-specific principle or cross-cutting concept applies to it, OR produces a qualifying outcome; NOT adaptation when it is a general product with no climate-risk framing and no adaptation-specific link.",n/a,FALSE,Domain expert,current,5.0.0-draft
OUT_010,https://mlolita26.github.io/cgiar-climate-taxonomy/terms/OUT_010,Mobile application,mobile app,Output,2,OUT_008,"Software tool delivered as an application for mobile devices that provides farmers, pastoralists, fisherfolk, or advisers with climate, weather, agronomic, or market information to support adaptation decisions at the last mile.",AGROVOC: mobile apps,Output,Adaptation,Adaptation-conditional,"Output addresses a climate hazard, OR is produced by a qualifying intervention, OR an adaptation-specific principle or cross-cutting concept applies to it, OR produces a qualifying outcome; NOT adaptation when it is a general product with no climate-risk framing and no adaptation-specific link.",n/a,FALSE,Domain expert,current,5.0.0-draft
OUT_011,https://mlolita26.github.io/cgiar-climate-taxonomy/terms/OUT_011,Composite index,composite indicator,Output,1,,"Index comprising a quantitative measure that aggregates multiple individual indicators into a single value, using a defined weighting and aggregation method, to summarise a complex climate-adaptation concept such as risk, vulnerability, or resilience.",OECD/JRC Handbook on Constructing Composite Indicators (2008),Output,Adaptation,Adaptation-conditional,"Output addresses a climate hazard, OR is produced by a qualifying intervention, OR an adaptation-specific principle or cross-cutting concept applies to it, OR produces a qualifying outcome; NOT adaptation when it is a general product with no climate-risk framing and no adaptation-specific link.",n/a,FALSE,Domain expert,current,5.0.0-draft
OUT_058,https://mlolita26.github.io/cgiar-climate-taxonomy/terms/OUT_058,Climate index,climate indicator,Output,2,OUT_011,"Composite index that summarises climatic conditions or hazards (e.g. aridity, heat, or drought indices) into a single value to characterise climate exposure relevant to adaptation.",OECD/JRC Handbook on Constructing Composite Indicators (2008),Output,Adaptation,Adaptation-specific,Intrinsic,n/a,FALSE,Domain expert,current,5.0.0-draft
OUT_099,https://mlolita26.github.io/cgiar-climate-taxonomy/terms/OUT_099,Weather index,weather indicator,Output,2,OUT_011,Composite index constructed from measured weather variables over a defined period and location.,World Bank; FAO (weather index insurance),Output,Adaptation,Adaptation-specific,Intrinsic,n/a,FALSE,Lexicon consensus,current,5.0.0-draft
OUT_059,https://mlolita26.github.io/cgiar-climate-taxonomy/terms/OUT_059,Vulnerability index,vulnerability indicator,Output,2,OUT_011,"Composite index that combines indicators of sensitivity, exposure, and lack of adaptive capacity into a single value to characterise the vulnerability of a system, place, or population to climate hazards.",OECD/JRC Handbook on Constructing Composite Indicators (2008),Output,Adaptation,Adaptation-specific,Intrinsic,n/a,FALSE,Domain expert,current,5.0.0-draft
OUT_060,https://mlolita26.github.io/cgiar-climate-taxonomy/terms/OUT_060,Resilience index,resilience indicator,Output,2,OUT_011,"Composite index that aggregates indicators of a system's capacity to cope with, recover from, and adapt to climate shocks and stresses into a single value characterising resilience.",OECD/JRC Handbook on Constructing Composite Indicators (2008),Output,Adaptation,Adaptation-specific,Intrinsic,n/a,FALSE,Domain expert,current,5.0.0-draft
OUT_061,https://mlolita26.github.io/cgiar-climate-taxonomy/terms/OUT_061,Adaptive-capacity index,adaptive capacity indicator; resilience capacity index,Output,2,OUT_011,"Composite index that aggregates indicators of the assets, knowledge, institutions, and agency that enable a system or population to adjust to climate variability and change into a single value characterising adaptive capacity.",OECD/JRC Handbook on Constructing Composite Indicators (2008),Output,Adaptation,Adaptation-specific,Intrinsic,n/a,FALSE,Domain expert,current,5.0.0-draft
OUT_012,https://mlolita26.github.io/cgiar-climate-taxonomy/terms/OUT_012,Model,Environmental modeling,Output,1,,"Output comprising a mathematical or computational representation of a climate, biophysical, or socio-economic system used to simulate, project, or analyse climate impacts and adaptation responses.",AGROVOC: simulation models,Output,Adaptation,Adaptation-conditional,"Output addresses a climate hazard, OR is produced by a qualifying intervention, OR an adaptation-specific principle or cross-cutting concept applies to it, OR produces a qualifying outcome; NOT adaptation when it is a general product with no climate-risk framing and no adaptation-specific link.",n/a,FALSE,Domain expert,current,5.0.0-draft
OUT_101,https://mlolita26.github.io/cgiar-climate-taxonomy/terms/OUT_101,Integrated assessment model,IAM,Output,2,OUT_012,"Model that couples representations of human and natural systems, such as the economy, energy, land use, and climate, within a single framework to assess their interactions and inform climate policy.",IPCC AR6 WGI Annex VII Glossary: Integrated assessment model,Output,Adaptation,Adaptation-conditional,"Output addresses a climate hazard, OR is produced by a qualifying intervention, OR an adaptation-specific principle or cross-cutting concept applies to it, OR produces a qualifying outcome; NOT adaptation when it is a general product with no climate-risk framing and no adaptation-specific link.",n/a,FALSE,Lexicon consensus,current,5.0.0-draft
OUT_013,https://mlolita26.github.io/cgiar-climate-taxonomy/terms/OUT_013,Digital twin,,Output,2,OUT_012,"Model in the form of a dynamic, data-linked virtual replica of a physical agricultural or environmental system that mirrors its real-time state to support monitoring, prediction, and adaptation decision-making.",CGIAR portfolio output category (no external reference),Output,Adaptation,Adaptation-conditional,"Output addresses a climate hazard, OR is produced by a qualifying intervention, OR an adaptation-specific principle or cross-cutting concept applies to it, OR produces a qualifying outcome; NOT adaptation when it is a general product with no climate-risk framing and no adaptation-specific link.",n/a,FALSE,Domain expert,current,5.0.0-draft
OUT_014,https://mlolita26.github.io/cgiar-climate-taxonomy/terms/OUT_014,Protocol,,Output,1,,"Output comprising a documented set of standardised procedures or rules governing how a defined activity - such as measurement, reporting, verification, or certification - is to be carried out consistently in adaptation work.",CGIAR portfolio output category (no external reference),Output,Adaptation,Adaptation-conditional,"Output addresses a climate hazard, OR is produced by a qualifying intervention, OR an adaptation-specific principle or cross-cutting concept applies to it, OR produces a qualifying outcome; NOT adaptation when it is a general product with no climate-risk framing and no adaptation-specific link.",n/a,FALSE,Domain expert,current,5.0.0-draft
OUT_016,https://mlolita26.github.io/cgiar-climate-taxonomy/terms/OUT_016,Early warning system,hazard alert; agro-met warning,Output,1,,"Output comprising a system that monitors climate-related hazards, generates alerts, and communicates actionable information to farmers, pastoralists, fisherfolk, communities, and institutions to enable preparedness, risk reduction, and timely adaptation responses.",WMO; UNDRR (multi-hazard early warning systems),Output,Adaptation,Adaptation-specific,Intrinsic,n/a,FALSE,Domain expert,current,5.0.0-draft
OUT_121,https://mlolita26.github.io/cgiar-climate-taxonomy/terms/OUT_121,Innovation,,Output,1,,"Output comprising a new or improved product or process, or a combination thereof, that differs significantly from previous products or processes and has been made available to potential users or brought into use.",OECD/Eurostat Oslo Manual (2018),Output,Adaptation,Adaptation-conditional,"Output addresses a climate hazard, OR is produced by a qualifying intervention, OR an adaptation-specific principle or cross-cutting concept applies to it, OR produces a qualifying outcome; NOT adaptation when it is a general product with no climate-risk framing and no adaptation-specific link.",n/a,FALSE,Restructure (v5),current,5.0.0-draft
OUT_017,https://mlolita26.github.io/cgiar-climate-taxonomy/terms/OUT_017,Innovation bundle,technology bundle,Output,1,,"Output comprising a packaged combination of complementary innovations - such as varieties, practices, services, and finance - assembled to be delivered together so they reinforce one another and raise adaptation impact when adopted.",CGIAR scaling literature (bundled innovations),Output,Adaptation,Adaptation-conditional,"Output addresses a climate hazard, OR is produced by a qualifying intervention, OR an adaptation-specific principle or cross-cutting concept applies to it, OR produces a qualifying outcome; NOT adaptation when it is a general product with no climate-risk framing and no adaptation-specific link.",n/a,FALSE,Domain expert,current,5.0.0-draft
OUT_019,https://mlolita26.github.io/cgiar-climate-taxonomy/terms/OUT_019,Business model,delivery model; scaling mechanism; commercialization model; financing model,Output,1,,"Output comprising an organisational and financial model for scaling the delivery of adaptation-related products, services, or technologies to intended users through public, private, cooperative, or hybrid mechanisms that improve availability, affordability, or sustained use.",CGIAR portfolio output category (no external reference),Output,Adaptation,Adaptation-conditional,"Output addresses a climate hazard, OR is produced by a qualifying intervention, OR an adaptation-specific principle or cross-cutting concept applies to it, OR produces a qualifying outcome; NOT adaptation when it is a general product with no climate-risk framing and no adaptation-specific link.",n/a,FALSE,Domain expert,current,5.0.0-draft
OUT_122,https://mlolita26.github.io/cgiar-climate-taxonomy/terms/OUT_122,Fodder bank,,Output,1,,Output comprising an established reserve of cultivated forage or stored feed maintained to supply livestock through scarcity periods.,ILRI/FAO (fodder banks),Output,Adaptation,Adaptation-conditional,"Output addresses a climate hazard, OR is produced by a qualifying intervention, OR an adaptation-specific principle or cross-cutting concept applies to it, OR produces a qualifying outcome; NOT adaptation when it is a general product with no climate-risk framing and no adaptation-specific link.",n/a,FALSE,Restructure (v5),current,5.0.0-draft
OUT_123,https://mlolita26.github.io/cgiar-climate-taxonomy/terms/OUT_123,Seed bank,Seed banking,Output,1,,"Output comprising a facility that stores, maintains, and distributes seed varieties to support farmer, pastoralist, and producer access to appropriate planting material",FAO (community seed banks),Output,Adaptation,Adaptation-conditional,"Output addresses a climate hazard, OR is produced by a qualifying intervention, OR an adaptation-specific principle or cross-cutting concept applies to it, OR produces a qualifying outcome; NOT adaptation when it is a general product with no climate-risk framing and no adaptation-specific link.",n/a,FALSE,Restructure (v5),current,5.0.0-draft
OUT_062,https://mlolita26.github.io/cgiar-climate-taxonomy/terms/OUT_062,Community seed bank,local seed system; community genebank,Output,2,OUT_123,"Seed bank managed locally that stores, maintains, and distributes seed from climate-adapted or locally resilient varieties to support farmer, pastoralist, and producer access to appropriate planting material.",CGIAR portfolio output category (no external reference),Output,Adaptation,Adaptation-conditional,"Output addresses a climate hazard, OR is produced by a qualifying intervention, OR an adaptation-specific principle or cross-cutting concept applies to it, OR produces a qualifying outcome; NOT adaptation when it is a general product with no climate-risk framing and no adaptation-specific link.",n/a,FALSE,Domain expert,current,5.0.0-draft
OUT_040,https://mlolita26.github.io/cgiar-climate-taxonomy/terms/OUT_040,Data platform,data portal; open data portal,Output,1,,"Output comprising an online repository that makes climate, agronomic, or adaptation-relevant datasets openly accessible and reusable in line with findable, accessible, interoperable, and reusable (FAIR) data principles.","Wilkinson et al. (2016), FAIR Guiding Principles; GO FAIR",Output,Adaptation,Adaptation-conditional,"Output addresses a climate hazard, OR is produced by a qualifying intervention, OR an adaptation-specific principle or cross-cutting concept applies to it, OR produces a qualifying outcome; NOT adaptation when it is a general product with no climate-risk framing and no adaptation-specific link.",n/a,FALSE,Domain expert,current,5.0.0-draft
OUT_021,https://mlolita26.github.io/cgiar-climate-taxonomy/terms/OUT_021,Dataset,agro-climatic data; climate record,Output,1,,"Output comprising a structured collection of climate, weather, agro-climatic, hazard, exposure, or adaptation-relevant data that supports climate-risk analysis, planning, modelling, or decision-making.",AGROVOC: datasets,Output,Adaptation,Adaptation-conditional,"Output addresses a climate hazard, OR is produced by a qualifying intervention, OR an adaptation-specific principle or cross-cutting concept applies to it, OR produces a qualifying outcome; NOT adaptation when it is a general product with no climate-risk framing and no adaptation-specific link.",n/a,FALSE,Domain expert,current,5.0.0-draft
OUT_124,https://mlolita26.github.io/cgiar-climate-taxonomy/terms/OUT_124,Data system,,Output,1,,"Output comprising an organised infrastructure for collecting, storing, managing and sharing data.",CGIAR portfolio output category (no external reference),Output,Adaptation + Mitigation,Adaptation-conditional,"Output addresses a climate hazard, OR is produced by a qualifying intervention, OR an adaptation-specific principle or cross-cutting concept applies to it, OR produces a qualifying outcome; NOT adaptation when it is a general product with no climate-risk framing and no adaptation-specific link.",Mitigation-conditional,FALSE,Restructure (v5),current,5.0.0-draft
OUT_082,https://mlolita26.github.io/cgiar-climate-taxonomy/terms/OUT_082,Standard,,Output,1,,"Output comprising a formally established and agreed specification - of requirements, methods, or performance criteria - against which adaptation-relevant products, practices, or measurements (such as MRV or certification) can be assessed for consistency.",CGIAR portfolio output category (no external reference),Output,Adaptation,Adaptation-conditional,"Output addresses a climate hazard, OR is produced by a qualifying intervention, OR an adaptation-specific principle or cross-cutting concept applies to it, OR produces a qualifying outcome; NOT adaptation when it is a general product with no climate-risk framing and no adaptation-specific link.",n/a,FALSE,Domain expert; Restructure (v5),current,5.0.0-draft
OUT_070,https://mlolita26.github.io/cgiar-climate-taxonomy/terms/OUT_070,Climate observation network,monitoring network; climate monitoring network,Output,1,,"Output comprising a coordinated set of stations, sensors, or platforms that systematically measures atmospheric, hydrological, or environmental variables to generate climate and weather data for adaptation.",WMO Integrated Global Observing System (WIGOS),Output,Adaptation,Adaptation-specific,Intrinsic,n/a,FALSE,Domain expert,current,5.0.0-draft
OUT_066,https://mlolita26.github.io/cgiar-climate-taxonomy/terms/OUT_066,Climate advisory tool,agro-advisory; climate app; decision-support tool; Agro-climatic advisory platform,Output,1,,"A tool, service, or communication product that translates climate, weather, agronomic, or livelihood information into actionable recommendations supporting adaptation-related decision-making by farmers, pastoralists, fisherfolk, extension agents, planners, or other users.",WMO Global Framework for Climate Services (GFCS),Output,Adaptation,Adaptation-specific,Intrinsic,n/a,FALSE,Domain expert,current,5.0.0-draft
OUT_100,https://mlolita26.github.io/cgiar-climate-taxonomy/terms/OUT_100,Agro-climate advisory tool,agromet advisory tool,Output,2,OUT_066,Climate advisory tool that integrates agronomic with climate or weather information to generate location- and crop-specific recommendations for farm decision-making.,WMO; FAO,Output,Adaptation,Adaptation-specific,Intrinsic,n/a,FALSE,Lexicon consensus,current,5.0.0-draft
OUT_067,https://mlolita26.github.io/cgiar-climate-taxonomy/terms/OUT_067,Climate information system,climate information service platform,Output,1,,"Output comprising an integrated system for collecting, processing, storing, and disseminating climate and weather information to support adaptation planning and decision-making.",WMO Global Framework for Climate Services (GFCS),Output,Adaptation,Adaptation-specific,Intrinsic,n/a,FALSE,Domain expert,current,5.0.0-draft
OUT_096,https://mlolita26.github.io/cgiar-climate-taxonomy/terms/OUT_096,Forecast,prediction; Forecasting system,Output,1,,Output comprising a probabilistic estimate of future atmospheric or climate conditions over a defined period.,WMO (forecasts),Output,Adaptation,Adaptation-specific,Intrinsic,n/a,FALSE,Domain expert,current,5.0.0-draft
OUT_089,https://mlolita26.github.io/cgiar-climate-taxonomy/terms/OUT_089,Climate forecast,,Output,2,OUT_096,"Forecast that provides a probabilistic estimate of future weather or climate conditions over a defined period and area, supporting anticipatory and seasonal adaptation decisions.",WMO (weather and climate forecasts),Output,Adaptation,Adaptation-specific,Intrinsic,n/a,FALSE,Restructure (v5),current,5.0.0-draft
OUT_097,https://mlolita26.github.io/cgiar-climate-taxonomy/terms/OUT_097,Weather forecast,weather prediction,Output,2,OUT_096,"Forecast providing a prediction of atmospheric conditions for a specific location over a short period, typically up to about two weeks ahead.",WMO (weather forecast),Output,Adaptation,Adaptation-specific,Intrinsic,n/a,FALSE,Lexicon consensus,current,5.0.0-draft
OUT_098,https://mlolita26.github.io/cgiar-climate-taxonomy/terms/OUT_098,Seasonal forecast,seasonal climate forecast,Output,2,OUT_096,"Forecast providing a probabilistic prediction of average climate conditions, such as rainfall and temperature, over a coming season.",WMO (seasonal forecast),Output,Adaptation,Adaptation-specific,Intrinsic,n/a,FALSE,Lexicon consensus,current,5.0.0-draft
OUT_068,https://mlolita26.github.io/cgiar-climate-taxonomy/terms/OUT_068,Market information,market price information; price information; market intelligence,Output,1,,"Output comprising price, demand, supply, or trade information that supports climate-adaptive market and livelihood decisions by producers and value-chain actors.",FAO (agricultural market information systems),Output,Adaptation,Adaptation-conditional,"Output addresses a climate hazard, OR is produced by a qualifying intervention, OR an adaptation-specific principle or cross-cutting concept applies to it, OR produces a qualifying outcome; NOT adaptation when it is a general product with no climate-risk framing and no adaptation-specific link.",n/a,FALSE,Domain expert,current,5.0.0-draft
OUT_022,https://mlolita26.github.io/cgiar-climate-taxonomy/terms/OUT_022,Spatial product,geospatial product,Output,1,,"Output comprising a geospatial data product that represents climate, hazard, land, or adaptation-relevant information referenced to geographic locations to support spatial analysis and targeting.",CGIAR portfolio output category (no external reference),Output,Adaptation,Adaptation-conditional,"Output addresses a climate hazard, OR is produced by a qualifying intervention, OR an adaptation-specific principle or cross-cutting concept applies to it, OR produces a qualifying outcome; NOT adaptation when it is a general product with no climate-risk framing and no adaptation-specific link.",n/a,FALSE,Domain expert,current,5.0.0-draft
OUT_087,https://mlolita26.github.io/cgiar-climate-taxonomy/terms/OUT_087,Map,,Output,2,OUT_022,"Spatial product in the form of a graphic representation of geographic information that displays climate, hazard, exposure, or adaptation-relevant features over a defined area to support analysis and decision-making.",AGROVOC: maps,Output,Adaptation,Adaptation-conditional,"Output addresses a climate hazard, OR is produced by a qualifying intervention, OR an adaptation-specific principle or cross-cutting concept applies to it, OR produces a qualifying outcome; NOT adaptation when it is a general product with no climate-risk framing and no adaptation-specific link.",n/a,FALSE,Domain expert; Restructure (v5),current,5.0.0-draft
OUT_024,https://mlolita26.github.io/cgiar-climate-taxonomy/terms/OUT_024,Climate risk assessment report,risk profile; vulnerability report; climate assessment,Output,2,OUT_026,"Report that analyses climate hazards, exposure, sensitivity, adaptive capacity, vulnerability, or adaptation options for a defined system, geography, sector, or population, providing evidence for adaptation planning, programming, or investment.",IPCC AR6 WGII (climate risk assessment),Output,Adaptation,Adaptation-specific,Intrinsic,n/a,FALSE,Domain expert,current,5.0.0-draft
OUT_025,https://mlolita26.github.io/cgiar-climate-taxonomy/terms/OUT_025,Country profile,national profile,Output,3,OUT_024,"Climate risk assessment report that profiles the climate hazards, vulnerabilities, agricultural impacts, and adaptation priorities of a specific country to inform national planning and investment.",World Bank/CIAT Climate-Smart Agriculture Country Profiles,Output,Adaptation,Adaptation-conditional,"Output addresses a climate hazard, OR is produced by a qualifying intervention, OR an adaptation-specific principle or cross-cutting concept applies to it, OR produces a qualifying outcome; NOT adaptation when it is a general product with no climate-risk framing and no adaptation-specific link.",n/a,FALSE,Domain expert,current,5.0.0-draft
OUT_026,https://mlolita26.github.io/cgiar-climate-taxonomy/terms/OUT_026,Report,,Output,1,,"Output comprising a structured document that presents findings, analysis, or results on an adaptation-relevant topic for a defined audience.",CGIAR portfolio output category (no external reference),Output,Adaptation,Adaptation-conditional,"Output addresses a climate hazard, OR is produced by a qualifying intervention, OR an adaptation-specific principle or cross-cutting concept applies to it, OR produces a qualifying outcome; NOT adaptation when it is a general product with no climate-risk framing and no adaptation-specific link.",n/a,FALSE,Domain expert,current,5.0.0-draft
OUT_027,https://mlolita26.github.io/cgiar-climate-taxonomy/terms/OUT_027,Policy brief,policy communication; evidence brief,Output,1,,"Output comprising a short, targeted document that translates adaptation evidence, analysis, or recommendations for policy and decision-making audiences, highlighting climate-risk issues, policy options, institutional implications, or investment priorities.",CGIAR portfolio output category (no external reference),Output,Adaptation,Adaptation-conditional,"Output addresses a climate hazard, OR is produced by a qualifying intervention, OR an adaptation-specific principle or cross-cutting concept applies to it, OR produces a qualifying outcome; NOT adaptation when it is a general product with no climate-risk framing and no adaptation-specific link.",n/a,FALSE,Domain expert,current,5.0.0-draft
OUT_028,https://mlolita26.github.io/cgiar-climate-taxonomy/terms/OUT_028,Scientific publication,journal article; peer-reviewed paper,Output,1,,"Output comprising a peer-reviewed article, paper, or monograph that reports original adaptation research findings or analysis in the scientific literature.",AGROVOC: publications (c_1329377502888),Output,Adaptation,Adaptation-conditional,"Output addresses a climate hazard, OR is produced by a qualifying intervention, OR an adaptation-specific principle or cross-cutting concept applies to it, OR produces a qualifying outcome; NOT adaptation when it is a general product with no climate-risk framing and no adaptation-specific link.",n/a,FALSE,Domain expert,current,5.0.0-draft
OUT_029,https://mlolita26.github.io/cgiar-climate-taxonomy/terms/OUT_029,Bulletin,,Output,1,,"Output comprising a periodic communication product that synthesises and disseminates current climate conditions, seasonal forecasts, or agro-climatic advisories in accessible form for farmers, pastoralists, fisherfolk, extension agents, and planners.",CGIAR portfolio output category (no external reference),Output,Adaptation,Adaptation-conditional,"Output addresses a climate hazard, OR is produced by a qualifying intervention, OR an adaptation-specific principle or cross-cutting concept applies to it, OR produces a qualifying outcome; NOT adaptation when it is a general product with no climate-risk framing and no adaptation-specific link.",n/a,FALSE,Domain expert,current,5.0.0-draft
OUT_135,https://mlolita26.github.io/cgiar-climate-taxonomy/terms/OUT_135,Agro-climatic bulletin,agroclimatic bulletin; agro-climate bulletin,Output,2,OUT_029,Bulletin that communicates weather and climate information tailored to agricultural decisions for a season or locality.,WMO (agrometeorological bulletins); FAO,Output,Adaptation,Adaptation-specific,Intrinsic,n/a,FALSE,Restructure (v5),current,5.0.0-draft
OUT_030,https://mlolita26.github.io/cgiar-climate-taxonomy/terms/OUT_030,Methodology,method,Output,1,,"Output comprising a documented, reusable analytical approach - a defined sequence of methods, steps, or rules - for carrying out a class of adaptation-relevant analysis, assessment, or measurement.",CGIAR portfolio output category (no external reference),Output,Adaptation,Adaptation-conditional,"Output addresses a climate hazard, OR is produced by a qualifying intervention, OR an adaptation-specific principle or cross-cutting concept applies to it, OR produces a qualifying outcome; NOT adaptation when it is a general product with no climate-risk framing and no adaptation-specific link.",n/a,FALSE,Domain expert,current,5.0.0-draft
OUT_110,https://mlolita26.github.io/cgiar-climate-taxonomy/terms/OUT_110,Carbon accounting methodology,crediting methodology; carbon market methodology; carbon accounting; greenhouse gas accounting; greenhouse gas calculator,Output,2,OUT_030,"Methodology that specifies how emission reductions or removals from a defined activity are quantified, monitored, and credited under a carbon market.",Verra; Gold Standard,Output,Mitigation,n/a,n/a (mitigation),Mitigation-specific,FALSE,Domain expert,current,5.0.0-draft
OUT_063,https://mlolita26.github.io/cgiar-climate-taxonomy/terms/OUT_063,Concept note,project concept,Output,1,,"Output comprising a concise planning document that outlines an adaptation-related idea, intervention, investment, or research activity with a climate rationale, proposed response, and expected adaptation outputs or outcomes.",CGIAR portfolio output category (no external reference),Output,Adaptation,Adaptation-conditional,"Output addresses a climate hazard, OR is produced by a qualifying intervention, OR an adaptation-specific principle or cross-cutting concept applies to it, OR produces a qualifying outcome; NOT adaptation when it is a general product with no climate-risk framing and no adaptation-specific link.",n/a,FALSE,Domain expert,current,5.0.0-draft
OUT_083,https://mlolita26.github.io/cgiar-climate-taxonomy/terms/OUT_083,Framework,,Output,1,,"Output comprising a structured conceptual or analytical framework that organises concepts, dimensions, or criteria to guide adaptation analysis, planning, or assessment.",CGIAR portfolio output category (no external reference),Output,Adaptation,Adaptation-conditional,"Output addresses a climate hazard, OR is produced by a qualifying intervention, OR an adaptation-specific principle or cross-cutting concept applies to it, OR produces a qualifying outcome; NOT adaptation when it is a general product with no climate-risk framing and no adaptation-specific link.",n/a,FALSE,Domain expert; Restructure (v5),current,5.0.0-draft
OUT_125,https://mlolita26.github.io/cgiar-climate-taxonomy/terms/OUT_125,Sustainable livelihoods framework,,Output,2,OUT_083,"Framework that analyses livelihoods through capital assets, vulnerability context and institutions to guide development and resilience interventions.",DFID Sustainable Livelihoods Framework (1999),Output,Adaptation,Adaptation-conditional,"Output addresses a climate hazard, OR is produced by a qualifying intervention, OR an adaptation-specific principle or cross-cutting concept applies to it, OR produces a qualifying outcome; NOT adaptation when it is a general product with no climate-risk framing and no adaptation-specific link.",n/a,FALSE,Restructure (v5),current,5.0.0-draft
OUT_055,https://mlolita26.github.io/cgiar-climate-taxonomy/terms/OUT_055,Sustainable healthy diet framework,healthy diet framework,Output,2,OUT_083,"Framework that integrates dietary, health, and food-systems considerations to guide the design and assessment of diets that are nutritionally adequate, healthy, and environmentally sustainable under climate pressures.",EAT-Lancet Commission; FAO/WHO Sustainable Healthy Diets guiding principles,Output,Adaptation,Adaptation-conditional,"Output addresses a climate hazard, OR is produced by a qualifying intervention, OR an adaptation-specific principle or cross-cutting concept applies to it, OR produces a qualifying outcome; NOT adaptation when it is a general product with no climate-risk framing and no adaptation-specific link.",n/a,FALSE,Domain expert,current,5.0.0-draft
OUT_049,https://mlolita26.github.io/cgiar-climate-taxonomy/terms/OUT_049,"Monitoring, evaluation, learning and impact assessment framework",results framework; M&E system,Output,2,OUT_083,"Framework comprising a monitoring, evaluation, learning, and impact assessment framework designed to track adaptation processes, outputs, outcomes, effectiveness, or impacts, including adaptation indicators and logframes.",CGIAR portfolio output category (no external reference),Output,Adaptation,Adaptation-conditional,"Output addresses a climate hazard, OR is produced by a qualifying intervention, OR an adaptation-specific principle or cross-cutting concept applies to it, OR produces a qualifying outcome; NOT adaptation when it is a general product with no climate-risk framing and no adaptation-specific link.",n/a,FALSE,Domain expert,current,5.0.0-draft
OUT_094,https://mlolita26.github.io/cgiar-climate-taxonomy/terms/OUT_094,Guideline,guidance,Output,1,,"Output comprising a document that sets out recommended principles, criteria, or steps for carrying out an adaptation-relevant practice or process, intended to guide users towards good practice.",CGIAR portfolio output category (no external reference),Output,Adaptation,Adaptation-conditional,"Output addresses a climate hazard, OR is produced by a qualifying intervention, OR an adaptation-specific principle or cross-cutting concept applies to it, OR produces a qualifying outcome; NOT adaptation when it is a general product with no climate-risk framing and no adaptation-specific link.",n/a,FALSE,Domain expert,current,5.0.0-draft
OUT_036,https://mlolita26.github.io/cgiar-climate-taxonomy/terms/OUT_036,Training material,training module; learning unit; extension material,Output,1,,"Output comprising a structured learning unit on a specific adaptation-related topic, skill, or practice, including learning objectives, content, exercises, tools, or assessment materials.",CGIAR portfolio output category (no external reference),Output,Adaptation,Adaptation-conditional,"Output addresses a climate hazard, OR is produced by a qualifying intervention, OR an adaptation-specific principle or cross-cutting concept applies to it, OR produces a qualifying outcome; NOT adaptation when it is a general product with no climate-risk framing and no adaptation-specific link.",n/a,FALSE,Domain expert; Lexicon consensus,current,5.0.0-draft
OUT_037,https://mlolita26.github.io/cgiar-climate-taxonomy/terms/OUT_037,Curriculum,learning pathway; training programme,Output,1,,"Output comprising an organised set of learning modules, topics, or competencies designed to build adaptation-relevant knowledge and skills over a course, programme, or training pathway.",CGIAR portfolio output category (no external reference),Output,Adaptation,Adaptation-conditional,"Output addresses a climate hazard, OR is produced by a qualifying intervention, OR an adaptation-specific principle or cross-cutting concept applies to it, OR produces a qualifying outcome; NOT adaptation when it is a general product with no climate-risk framing and no adaptation-specific link.",n/a,FALSE,Domain expert,current,5.0.0-draft
OUT_043,https://mlolita26.github.io/cgiar-climate-taxonomy/terms/OUT_043,National adaptation plan,NAP,Output,1,,"Output comprising a plan in the form of a formal national document that identifies medium- and long-term adaptation needs and sets out priorities, options, and actions for adapting a system, sector, or territory to climate variability and change.",UNFCCC National Adaptation Plans (NAPs),Output,Adaptation,Adaptation-specific,Intrinsic,n/a,FALSE,Domain expert; Lexicon consensus,current,5.0.0-draft
OUT_103,https://mlolita26.github.io/cgiar-climate-taxonomy/terms/OUT_103,National Adaptation Programme of Action,NAPA,Output,1,,Output through which a least-developed country identifies priority activities that respond to its urgent and immediate needs for adaptation to climate change.,UNFCCC (NAPA),Output,Adaptation,Adaptation-specific,Intrinsic,n/a,FALSE,Lexicon consensus,current,5.0.0-draft
OUT_092,https://mlolita26.github.io/cgiar-climate-taxonomy/terms/OUT_092,Sectoral adaptation plan,sector adaptation plan,Output,1,,"Output comprising a plan that sets out adaptation priorities, options, and actions for a specific sector, such as agriculture, water, or fisheries, often nested within a national adaptation plan.",UNFCCC National Adaptation Plans (sectoral adaptation planning),Output,Adaptation,Adaptation-specific,Intrinsic,n/a,FALSE,Domain expert; Restructure (v5); Lexicon consensus,current,5.0.0-draft
OUT_093,https://mlolita26.github.io/cgiar-climate-taxonomy/terms/OUT_093,Local adaptation plan,local adaptation planning,Output,1,,"Output comprising a plan that sets out adaptation priorities, options, and actions for a specific locality or community, often developed through participatory, locally led processes.",UNFCCC National Adaptation Plans (subnational and local adaptation planning),Output,Adaptation,Adaptation-specific,Intrinsic,n/a,FALSE,Domain expert; Restructure (v5),current,5.0.0-draft
OUT_126,https://mlolita26.github.io/cgiar-climate-taxonomy/terms/OUT_126,Mitigation plan,,Output,1,,"Output comprising a plan that sets out measures, targets and responsibilities for reducing greenhouse gas emissions.",UNFCCC (mitigation planning),Output,Mitigation,n/a,n/a (mitigation),Mitigation-specific,FALSE,Restructure (v5),current,5.0.0-draft
OUT_104,https://mlolita26.github.io/cgiar-climate-taxonomy/terms/OUT_104,Nationally Determined Contribution,NDC,Output,1,,"Output in which a country sets out its emission-reduction commitments and climate actions under the Paris Agreement, communicated and updated at regular intervals.",UNFCCC Paris Agreement,Output,Mitigation,n/a,n/a (mitigation),Mitigation-specific,FALSE,Lexicon consensus,current,5.0.0-draft
OUT_044,https://mlolita26.github.io/cgiar-climate-taxonomy/terms/OUT_044,Nationally Determined Contribution component,,Output,2,OUT_104,"Nationally Determined Contribution element comprising the adaptation component of a country's Nationally Determined Contribution under the Paris Agreement, setting out its adaptation priorities, actions, and commitments.",UNFCCC Nationally Determined Contributions (Paris Agreement),Output,Adaptation,Adaptation-specific,Intrinsic,n/a,FALSE,Domain expert,current,5.0.0-draft
OUT_105,https://mlolita26.github.io/cgiar-climate-taxonomy/terms/OUT_105,Long-term low-emission development strategy,LT-LEDS,Output,1,,"Output comprising a plan setting out a country's long-term pathway for development consistent with low greenhouse gas emissions, complementing its nearer-term commitments.",UNFCCC,Output,Mitigation,n/a,n/a (mitigation),Mitigation-specific,FALSE,Domain expert,current,5.0.0-draft
OUT_106,https://mlolita26.github.io/cgiar-climate-taxonomy/terms/OUT_106,Nationally Appropriate Mitigation Action,NAMA,Output,2,OUT_126,"Mitigation plan describing a voluntary emission-reduction action by a developing country, set within national development priorities and supported by finance, technology, or capacity.",UNFCCC,Output,Mitigation,n/a,n/a (mitigation),Mitigation-specific,FALSE,Lexicon consensus,current,5.0.0-draft
OUT_047,https://mlolita26.github.io/cgiar-climate-taxonomy/terms/OUT_047,Strategy document,,Output,1,,"Output comprising a document that articulates the long-term vision, objectives, and strategic directions for adaptation by an organisation, sector, or territory.",CGIAR portfolio output category (no external reference),Output,Adaptation,Adaptation-conditional,"Output addresses a climate hazard, OR is produced by a qualifying intervention, OR an adaptation-specific principle or cross-cutting concept applies to it, OR produces a qualifying outcome; NOT adaptation when it is a general product with no climate-risk framing and no adaptation-specific link.",n/a,FALSE,Domain expert,current,5.0.0-draft
OUT_048,https://mlolita26.github.io/cgiar-climate-taxonomy/terms/OUT_048,Climate policy,climate change policy,Output,1,,"Output comprising a policy, regulation, or strategic framework through which a government or institution governs its response to climate change, spanning both adaptation and the wider climate agenda.",IPCC AR6 WGII (climate policy),Output,Adaptation,Adaptation-conditional,"Output addresses a climate hazard, OR is produced by a qualifying intervention, OR an adaptation-specific principle or cross-cutting concept applies to it, OR produces a qualifying outcome; NOT adaptation when it is a general product with no climate-risk framing and no adaptation-specific link.",n/a,FALSE,Domain expert,current,5.0.0-draft
OUT_095,https://mlolita26.github.io/cgiar-climate-taxonomy/terms/OUT_095,Adaptation policy,,Output,2,OUT_048,"Climate policy that specifically governs how climate adaptation is prioritised, resourced, and implemented.",IPCC AR6 WGII (adaptation policy),Output,Adaptation,Adaptation-specific,Intrinsic,n/a,FALSE,Restructure (v5),current,5.0.0-draft
OUT_127,https://mlolita26.github.io/cgiar-climate-taxonomy/terms/OUT_127,Mitigation policy,,Output,2,OUT_048,Climate policy directed at reducing greenhouse gas emissions or enhancing their sinks.,UNFCCC; IPCC AR6 WGIII (mitigation policy),Output,Mitigation,n/a,n/a (mitigation),Mitigation-specific,FALSE,Restructure (v5),current,5.0.0-draft
OUT_128,https://mlolita26.github.io/cgiar-climate-taxonomy/terms/OUT_128,Enhanced Transparency Framework,,Output,2,OUT_083,"Framework under the Paris Agreement through which countries report greenhouse gas inventories, progress on their NDCs and support, subject to international review.",UNFCCC Paris Agreement Art. 13 (Enhanced Transparency Framework),Output,Adaptation + Mitigation,Adaptation-specific,n/a (mitigation),Mitigation-specific,FALSE,Restructure (v5),current,5.0.0-draft
OUT_050,https://mlolita26.github.io/cgiar-climate-taxonomy/terms/OUT_050,Investment concept,,Output,1,,"Output comprising a preliminary document that frames an adaptation investment opportunity - its rationale, scope, and expected returns - to attract or guide funding and design.",CGIAR portfolio output category (no external reference),Output,Adaptation,Adaptation-conditional,"Output addresses a climate hazard, OR is produced by a qualifying intervention, OR an adaptation-specific principle or cross-cutting concept applies to it, OR produces a qualifying outcome; NOT adaptation when it is a general product with no climate-risk framing and no adaptation-specific link.",n/a,FALSE,Domain expert,current,5.0.0-draft
OUT_086,https://mlolita26.github.io/cgiar-climate-taxonomy/terms/OUT_086,Investment proposal,funding proposal; project proposal,Output,1,,"Output comprising a developed funding document that sets out the objectives, activities, budget, and expected results of an adaptation investment for submission to funders or decision-makers.",CGIAR portfolio output category (no external reference),Output,Adaptation,Adaptation-conditional,"Output addresses a climate hazard, OR is produced by a qualifying intervention, OR an adaptation-specific principle or cross-cutting concept applies to it, OR produces a qualifying outcome; NOT adaptation when it is a general product with no climate-risk framing and no adaptation-specific link.",n/a,FALSE,Domain expert; Restructure (v5),current,5.0.0-draft
OUT_038,https://mlolita26.github.io/cgiar-climate-taxonomy/terms/OUT_038,Community of practice,,Output,1,,Output comprising an organised group of people who share a concern or interest in an adaptation topic and interact regularly to deepen their knowledge and practice in that area.,AGROVOC: communities of practice,Output,Adaptation,Adaptation-conditional,"Output addresses a climate hazard, OR is produced by a qualifying intervention, OR an adaptation-specific principle or cross-cutting concept applies to it, OR produces a qualifying outcome; NOT adaptation when it is a general product with no climate-risk framing and no adaptation-specific link.",n/a,FALSE,Domain expert,current,5.0.0-draft
OUT_039,https://mlolita26.github.io/cgiar-climate-taxonomy/terms/OUT_039,Network,,Output,1,,"Output comprising a structured set of connected actors - individuals or organisations - linked to exchange information, resources, or coordination in support of adaptation.",AGROVOC: networks,Output,Adaptation,Adaptation-conditional,"Output addresses a climate hazard, OR is produced by a qualifying intervention, OR an adaptation-specific principle or cross-cutting concept applies to it, OR produces a qualifying outcome; NOT adaptation when it is a general product with no climate-risk framing and no adaptation-specific link.",n/a,FALSE,Domain expert,current,5.0.0-draft
OUT_129,https://mlolita26.github.io/cgiar-climate-taxonomy/terms/OUT_129,Research network,,Output,2,OUT_039,"Network that connects researchers and institutions for joint studies, shared data and coordinated agendas.",AGROVOC: research networks,Output,Adaptation,Adaptation-conditional,"Output addresses a climate hazard, OR is produced by a qualifying intervention, OR an adaptation-specific principle or cross-cutting concept applies to it, OR produces a qualifying outcome; NOT adaptation when it is a general product with no climate-risk framing and no adaptation-specific link.",n/a,FALSE,Restructure (v5),current,5.0.0-draft
OUT_051,https://mlolita26.github.io/cgiar-climate-taxonomy/terms/OUT_051,Multi-stakeholder platform,multi-stakeholder forum; MSP; Stakeholder platform,Output,1,,"Output comprising an organised forum that brings together actors from different sectors and interest groups to coordinate, negotiate, and jointly act on adaptation issues.",FAO (multi-stakeholder platforms),Output,Adaptation,Adaptation-conditional,"Output addresses a climate hazard, OR is produced by a qualifying intervention, OR an adaptation-specific principle or cross-cutting concept applies to it, OR produces a qualifying outcome; NOT adaptation when it is a general product with no climate-risk framing and no adaptation-specific link.",n/a,FALSE,Domain expert,current,5.0.0-draft
OUT_052,https://mlolita26.github.io/cgiar-climate-taxonomy/terms/OUT_052,Partnership,,Output,1,,"Output comprising a formal collaborative arrangement between two or more organisations that pool resources, capabilities, or mandates to pursue shared adaptation goals.",AGROVOC: partnerships,Output,Adaptation,Adaptation-conditional,"Output addresses a climate hazard, OR is produced by a qualifying intervention, OR an adaptation-specific principle or cross-cutting concept applies to it, OR produces a qualifying outcome; NOT adaptation when it is a general product with no climate-risk framing and no adaptation-specific link.",n/a,FALSE,Domain expert,current,5.0.0-draft
OUT_085,https://mlolita26.github.io/cgiar-climate-taxonomy/terms/OUT_085,Coalition,alliance,Output,1,,Output comprising an alliance of organisations or actors formed to advocate for or jointly advance a shared adaptation agenda or objective.,CGIAR portfolio output category (no external reference),Output,Adaptation,Adaptation-conditional,"Output addresses a climate hazard, OR is produced by a qualifying intervention, OR an adaptation-specific principle or cross-cutting concept applies to it, OR produces a qualifying outcome; NOT adaptation when it is a general product with no climate-risk framing and no adaptation-specific link.",n/a,FALSE,Domain expert; Restructure (v5),current,5.0.0-draft
OUT_102,https://mlolita26.github.io/cgiar-climate-taxonomy/terms/OUT_102,Farmer field school,FFS,Output,1,,"Output comprising a season-long, field-based learning group in which farmers, guided by a facilitator, experiment with and adopt improved practices in their own agro-ecological context.",FAO (Farmer Field Schools),Output,Adaptation,Adaptation-conditional,"Output addresses a climate hazard, OR is produced by a qualifying intervention, OR an adaptation-specific principle or cross-cutting concept applies to it, OR produces a qualifying outcome; NOT adaptation when it is a general product with no climate-risk framing and no adaptation-specific link.",n/a,FALSE,Lexicon consensus,current,5.0.0-draft
OUT_107,https://mlolita26.github.io/cgiar-climate-taxonomy/terms/OUT_107,Carbon credit,emission-reduction credit,Output,1,,"Tradable instrument representing one tonne of carbon dioxide equivalent reduced, avoided, or removed, used to compensate for emissions produced elsewhere.",ISO 14064; Conservation International,Output,Mitigation,n/a,n/a (mitigation),Mitigation-specific,FALSE,Lexicon consensus,current,5.0.0-draft
OUT_108,https://mlolita26.github.io/cgiar-climate-taxonomy/terms/OUT_108,Certified emission reduction,CER,Output,2,OUT_107,Carbon credit issued under the Clean Development Mechanism for a verified tonne of carbon dioxide equivalent reduced or removed.,UNFCCC CDM,Output,Mitigation,n/a,n/a (mitigation),Mitigation-specific,FALSE,Lexicon consensus,current,5.0.0-draft
OUT_109,https://mlolita26.github.io/cgiar-climate-taxonomy/terms/OUT_109,Carbon offset,,Output,2,OUT_107,"Carbon credit used to compensate for emissions produced elsewhere, representing a verified reduction, avoidance, or removal of greenhouse gases.",ISO 14064,Output,Mitigation,n/a,n/a (mitigation),Mitigation-specific,FALSE,Lexicon consensus,current,5.0.0-draft
OUT_111,https://mlolita26.github.io/cgiar-climate-taxonomy/terms/OUT_111,Greenhouse gas inventory,GHG inventory; Emissions inventory; Emissions database,Output,1,,Structured account of greenhouse gas emissions and removals by source and sink for a defined territory and period.,IPCC,Output,Mitigation,n/a,n/a (mitigation),Mitigation-specific,FALSE,Domain expert,current,5.0.0-draft
OUT_114,https://mlolita26.github.io/cgiar-climate-taxonomy/terms/OUT_114,Tier 1 inventory,Tier 1 GHG inventory,Output,2,OUT_111,Greenhouse gas inventory produced using default emission factors and simplified methods from international guidelines.,IPCC 2006 Guidelines,Output,Mitigation,n/a,n/a (mitigation),Mitigation-specific,FALSE,Domain expert,current,5.0.0-draft
OUT_115,https://mlolita26.github.io/cgiar-climate-taxonomy/terms/OUT_115,Tier 2 inventory,Tier 2 GHG inventory,Output,2,OUT_111,Greenhouse gas inventory produced using country-specific emission factors and activity data to improve accuracy.,IPCC 2006 Guidelines,Output,Mitigation,n/a,n/a (mitigation),Mitigation-specific,FALSE,Domain expert,current,5.0.0-draft
OUT_116,https://mlolita26.github.io/cgiar-climate-taxonomy/terms/OUT_116,Tier 3 inventory,Tier 3 GHG inventory,Output,2,OUT_111,Greenhouse gas inventory produced using detailed process-based models or direct measurement for the highest accuracy.,IPCC 2006 Guidelines,Output,Mitigation,n/a,n/a (mitigation),Mitigation-specific,FALSE,Domain expert,current,5.0.0-draft
OUT_112,https://mlolita26.github.io/cgiar-climate-taxonomy/terms/OUT_112,"Monitoring, reporting and verification system",MRV system,Output,1,,"System of methods, data, and institutional arrangements for measuring, reporting, and independently checking greenhouse gas emissions and mitigation actions.",UNFCCC,Output,Mitigation,n/a,n/a (mitigation),Mitigation-specific,FALSE,Domain expert,current,5.0.0-draft
OUT_113,https://mlolita26.github.io/cgiar-climate-taxonomy/terms/OUT_113,Emission factor,emission coefficient,Output,1,,"Coefficient relating a quantity of greenhouse gas released to a unit of the activity that generates it, used in emissions accounting.",IPCC; US EPA,Output,Mitigation,n/a,n/a (mitigation),Mitigation-specific,FALSE,Lexicon consensus,current,5.0.0-draft
OUT_130,https://mlolita26.github.io/cgiar-climate-taxonomy/terms/OUT_130,Financial product,,Output,1,,"Output comprising a packaged financial offering - loans, insurance, savings or guarantees - made available to clients.",World Bank/OECD (financial products),Output,Adaptation,Adaptation-conditional,"Output addresses a climate hazard, OR is produced by a qualifying intervention, OR an adaptation-specific principle or cross-cutting concept applies to it, OR produces a qualifying outcome; NOT adaptation when it is a general product with no climate-risk framing and no adaptation-specific link.",n/a,FALSE,Restructure (v5),current,5.0.0-draft
OUT_131,https://mlolita26.github.io/cgiar-climate-taxonomy/terms/OUT_131,Loan,credit line,Output,2,OUT_130,Financial product providing borrowed capital to be repaid with interest over an agreed term.,OECD/World Bank (credit and lending),Output,Adaptation,Adaptation-conditional,"Output addresses a climate hazard, OR is produced by a qualifying intervention, OR an adaptation-specific principle or cross-cutting concept applies to it, OR produces a qualifying outcome; NOT adaptation when it is a general product with no climate-risk framing and no adaptation-specific link.",n/a,FALSE,Restructure (v5),current,5.0.0-draft
OUT_132,https://mlolita26.github.io/cgiar-climate-taxonomy/terms/OUT_132,Monitoring tool,monitoring-and-evaluation tool; M&E tool,Output,1,,"Output comprising a tool for systematic tracking of conditions, implementation or results.",CGIAR portfolio output category (no external reference),Output,Adaptation,Adaptation-conditional,"Output addresses a climate hazard, OR is produced by a qualifying intervention, OR an adaptation-specific principle or cross-cutting concept applies to it, OR produces a qualifying outcome; NOT adaptation when it is a general product with no climate-risk framing and no adaptation-specific link.",n/a,FALSE,Restructure (v5),current,5.0.0-draft
OUT_133,https://mlolita26.github.io/cgiar-climate-taxonomy/terms/OUT_133,Dashboard,,Output,1,,Output comprising a visual interface that consolidates indicators and data streams for at-a-glance monitoring and decision support.,CGIAR portfolio output category (no external reference),Output,Adaptation,Adaptation-conditional,"Output addresses a climate hazard, OR is produced by a qualifying intervention, OR an adaptation-specific principle or cross-cutting concept applies to it, OR produces a qualifying outcome; NOT adaptation when it is a general product with no climate-risk framing and no adaptation-specific link.",n/a,FALSE,Restructure (v5),current,5.0.0-draft
OUT_134,https://mlolita26.github.io/cgiar-climate-taxonomy/terms/OUT_134,Repository,,Output,1,,"Output comprising a curated store where datasets, documents or materials are deposited, preserved and made accessible.",AGROVOC: databases; FAIR data repositories,Output,Adaptation,Adaptation-conditional,"Output addresses a climate hazard, OR is produced by a qualifying intervention, OR an adaptation-specific principle or cross-cutting concept applies to it, OR produces a qualifying outcome; NOT adaptation when it is a general product with no climate-risk framing and no adaptation-specific link.",n/a,FALSE,Restructure (v5),current,5.0.0-draft
OTC_004,https://mlolita26.github.io/cgiar-climate-taxonomy/terms/OTC_004,Yield,,Outcome,1,,"Outcome construct denoting the quantity of crop, livestock, or fishery product obtained per unit of land, animal, or effort, treated neutrally as the result whose level may be maintained, raised, or reduced under climate stress (direction of change is a separate facet).",FAO (agricultural productivity / yield),Outcome,Adaptation,Adaptation-conditional,"Outcome is measured against a climate hazard (e.g. yield under drought), OR is produced by a qualifying intervention, OR an adaptation-specific principle or cross-cutting concept applies to it; NOT adaptation when it is a plain level or quantity result not framed against a climate stressor.",n/a,FALSE,Domain expert,current,5.0.0-draft
OTC_121,https://mlolita26.github.io/cgiar-climate-taxonomy/terms/OTC_121,Yield stability,stable yield; yield variability; variable yield; yield resilience,Outcome,1,,"Outcome construct denoting the constancy of yield across seasons and stress conditions, treated neutrally as the result whose direction is assessed at tagging.",crop yield-stability literature (Becker & Léon 1988); AGROVOC,Outcome,Adaptation,Adaptation-specific,Intrinsic,n/a,FALSE,Restructure (v5),current,5.0.0-draft
OTC_102,https://mlolita26.github.io/cgiar-climate-taxonomy/terms/OTC_102,Productivity,,Outcome,1,,"Outcome construct denoting the ratio of agricultural output to the inputs used to produce it, treated neutrally as the result whose level may rise or fall.",FAO; AGROVOC: productivity,Outcome,Adaptation,Adaptation-conditional,"Outcome is measured against a climate hazard (e.g. yield under drought), OR is produced by a qualifying intervention, OR an adaptation-specific principle or cross-cutting concept applies to it; NOT adaptation when it is a plain level or quantity result not framed against a climate stressor.",n/a,FALSE,Lexicon consensus,current,5.0.0-draft
OTC_122,https://mlolita26.github.io/cgiar-climate-taxonomy/terms/OTC_122,Water productivity,,Outcome,2,OTC_102,Productivity expressed as agricultural output per unit of water used.,FAO (water productivity),Outcome,Adaptation,Adaptation-conditional,"Outcome is measured against a climate hazard (e.g. yield under drought), OR is produced by a qualifying intervention, OR an adaptation-specific principle or cross-cutting concept applies to it; NOT adaptation when it is a plain level or quantity result not framed against a climate stressor.",n/a,FALSE,Restructure (v5),current,5.0.0-draft
OTC_011,https://mlolita26.github.io/cgiar-climate-taxonomy/terms/OTC_011,Agrobiodiversity,biodiversity; crop diversity; agricultural biodiversity,Outcome,1,,"Outcome construct denoting the variety and variability of animals, plants, and micro-organisms at the genetic, species, and ecosystem levels that are used for, or contribute to, food and agriculture, treated neutrally as the result that shapes the resilience and adaptive capacity of a production system.",AGROVOC: agrobiodiversity; FAO,Outcome,Adaptation,Adaptation-conditional,"Outcome is measured against a climate hazard (e.g. yield under drought), OR is produced by a qualifying intervention, OR an adaptation-specific principle or cross-cutting concept applies to it; NOT adaptation when it is a plain level or quantity result not framed against a climate stressor.",n/a,FALSE,Domain expert; Lexicon consensus,current,5.0.0-draft
OTC_005,https://mlolita26.github.io/cgiar-climate-taxonomy/terms/OTC_005,Income,income resilience; financial stability,Outcome,1,,"Outcome construct denoting the monetary earnings that farming, pastoral, fishing, and rural households obtain from their livelihood activities, treated neutrally as the result whose level may be maintained, raised, or reduced under climate variability.",FAO (rural household income),Outcome,Adaptation,Adaptation-conditional,"Outcome is measured against a climate hazard (e.g. yield under drought), OR is produced by a qualifying intervention, OR an adaptation-specific principle or cross-cutting concept applies to it; NOT adaptation when it is a plain level or quantity result not framed against a climate stressor.",n/a,FALSE,Domain expert,current,5.0.0-draft
OTC_012,https://mlolita26.github.io/cgiar-climate-taxonomy/terms/OTC_012,Livelihood diversity,livelihood resilience; income diversification,Outcome,1,,"Outcome construct denoting the range and mix of income-generating activities available to farming, pastoral, and fishing households, treated neutrally as the result whose level shapes dependence on climate-sensitive agriculture and recovery from climate shocks.",FAO (livelihood diversification),Outcome,Adaptation,Adaptation-conditional,"Outcome is measured against a climate hazard (e.g. yield under drought), OR is produced by a qualifying intervention, OR an adaptation-specific principle or cross-cutting concept applies to it; NOT adaptation when it is a plain level or quantity result not framed against a climate stressor.",n/a,FALSE,Domain expert,current,5.0.0-draft
OTC_006,https://mlolita26.github.io/cgiar-climate-taxonomy/terms/OTC_006,Food security,food and nutrition security; food insecurity; food insecure,Outcome,1,,"Outcome construct denoting the state in which all people, at all times, have physical, social, and economic access to sufficient, safe, and nutritious food that meets their dietary needs and food preferences for an active and healthy life, treated neutrally as the result whose level may be maintained or eroded under climate stress.","FAO (food security, World Food Summit 1996)",Outcome,Adaptation,Adaptation-conditional,"Outcome is measured against a climate hazard (e.g. yield under drought), OR is produced by a qualifying intervention, OR an adaptation-specific principle or cross-cutting concept applies to it; NOT adaptation when it is a plain level or quantity result not framed against a climate stressor.",n/a,FALSE,Domain expert; Lexicon consensus,current,5.0.0-draft
OTC_025,https://mlolita26.github.io/cgiar-climate-taxonomy/terms/OTC_025,Dietary change,dietary shift; diet change,Outcome,1,,"Outcome construct denoting a shift in the composition, quantity, diversity, or quality of foods that people consume, treated neutrally as the result whose direction (e.g. toward or away from healthy or sustainable diets) is a separate facet.",FAO (dietary change); EAT-Lancet,Outcome,Adaptation,Adaptation-conditional,"Outcome is measured against a climate hazard (e.g. yield under drought), OR is produced by a qualifying intervention, OR an adaptation-specific principle or cross-cutting concept applies to it; NOT adaptation when it is a plain level or quantity result not framed against a climate stressor.",n/a,FALSE,Domain expert,current,5.0.0-draft
OTC_067,https://mlolita26.github.io/cgiar-climate-taxonomy/terms/OTC_067,Diet affordability,food affordability,Outcome,1,,"Outcome construct denoting the degree to which households can obtain a healthy or adequate diet given their income and the cost of food, treated neutrally as the result whose level may improve or worsen under climate-driven price and supply changes.","FAO (cost and affordability of a healthy diet, SOFI)",Outcome,Adaptation,Adaptation-conditional,"Outcome is measured against a climate hazard (e.g. yield under drought), OR is produced by a qualifying intervention, OR an adaptation-specific principle or cross-cutting concept applies to it; NOT adaptation when it is a plain level or quantity result not framed against a climate stressor.",n/a,FALSE,Domain expert,current,5.0.0-draft
OTC_008,https://mlolita26.github.io/cgiar-climate-taxonomy/terms/OTC_008,Soil function,soil health; soil resilience,Outcome,1,,"Outcome construct denoting the capacity of soil to sustain its biological, chemical, and physical processes - including nutrient cycling, water retention, and structure - treated neutrally as the result whose level may be maintained or degraded.",FAO (soil functions); ITPS,Outcome,Adaptation,Adaptation-conditional,"Outcome is measured against a climate hazard (e.g. yield under drought), OR is produced by a qualifying intervention, OR an adaptation-specific principle or cross-cutting concept applies to it; NOT adaptation when it is a plain level or quantity result not framed against a climate stressor.",n/a,FALSE,Domain expert; Lexicon consensus,current,5.0.0-draft
OTC_009,https://mlolita26.github.io/cgiar-climate-taxonomy/terms/OTC_009,Ecosystem function,ecosystem service; ecological function; eco-system service,Outcome,1,,"Outcome construct denoting the capacity of natural systems - watersheds, forests, rangelands - to deliver services such as water regulation, pollination, and biomass production, treated neutrally as the result whose level may be maintained or degraded.",MEA (ecosystem functions and services); IPBES,Outcome,Adaptation,Adaptation-conditional,"Outcome is measured against a climate hazard (e.g. yield under drought), OR is produced by a qualifying intervention, OR an adaptation-specific principle or cross-cutting concept applies to it; NOT adaptation when it is a plain level or quantity result not framed against a climate stressor.",n/a,FALSE,Domain expert; Lexicon consensus,current,5.0.0-draft
OTC_010,https://mlolita26.github.io/cgiar-climate-taxonomy/terms/OTC_010,Water availability,water security; hydrological resilience,Outcome,1,,"Outcome construct denoting the degree to which freshwater resources for irrigation, livestock watering, fisheries, or household use are accessible in space and time, treated neutrally as the result whose level may be maintained or reduced under variable or declining rainfall.",FAO (water availability / AQUASTAT),Outcome,Adaptation,Adaptation-conditional,"Outcome is measured against a climate hazard (e.g. yield under drought), OR is produced by a qualifying intervention, OR an adaptation-specific principle or cross-cutting concept applies to it; NOT adaptation when it is a plain level or quantity result not framed against a climate stressor.",n/a,FALSE,Domain expert,current,5.0.0-draft
OTC_138,https://mlolita26.github.io/cgiar-climate-taxonomy/terms/OTC_138,Feed availability,forage availability; feed security; availability of feed; availability of forage,Outcome,1,,Outcome construct denoting the sufficiency of feed and forage supply for livestock across seasons.,FAO (livestock feed security),Outcome,Adaptation,Adaptation-conditional,"Outcome is measured against a climate hazard (e.g. yield under drought), OR is produced by a qualifying intervention, OR an adaptation-specific principle or cross-cutting concept applies to it; NOT adaptation when it is a plain level or quantity result not framed against a climate stressor.",n/a,FALSE,Restructure (v5),current,5.0.0-draft
OTC_099,https://mlolita26.github.io/cgiar-climate-taxonomy/terms/OTC_099,Enabling environment,enabling conditions,Outcome,1,,"Outcome construct denoting the interrelated set of conditions, institutions, and policies that together allow adaptation to proceed effectively and be sustained, treated neutrally as the result whose strength may improve or weaken.",FAO; UNDP (enabling environment),Outcome,Adaptation,Adaptation-conditional,"Outcome is measured against a climate hazard (e.g. yield under drought), OR is produced by a qualifying intervention, OR an adaptation-specific principle or cross-cutting concept applies to it; NOT adaptation when it is a plain level or quantity result not framed against a climate stressor.",n/a,FALSE,Lexicon consensus,current,5.0.0-draft
OTC_046,https://mlolita26.github.io/cgiar-climate-taxonomy/terms/OTC_046,Governance,multi-level governance; polycentric governance,Outcome,1,,"Outcome construct denoting the structures, processes, and institutions through which decisions about adaptation are made, resourced, and held accountable, treated neutrally as the result whose quality may be strengthened or weakened.",IPCC AR6 WGII (governance and institutions for adaptation),Outcome,Adaptation,Adaptation-conditional,"Outcome is measured against a climate hazard (e.g. yield under drought), OR is produced by a qualifying intervention, OR an adaptation-specific principle or cross-cutting concept applies to it; NOT adaptation when it is a plain level or quantity result not framed against a climate stressor.",n/a,FALSE,Domain expert,current,5.0.0-draft
OTC_082,https://mlolita26.github.io/cgiar-climate-taxonomy/terms/OTC_082,New investment,investment mobilized; new finance,Outcome,1,,"Outcome construct denoting the mobilisation of new financial resources or capital committed to adaptation-related products, services, systems, or enterprises, treated neutrally as the result whose level may rise or fall.",UNFCCC (adaptation finance / investment),Outcome,Adaptation,Adaptation-conditional,"Outcome is measured against a climate hazard (e.g. yield under drought), OR is produced by a qualifying intervention, OR an adaptation-specific principle or cross-cutting concept applies to it; NOT adaptation when it is a plain level or quantity result not framed against a climate stressor.",n/a,FALSE,Domain expert,current,5.0.0-draft
OTC_081,https://mlolita26.github.io/cgiar-climate-taxonomy/terms/OTC_081,Climate policy coherence,policy coherence,Outcome,1,,"Outcome construct denoting the degree to which policies across sectors and scales are mutually consistent and reinforcing rather than conflicting in relation to adaptation, treated neutrally as the result whose level may improve or worsen.",OECD (policy coherence for sustainable development),Outcome,Adaptation,Adaptation-conditional,"Outcome is measured against a climate hazard (e.g. yield under drought), OR is produced by a qualifying intervention, OR an adaptation-specific principle or cross-cutting concept applies to it; NOT adaptation when it is a plain level or quantity result not framed against a climate stressor.",n/a,FALSE,Domain expert,current,5.0.0-draft
OTC_095,https://mlolita26.github.io/cgiar-climate-taxonomy/terms/OTC_095,Climate policy adequacy,adaptation adequacy; sufficiency,Outcome,1,,Outcome construct denoting the extent to which adaptation responses are sufficient to avoid or reduce climate risk to tolerable levels or to meet stated adaptation goals.,IPCC AR6 WGII (adequacy of adaptation),Cross-cutting,Adaptation,Adaptation-conditional,"Outcome is measured against a climate hazard (e.g. yield under drought), OR is produced by a qualifying intervention, OR an adaptation-specific principle or cross-cutting concept applies to it; NOT adaptation when it is a plain level or quantity result not framed against a climate stressor.",n/a,FALSE,Domain expert,current,5.0.0-draft
OTC_044,https://mlolita26.github.io/cgiar-climate-taxonomy/terms/OTC_044,Coordination,,Outcome,1,,"Outcome construct denoting the degree of alignment and joint action among actors, sectors, or institutions involved in adaptation, treated neutrally as the result whose level may be strengthened or weakened.",OECD (coordination of adaptation); IPCC AR6 WGII,Outcome,Adaptation,Adaptation-conditional,"Outcome is measured against a climate hazard (e.g. yield under drought), OR is produced by a qualifying intervention, OR an adaptation-specific principle or cross-cutting concept applies to it; NOT adaptation when it is a plain level or quantity result not framed against a climate stressor.",n/a,FALSE,Domain expert,current,5.0.0-draft
OTC_071,https://mlolita26.github.io/cgiar-climate-taxonomy/terms/OTC_071,Social norms change,norm change,Outcome,1,,"Outcome construct denoting a shift in the shared social rules, expectations, and practices that govern behaviour within a community, treated neutrally as the result whose direction in relation to adaptation is a separate facet.",ALIGN (Advancing Learning and Innovation on Gender Norms),Outcome,Adaptation,Adaptation-conditional,"Outcome is measured against a climate hazard (e.g. yield under drought), OR is produced by a qualifying intervention, OR an adaptation-specific principle or cross-cutting concept applies to it; NOT adaptation when it is a plain level or quantity result not framed against a climate stressor.",n/a,FALSE,Domain expert,current,5.0.0-draft
OTC_031,https://mlolita26.github.io/cgiar-climate-taxonomy/terms/OTC_031,Knowledge,awareness,Outcome,1,,"Outcome construct comprising the information and understanding that individuals, households, or institutions hold and can apply to adaptation.",IPCC AR6 WGII (knowledge and capacity as enabling conditions for adaptation),Outcome,Adaptation,Adaptation-conditional,"Outcome is measured against a climate hazard (e.g. yield under drought), OR is produced by a qualifying intervention, OR an adaptation-specific principle or cross-cutting concept applies to it; NOT adaptation when it is a plain level or quantity result not framed against a climate stressor.",n/a,FALSE,Domain expert,current,5.0.0-draft
OTC_104,https://mlolita26.github.io/cgiar-climate-taxonomy/terms/OTC_104,Skills,competencies,Outcome,1,,"Outcome construct comprising the practical competencies and know-how that individuals, households, or institutions can apply to adaptation.",IPCC AR6 WGII,Outcome,Adaptation,Adaptation-conditional,"Outcome is measured against a climate hazard (e.g. yield under drought), OR is produced by a qualifying intervention, OR an adaptation-specific principle or cross-cutting concept applies to it; NOT adaptation when it is a plain level or quantity result not framed against a climate stressor.",n/a,FALSE,Restructure (v5),current,5.0.0-draft
OTC_033,https://mlolita26.github.io/cgiar-climate-taxonomy/terms/OTC_033,Agency,empowerment; economic empowerment; women empowerment,Outcome,1,,Outcome construct comprising the ability of individuals or groups to make and act on autonomous decisions about their lives and livelihoods in the context of adaptation.,FAO (agency); Sen (capability approach),Outcome,Adaptation,Adaptation-conditional,"Outcome is measured against a climate hazard (e.g. yield under drought), OR is produced by a qualifying intervention, OR an adaptation-specific principle or cross-cutting concept applies to it; NOT adaptation when it is a plain level or quantity result not framed against a climate stressor.",n/a,FALSE,Domain expert,current,5.0.0-draft
OTC_103,https://mlolita26.github.io/cgiar-climate-taxonomy/terms/OTC_103,Capacity,capability,Outcome,1,,"Outcome construct denoting the abilities and assets that enable individuals, households, institutions, or systems to act on and adapt to climate change, treated neutrally as the result whose level may be built or eroded.",IPCC AR6 WGII; FAO,Outcome,Adaptation,Adaptation-conditional,"Outcome is measured against a climate hazard (e.g. yield under drought), OR is produced by a qualifying intervention, OR an adaptation-specific principle or cross-cutting concept applies to it; NOT adaptation when it is a plain level or quantity result not framed against a climate stressor.",n/a,FALSE,Domain expert,current,5.0.0-draft
OTC_051,https://mlolita26.github.io/cgiar-climate-taxonomy/terms/OTC_051,Absorptive capacity,coping capacity,Outcome,2,OTC_103,"Capacity comprising the ability of people, institutions, organisations and systems, using available skills, values, beliefs, resources and opportunities, to address, manage and overcome adverse conditions in the short to medium term.",IPCC AR6 WGII Glossary: Coping capacity (mapped to absorptive capacity),Outcome,Adaptation,Adaptation-specific,Intrinsic,n/a,FALSE,Domain expert; Lexicon consensus,current,5.0.0-draft
OTC_052,https://mlolita26.github.io/cgiar-climate-taxonomy/terms/OTC_052,Adaptive capacity,readiness,Outcome,2,OTC_103,"Capacity comprising the ability of systems, institutions, humans and other organisms to adjust to potential damage, to take advantage of opportunities, or to respond to consequences.",IPCC AR6 WGII Glossary: Adaptive capacity,Outcome,Adaptation,Adaptation-specific,Intrinsic,n/a,FALSE,Domain expert; Lexicon consensus,current,5.0.0-draft
OTC_053,https://mlolita26.github.io/cgiar-climate-taxonomy/terms/OTC_053,Transformative capacity,transformative capability,Outcome,2,OTC_103,"Capacity comprising the ability to create fundamentally new systems or to make fundamental changes when ecological, economic, or social structures render the existing system untenable in the face of climate change.",IPCC AR6 WGII Glossary (Transformation); resilience literature,Outcome,Adaptation,Adaptation-specific,Intrinsic,n/a,FALSE,Domain expert,current,5.0.0-draft
OTC_100,https://mlolita26.github.io/cgiar-climate-taxonomy/terms/OTC_100,Institutional capacity,governance capacity,Outcome,2,OTC_103,"Capacity comprising the ability of an organisation or institution to perform its functions effectively, efficiently, and sustainably, encompassing its human, financial, and adaptive-management resources.",UNDP (institutional capacity development),Outcome,Adaptation,Adaptation-conditional,"Outcome is measured against a climate hazard (e.g. yield under drought), OR is produced by a qualifying intervention, OR an adaptation-specific principle or cross-cutting concept applies to it; NOT adaptation when it is a plain level or quantity result not framed against a climate stressor.",n/a,FALSE,Lexicon consensus,current,5.0.0-draft
OTC_050,https://mlolita26.github.io/cgiar-climate-taxonomy/terms/OTC_050,Resilience,,Outcome,1,,"Outcome construct denoting the capacity of interconnected social, economic and ecological systems to cope with a hazardous event, trend or disturbance, responding or reorganising in ways that maintain their essential function, identity and structure, while retaining the capacity for adaptation, learning and transformation.",IPCC AR6 WGII Glossary (Resilience),Outcome,Adaptation,Adaptation-conditional,"Outcome is measured against a climate hazard (e.g. yield under drought), OR is produced by a qualifying intervention, OR an adaptation-specific principle or cross-cutting concept applies to it; NOT adaptation when it is a plain level or quantity result not framed against a climate stressor.",n/a,FALSE,Domain expert,current,5.0.0-draft
OTC_114,https://mlolita26.github.io/cgiar-climate-taxonomy/terms/OTC_114,Climate resilience,climate-resilient; resilient to climate; resilience to climate; resilience to climate change,Outcome,2,OTC_050,"Resilience specifically to climate-related hazards, comprising the capacity of a social, economic, or ecological system to anticipate, absorb, accommodate, or recover from the effects of a climate hazard while maintaining its essential function, identity, and structure.",IPCC AR6 WGII Glossary (Resilience),Outcome,Adaptation,Adaptation-specific,Intrinsic,n/a,FALSE,PRMS pilot,current,5.0.0-draft
OTC_123,https://mlolita26.github.io/cgiar-climate-taxonomy/terms/OTC_123,Agricultural resilience,,Outcome,2,OTC_050,Resilience of agricultural production and livelihoods to shocks and stresses.,IPCC AR6 WGII Glossary: Resilience (scoped to agriculture),Outcome,Adaptation,Adaptation-conditional,"Outcome is measured against a climate hazard (e.g. yield under drought), OR is produced by a qualifying intervention, OR an adaptation-specific principle or cross-cutting concept applies to it; NOT adaptation when it is a plain level or quantity result not framed against a climate stressor.",n/a,FALSE,Restructure (v5),current,5.0.0-draft
OTC_124,https://mlolita26.github.io/cgiar-climate-taxonomy/terms/OTC_124,Landscape resilience,,Outcome,2,OTC_050,Resilience of landscape-level ecological and social functions to shocks and stresses.,IPCC AR6 WGII Glossary: Resilience (scoped to landscapes),Outcome,Adaptation,Adaptation-conditional,"Outcome is measured against a climate hazard (e.g. yield under drought), OR is produced by a qualifying intervention, OR an adaptation-specific principle or cross-cutting concept applies to it; NOT adaptation when it is a plain level or quantity result not framed against a climate stressor.",n/a,FALSE,Restructure (v5),current,5.0.0-draft
OTC_125,https://mlolita26.github.io/cgiar-climate-taxonomy/terms/OTC_125,Food system resilience,,Outcome,2,OTC_050,"Resilience of food systems to shocks and stresses affecting production, supply chains and access.",IPCC AR6 WGII Glossary: Resilience (scoped to food systems); HLPE,Outcome,Adaptation,Adaptation-conditional,"Outcome is measured against a climate hazard (e.g. yield under drought), OR is produced by a qualifying intervention, OR an adaptation-specific principle or cross-cutting concept applies to it; NOT adaptation when it is a plain level or quantity result not framed against a climate stressor.",n/a,FALSE,Restructure (v5),current,5.0.0-draft
OTC_126,https://mlolita26.github.io/cgiar-climate-taxonomy/terms/OTC_126,Economic resilience,,Outcome,2,OTC_050,"Resilience of incomes, assets and economic activity to shocks and stresses.",IPCC AR6 WGII Glossary: Resilience (scoped to economies),Outcome,Adaptation,Adaptation-conditional,"Outcome is measured against a climate hazard (e.g. yield under drought), OR is produced by a qualifying intervention, OR an adaptation-specific principle or cross-cutting concept applies to it; NOT adaptation when it is a plain level or quantity result not framed against a climate stressor.",n/a,FALSE,Restructure (v5),current,5.0.0-draft
OTC_101,https://mlolita26.github.io/cgiar-climate-taxonomy/terms/OTC_101,Climate risk reduction,,Outcome,1,,"Outcome construct denoting a decrease in climate-related risk to a system, achieved by lowering hazard exposure, vulnerability, or sensitivity.",UNDRR; IPCC AR6 WGII (risk reduction),Outcome,Adaptation,Adaptation-specific,Intrinsic,n/a,FALSE,Domain expert,current,5.0.0-draft
OTC_096,https://mlolita26.github.io/cgiar-climate-taxonomy/terms/OTC_096,Wellbeing,,Outcome,1,,"Outcome construct denoting a state of existence that fulfils various human needs, including material living conditions and quality of life, as well as the ability to pursue one's goals, to thrive, and to feel satisfied with life.",IPCC AR6 WGII Glossary: Well-being,Outcome,Adaptation,Adaptation-conditional,"Outcome is measured against a climate hazard (e.g. yield under drought), OR is produced by a qualifying intervention, OR an adaptation-specific principle or cross-cutting concept applies to it; NOT adaptation when it is a plain level or quantity result not framed against a climate stressor.",n/a,FALSE,Domain expert,current,5.0.0-draft
OTC_093,https://mlolita26.github.io/cgiar-climate-taxonomy/terms/OTC_093,Adaptation effectiveness,,Outcome,1,,Outcome construct denoting the extent to which an adaptation action is anticipated or observed to reduce climate-related risk.,IPCC AR6 WGII (adaptation effectiveness),Outcome,Adaptation,Adaptation-specific,Intrinsic,n/a,FALSE,Domain expert,current,5.0.0-draft
OTC_097,https://mlolita26.github.io/cgiar-climate-taxonomy/terms/OTC_097,Food loss,post-harvest loss,Outcome,1,,Outcome construct denoting the quantity or quality of food lost along the supply chain from production up to (but not including) the retail stage.,FAO SOFA 2019; SDG 12.3,Outcome,Adaptation,Adaptation-conditional,"Outcome is measured against a climate hazard (e.g. yield under drought), OR is produced by a qualifying intervention, OR an adaptation-specific principle or cross-cutting concept applies to it; NOT adaptation when it is a plain level or quantity result not framed against a climate stressor.",n/a,FALSE,Restructure (v5),current,5.0.0-draft
OTC_098,https://mlolita26.github.io/cgiar-climate-taxonomy/terms/OTC_098,Food waste,,Outcome,1,,"Outcome construct denoting the quantity or quality of food lost at the retail and consumption stages, including food discarded or left to spoil.",FAO SOFA 2019; SDG 12.3,Outcome,Adaptation,Adaptation-conditional,"Outcome is measured against a climate hazard (e.g. yield under drought), OR is produced by a qualifying intervention, OR an adaptation-specific principle or cross-cutting concept applies to it; NOT adaptation when it is a plain level or quantity result not framed against a climate stressor.",n/a,FALSE,Restructure (v5),current,5.0.0-draft
OTC_105,https://mlolita26.github.io/cgiar-climate-taxonomy/terms/OTC_105,Greenhouse gas emissions,emission level; emission reduction; reduced emissions; carbon footprint; carbon footprint reduction; emission mitigation; Carbon emission; Diesel emissions; Nitrogen emissions; Agrifood emissions,Outcome,1,,"Quantity of greenhouse gases released to the atmosphere by an activity, system, or territory over a defined period, expressed in carbon dioxide equivalent.",IPCC; UNFCCC,Outcome,Mitigation,n/a,n/a (mitigation),Mitigation-specific,FALSE,Domain expert,current,5.0.0-draft
OTC_106,https://mlolita26.github.io/cgiar-climate-taxonomy/terms/OTC_106,Carbon sequestered,carbon storage; sequestered carbon; carbon sequestration; carbon uptake,Outcome,1,,"Quantity of atmospheric carbon captured and stored in biomass, soils, or other reservoirs over a defined period.",IPCC,Outcome,Mitigation,n/a,n/a (mitigation),Mitigation-specific,FALSE,Domain expert,current,5.0.0-draft
OTC_107,https://mlolita26.github.io/cgiar-climate-taxonomy/terms/OTC_107,Soil organic carbon,soil carbon; SOC,Outcome,1,,"Quantity of carbon held in soil organic matter, a determinant of both soil health and terrestrial carbon storage.",IPCC SRCCL; AGROVOC,Outcome,Adaptation + Mitigation,Adaptation-conditional,"Outcome is measured against a climate hazard (e.g. yield under drought), OR is produced by a qualifying intervention, OR an adaptation-specific principle or cross-cutting concept applies to it; NOT adaptation when it is a plain level or quantity result not framed against a climate stressor.",Mitigation-conditional,FALSE,Lexicon consensus,current,5.0.0-draft
OTC_108,https://mlolita26.github.io/cgiar-climate-taxonomy/terms/OTC_108,Emission intensity,carbon intensity; Greenhouse gas intensity,Outcome,1,,Greenhouse gas emissions per unit of agricultural output or activity.,IPCC,Outcome,Mitigation,n/a,n/a (mitigation),Mitigation-specific,FALSE,Domain expert,current,5.0.0-draft
OTC_110,https://mlolita26.github.io/cgiar-climate-taxonomy/terms/OTC_110,Net zero emissions,net zero; carbon neutrality; carbon negative,Outcome,1,,Condition in which metric-weighted anthropogenic greenhouse gas emissions are balanced by metric-weighted anthropogenic greenhouse gas removals over a defined period.,IPCC AR6 WGII Annex II,Outcome,Mitigation,n/a,n/a (mitigation),Mitigation-specific,FALSE,Lexicon consensus,current,5.0.0-draft
OTC_111,https://mlolita26.github.io/cgiar-climate-taxonomy/terms/OTC_111,Energy efficiency,energy-use efficiency,Outcome,1,,"State in which a given service is delivered using less energy input, lowering fossil-fuel use and associated greenhouse gas emissions.",IEA,Outcome,Mitigation,n/a,n/a (mitigation),Mitigation-specific,FALSE,Domain expert,current,5.0.0-draft
OTC_112,https://mlolita26.github.io/cgiar-climate-taxonomy/terms/OTC_112,Nitrogen use efficiency,NUE,Outcome,1,,"Ratio of nitrogen taken up in harvested product to nitrogen applied, a determinant of both agricultural productivity and nitrous oxide emissions.",AGROVOC; IPCC,Outcome,Mitigation,n/a,n/a (mitigation),Mitigation-specific,FALSE,Domain expert,current,5.0.0-draft
OTC_113,https://mlolita26.github.io/cgiar-climate-taxonomy/terms/OTC_113,Water use efficiency,WUE,Outcome,1,,"Ratio of agricultural output to the volume of water used, a determinant of productivity and resilience under water scarcity.",AGROVOC; FAO,Outcome,Adaptation,Adaptation-conditional,"Outcome is measured against a climate hazard (e.g. yield under drought), OR is produced by a qualifying intervention, OR an adaptation-specific principle or cross-cutting concept applies to it; NOT adaptation when it is a plain level or quantity result not framed against a climate stressor.",n/a,FALSE,Domain expert,current,5.0.0-draft
OTC_115,https://mlolita26.github.io/cgiar-climate-taxonomy/terms/OTC_115,Equity,fairness,Outcome,1,,"Outcome construct denoting the fair distribution of adaptation benefits, burdens, risks, and decision-making power across people and groups, accounting for differing needs, capacities, and historical disadvantage.",IPCC AR6 WGII (equity and justice in adaptation),Outcome,Adaptation,Adaptation-conditional,"Outcome is measured against a climate hazard (e.g. yield under drought), OR is produced by a qualifying intervention, OR an adaptation-specific principle or cross-cutting concept applies to it; NOT adaptation when it is a plain level or quantity result not framed against a climate stressor.",n/a,FALSE,Domain expert,current,5.0.0-draft
OTC_127,https://mlolita26.github.io/cgiar-climate-taxonomy/terms/OTC_127,Social equity,,Outcome,2,OTC_115,"Equity in the distribution of resources, opportunities and benefits across social groups.",IPCC AR6 WGII (equity and justice in adaptation),Outcome,Adaptation,Adaptation-conditional,"Outcome is measured against a climate hazard (e.g. yield under drought), OR is produced by a qualifying intervention, OR an adaptation-specific principle or cross-cutting concept applies to it; NOT adaptation when it is a plain level or quantity result not framed against a climate stressor.",n/a,FALSE,Restructure (v5),current,5.0.0-draft
OTC_139,https://mlolita26.github.io/cgiar-climate-taxonomy/terms/OTC_139,Gender equity,gender equality,Outcome,2,OTC_115,"Equity between women and men in the distribution of resources, opportunities and benefits.",CGIAR GENDER Impact Platform; FAO,Outcome,Adaptation,Adaptation-conditional,"Outcome is measured against a climate hazard (e.g. yield under drought), OR is produced by a qualifying intervention, OR an adaptation-specific principle or cross-cutting concept applies to it; NOT adaptation when it is a plain level or quantity result not framed against a climate stressor.",n/a,FALSE,Restructure (v5),current,5.0.0-draft
OTC_116,https://mlolita26.github.io/cgiar-climate-taxonomy/terms/OTC_116,Inclusion,inclusive,Outcome,1,,"Outcome construct denoting the meaningful participation and benefit of all relevant groups, particularly those marginalised or differentially vulnerable, in adaptation decision-making and action.",IPCC AR6 WGII (inclusion); CGIAR GENDER,Outcome,Adaptation,Adaptation-conditional,"Outcome is measured against a climate hazard (e.g. yield under drought), OR is produced by a qualifying intervention, OR an adaptation-specific principle or cross-cutting concept applies to it; NOT adaptation when it is a plain level or quantity result not framed against a climate stressor.",n/a,FALSE,Domain expert,current,5.0.0-draft
OTC_128,https://mlolita26.github.io/cgiar-climate-taxonomy/terms/OTC_128,Gender inclusion,,Outcome,2,OTC_116,"Inclusion of women and men on equitable terms in activities, institutions and benefits.",CGIAR GENDER Impact Platform; IPCC AR6 WGII (inclusion),Outcome,Adaptation,Adaptation-conditional,"Outcome is measured against a climate hazard (e.g. yield under drought), OR is produced by a qualifying intervention, OR an adaptation-specific principle or cross-cutting concept applies to it; NOT adaptation when it is a plain level or quantity result not framed against a climate stressor.",n/a,FALSE,Restructure (v5),current,5.0.0-draft
OTC_129,https://mlolita26.github.io/cgiar-climate-taxonomy/terms/OTC_129,Social inclusion,,Outcome,2,OTC_116,"Inclusion of marginalised or disadvantaged social groups in activities, institutions and benefits.",IPCC AR6 WGII (inclusion); CGIAR GENDER,Outcome,Adaptation,Adaptation-conditional,"Outcome is measured against a climate hazard (e.g. yield under drought), OR is produced by a qualifying intervention, OR an adaptation-specific principle or cross-cutting concept applies to it; NOT adaptation when it is a plain level or quantity result not framed against a climate stressor.",n/a,FALSE,Restructure (v5),current,5.0.0-draft
OTC_130,https://mlolita26.github.io/cgiar-climate-taxonomy/terms/OTC_130,Financial inclusion,inclusive finance; financial access,Outcome,2,OTC_116,Inclusion of individuals and enterprises in access to and use of affordable formal financial services.,World Bank (financial inclusion),Outcome,Adaptation,Adaptation-conditional,"Outcome is measured against a climate hazard (e.g. yield under drought), OR is produced by a qualifying intervention, OR an adaptation-specific principle or cross-cutting concept applies to it; NOT adaptation when it is a plain level or quantity result not framed against a climate stressor.",n/a,FALSE,Restructure (v5),current,5.0.0-draft
CCC_32,https://mlolita26.github.io/cgiar-climate-taxonomy/terms/CCC_32,Youth inclusion,youth engagement,Outcome,2,OTC_116,"Inclusion of young people, addressing their distinct constraints, aspirations, and roles in agriculture and adaptation.",IFAD (youth inclusion / rural youth),Cross-cutting,Adaptation,Adaptation-conditional,"Cross-cutting concept applies to a qualifying intervention, outcome, or impact; NOT adaptation when applied generically with nothing qualifying to attach to.",n/a,FALSE,Domain expert,current,5.0.0-draft
OTC_117,https://mlolita26.github.io/cgiar-climate-taxonomy/terms/OTC_117,Land Degradation Neutrality,LDN,Outcome,1,,"Outcome construct denoting a state in which the amount and quality of land resources necessary to support ecosystem functions and food security remains stable or increases, by balancing land degradation against restoration and sustainable management.","UNCCD (Land Degradation Neutrality, SDG 15.3)",Outcome,Adaptation,Adaptation-conditional,"Outcome is measured against a climate hazard (e.g. yield under drought), OR is produced by a qualifying intervention, OR an adaptation-specific principle or cross-cutting concept applies to it; NOT adaptation when it is a plain level or quantity result not framed against a climate stressor.",n/a,FALSE,Domain expert,current,5.0.0-draft
OTC_118,https://mlolita26.github.io/cgiar-climate-taxonomy/terms/OTC_118,Loss and damage,losses and damages,Outcome,1,,"Outcome construct denoting the adverse impacts of climate change that occur despite, or in the absence of, mitigation and adaptation, spanning both economic and non-economic harm.",IPCC AR6 WGII Glossary; UNFCCC,Outcome,Adaptation,Adaptation-specific,Intrinsic,n/a,FALSE,Domain expert,current,5.0.0-draft
OTC_119,https://mlolita26.github.io/cgiar-climate-taxonomy/terms/OTC_119,Maladaptation,maladaptive outcome,Outcome,1,,"Outcome construct denoting a pattern in which actions intended as adaptation lead to increased or shifted climate risk, more inequitable outcomes, or diminished welfare, now or in the future.",IPCC AR6 WGII Glossary: Maladaptation,Outcome,Adaptation,Adaptation-specific,Intrinsic,n/a,FALSE,Domain expert; Lexicon consensus,current,5.0.0-draft
OTC_120,https://mlolita26.github.io/cgiar-climate-taxonomy/terms/OTC_120,Co-benefit,co-control benefit,Outcome,1,,Outcome construct denoting a positive effect that an action taken for one climate objective has on another objective or on wider social and environmental goals.,FAO; IPCC,Outcome,Adaptation + Mitigation,Adaptation-conditional,"Cross-cutting concept applies to a qualifying intervention, outcome, or impact; NOT adaptation when applied generically with nothing qualifying to attach to.",Mitigation-conditional,FALSE,Lexicon consensus,current,5.0.0-draft
OTC_131,https://mlolita26.github.io/cgiar-climate-taxonomy/terms/OTC_131,Agronomic performance,,Outcome,1,,"Outcome construct denoting the field performance of crops or practices - establishment, growth and yield components.",AGROVOC: agronomic characters,Outcome,Adaptation,Adaptation-conditional,"Outcome is measured against a climate hazard (e.g. yield under drought), OR is produced by a qualifying intervention, OR an adaptation-specific principle or cross-cutting concept applies to it; NOT adaptation when it is a plain level or quantity result not framed against a climate stressor.",n/a,FALSE,Restructure (v5),current,5.0.0-draft
OTC_132,https://mlolita26.github.io/cgiar-climate-taxonomy/terms/OTC_132,Behavioural change,behavior change; behavioral change,Outcome,1,,"Outcome construct denoting changes in the practices, decisions or habits of individuals or organisations.",behaviour-change literature; WHO,Outcome,Adaptation,Adaptation-conditional,"Outcome is measured against a climate hazard (e.g. yield under drought), OR is produced by a qualifying intervention, OR an adaptation-specific principle or cross-cutting concept applies to it; NOT adaptation when it is a plain level or quantity result not framed against a climate stressor.",n/a,FALSE,Restructure (v5),current,5.0.0-draft
OTC_133,https://mlolita26.github.io/cgiar-climate-taxonomy/terms/OTC_133,Employment,job creation,Outcome,1,,Outcome construct denoting paid work and jobs generated or sustained.,ILO (decent work and employment),Outcome,Adaptation,Adaptation-conditional,"Outcome is measured against a climate hazard (e.g. yield under drought), OR is produced by a qualifying intervention, OR an adaptation-specific principle or cross-cutting concept applies to it; NOT adaptation when it is a plain level or quantity result not framed against a climate stressor.",n/a,FALSE,Restructure (v5),current,5.0.0-draft
OTC_134,https://mlolita26.github.io/cgiar-climate-taxonomy/terms/OTC_134,Rate of return,,Outcome,1,,Outcome construct denoting the financial or economic return generated per unit invested.,CIMMYT (1988) From Agronomic Data to Farmer Recommendations; OECD,Outcome,Adaptation,Adaptation-conditional,"Outcome is measured against a climate hazard (e.g. yield under drought), OR is produced by a qualifying intervention, OR an adaptation-specific principle or cross-cutting concept applies to it; NOT adaptation when it is a plain level or quantity result not framed against a climate stressor.",n/a,FALSE,Restructure (v5),current,5.0.0-draft
OTC_135,https://mlolita26.github.io/cgiar-climate-taxonomy/terms/OTC_135,Marginal rate of return,,Outcome,2,OTC_134,Rate of return on an additional unit of investment.,CIMMYT (1988) From Agronomic Data to Farmer Recommendations (marginal rate of return),Outcome,Adaptation,Adaptation-conditional,"Outcome is measured against a climate hazard (e.g. yield under drought), OR is produced by a qualifying intervention, OR an adaptation-specific principle or cross-cutting concept applies to it; NOT adaptation when it is a plain level or quantity result not framed against a climate stressor.",n/a,FALSE,Restructure (v5),current,5.0.0-draft
OTC_136,https://mlolita26.github.io/cgiar-climate-taxonomy/terms/OTC_136,Return on investment,ROI,Outcome,2,OTC_134,Rate of return expressing net benefit as a share of investment cost.,OECD (return on investment),Outcome,Adaptation,Adaptation-conditional,"Outcome is measured against a climate hazard (e.g. yield under drought), OR is produced by a qualifying intervention, OR an adaptation-specific principle or cross-cutting concept applies to it; NOT adaptation when it is a plain level or quantity result not framed against a climate stressor.",n/a,FALSE,Restructure (v5),current,5.0.0-draft
OTC_137,https://mlolita26.github.io/cgiar-climate-taxonomy/terms/OTC_137,Food access,access to food,Outcome,1,,"Outcome construct denoting the physical, social and economic access of people to sufficient, safe and nutritious food that meets their dietary needs.",FAO (food access; World Food Summit 1996),Outcome,Adaptation,Adaptation-conditional,"Outcome is measured against a climate hazard (e.g. yield under drought), OR is produced by a qualifying intervention, OR an adaptation-specific principle or cross-cutting concept applies to it; NOT adaptation when it is a plain level or quantity result not framed against a climate stressor.",n/a,FALSE,Restructure (v5),current,5.0.0-draft
IMP_001,https://mlolita26.github.io/cgiar-climate-taxonomy/terms/IMP_001,Loss avoided,avoided damages; reduced loss; welfare protection,Impact,1,,"Higher-order, long-term impact in which agricultural, economic, or welfare losses attributable to climate hazards are reduced as a result of an adaptation intervention, assessed against a credible counterfactual baseline without the intervention.",IPCC AR6 WGII (avoided impacts / losses); UNFCCC WIM (loss and damage),Impact,Adaptation,Adaptation-specific,Intrinsic,n/a,FALSE,Domain expert,current,5.0.0-draft
IMP_002,https://mlolita26.github.io/cgiar-climate-taxonomy/terms/IMP_002,Agronomic loss avoided,avoided agronomic loss; avoided production loss,Impact,2,IMP_001,"Loss avoided in crop, livestock, fishery, aquaculture, or agroforestry production under climate stress, compared with a no-adaptation baseline, including avoided reductions in yield, productivity, production quality, or productive assets.",IPCC AR6 WGII (avoided agricultural losses); FAO,Impact,Adaptation,Adaptation-specific,Intrinsic,n/a,FALSE,Domain expert,current,5.0.0-draft
IMP_003,https://mlolita26.github.io/cgiar-climate-taxonomy/terms/IMP_003,Welfare loss avoided,avoided welfare loss,Impact,2,IMP_001,"Loss avoided in household or community welfare under climate stress, compared with a no-adaptation baseline, including avoided reductions in income, food security, assets, labour capacity, or coping ability.",IPCC AR6 WGII (avoided welfare losses),Impact,Adaptation,Adaptation-specific,Intrinsic,n/a,FALSE,Domain expert,current,5.0.0-draft
IMP_004,https://mlolita26.github.io/cgiar-climate-taxonomy/terms/IMP_004,Avoided emissions,Scope 4 emissions,Impact,1,,Higher-order mitigation effect consisting of greenhouse gas emissions prevented relative to a baseline or counterfactual.,IPCC; NCASI,Impact,Mitigation,n/a,n/a (mitigation),Mitigation-specific,FALSE,Lexicon consensus,current,5.0.0-draft
IMP_005,https://mlolita26.github.io/cgiar-climate-taxonomy/terms/IMP_005,Avoided land-use-change emissions,avoided land-use change; avoided deforestation emissions,Impact,2,IMP_004,Avoided emissions consisting of the greenhouse gas release prevented by retaining existing land cover and its carbon stock rather than converting it to another use.,IPCC,Impact,Mitigation,n/a,n/a (mitigation),Mitigation-specific,FALSE,Domain expert,current,5.0.0-draft
ADP_01,https://mlolita26.github.io/cgiar-climate-taxonomy/terms/ADP_01,Availability,,Adoption pathway,1,,"Stage of the adoption pathway at which an adaptation product, practice, service, or technology has been developed and exists in a form that could in principle reach intended users, prior to those users being able to obtain it.",CGIAR adoption/scaling literature,Uptake stage,Adaptation,Adaptation-conditional,"Adoption pathway is a modifier, never standalone; counts as adaptation when the intervention, output, or outcome being made available, accessed, adopted, used, or scaled is itself adaptation-specific or hazard-addressing; NOT adaptation when the thing adopted or scaled is a generic (non-adaptation) technology, product, or practice.",n/a,FALSE,Restructure (v5),current,5.0.0-draft
ADP_02,https://mlolita26.github.io/cgiar-climate-taxonomy/terms/ADP_02,Access,accessibility,Adoption pathway,1,,"Stage of the adoption pathway at which intended users are able to reach and obtain an adaptation product, practice, service, or technology - in terms of physical, financial, and informational access - prior to actually taking it up.",CGIAR adoption/scaling literature,Uptake stage,Adaptation,Adaptation-conditional,"Adoption pathway is a modifier, never standalone; counts as adaptation when the intervention, output, or outcome being made available, accessed, adopted, used, or scaled is itself adaptation-specific or hazard-addressing; NOT adaptation when the thing adopted or scaled is a generic (non-adaptation) technology, product, or practice.",n/a,FALSE,Restructure (v5),current,5.0.0-draft
ADP_03,https://mlolita26.github.io/cgiar-climate-taxonomy/terms/ADP_03,Adoption,uptake,Adoption pathway,1,,"Stage of the adoption pathway at which an intended user takes up an adaptation product, practice, service, or technology for the first time, distinct from sustained use thereafter.",AGROVOC (adoption of innovations); Rogers diffusion of innovations,Uptake stage,Adaptation,Adaptation-conditional,"Adoption pathway is a modifier, never standalone; counts as adaptation when the intervention, output, or outcome being made available, accessed, adopted, used, or scaled is itself adaptation-specific or hazard-addressing; NOT adaptation when the thing adopted or scaled is a generic (non-adaptation) technology, product, or practice.",n/a,FALSE,Restructure (v5),current,5.0.0-draft
ADP_04,https://mlolita26.github.io/cgiar-climate-taxonomy/terms/ADP_04,Dis-adoption,disadoption; abandonment,Adoption pathway,1,,"Stage of the adoption pathway at which a user who had taken up an adaptation product, practice, service, or technology discontinues it, the reverse of adoption.",CGIAR adoption/scaling literature (dis-adoption),Uptake stage,Adaptation,Adaptation-conditional,"Adoption pathway is a modifier, never standalone; counts as adaptation when the intervention, output, or outcome being made available, accessed, adopted, used, or scaled is itself adaptation-specific or hazard-addressing; NOT adaptation when the thing adopted or scaled is a generic (non-adaptation) technology, product, or practice.",n/a,FALSE,Restructure (v5),current,5.0.0-draft
ADP_05,https://mlolita26.github.io/cgiar-climate-taxonomy/terms/ADP_05,Use,utilization,Adoption pathway,1,,"Stage of the adoption pathway at which an adopter continues to apply an adaptation product, practice, service, or technology over time, reflecting sustained rather than one-off uptake.",CGIAR adoption/scaling literature,Uptake stage,Adaptation,Adaptation-conditional,"Adoption pathway is a modifier, never standalone; counts as adaptation when the intervention, output, or outcome being made available, accessed, adopted, used, or scaled is itself adaptation-specific or hazard-addressing; NOT adaptation when the thing adopted or scaled is a generic (non-adaptation) technology, product, or practice.",n/a,FALSE,Restructure (v5),current,5.0.0-draft
TRT_01,https://mlolita26.github.io/cgiar-climate-taxonomy/terms/TRT_01,Drought tolerance,drought-tolerant; tolerant to drought,Breeding trait,2,TRT_09,Abiotic stress tolerance conferring the ability to maintain growth and yield under water-deficit (drought) conditions.,"AGROVOC (drought tolerance, c_14914)",Cross-cutting,Adaptation,Adaptation-specific,Intrinsic,n/a,FALSE,Domain expert,current,5.0.0-draft
TRT_02,https://mlolita26.github.io/cgiar-climate-taxonomy/terms/TRT_02,Heat tolerance,heat-tolerant; tolerant to heat,Breeding trait,2,TRT_09,Abiotic stress tolerance conferring the ability to maintain growth and yield under high-temperature (heat) stress.,"AGROVOC (heat tolerance, c_11486)",Cross-cutting,Adaptation,Adaptation-specific,Intrinsic,n/a,FALSE,Domain expert; Lexicon consensus,current,5.0.0-draft
TRT_03,https://mlolita26.github.io/cgiar-climate-taxonomy/terms/TRT_03,Submergence tolerance,flood-tolerant; submergence-tolerant; tolerant to flood,Breeding trait,2,TRT_09,Abiotic stress tolerance conferring the ability to survive temporary complete submergence or waterlogging during floods.,"AGROVOC (water tolerance, c_16151)",Cross-cutting,Adaptation,Adaptation-specific,Intrinsic,n/a,FALSE,Domain expert,current,5.0.0-draft
TRT_04,https://mlolita26.github.io/cgiar-climate-taxonomy/terms/TRT_04,Salinity tolerance,salt-tolerant,Breeding trait,2,TRT_09,Abiotic stress tolerance conferring the ability to maintain growth and yield under saline soil or water conditions.,"AGROVOC (salt tolerance, c_24078)",Cross-cutting,Adaptation,Adaptation-specific,Intrinsic,n/a,FALSE,Domain expert,current,5.0.0-draft
TRT_05,https://mlolita26.github.io/cgiar-climate-taxonomy/terms/TRT_05,Pest resistance,pest-resistant; resistant to pest,Breeding trait,1,,Heritable crop or breed trait conferring the ability to resist or limit damage from pests whose pressure shifts under climate change.,"AGROVOC (pest resistance, c_5731)",Cross-cutting,Adaptation,Adaptation-conditional,"Breeding trait addresses a climate hazard, OR is part of a qualifying intervention, OR produces a hazard-conditioned outcome; NOT adaptation when selected purely for yield, quality, or market gain unrelated to a climate stressor.",n/a,FALSE,Domain expert,current,5.0.0-draft
TRT_06,https://mlolita26.github.io/cgiar-climate-taxonomy/terms/TRT_06,Disease resistance,disease-resistant; resistant to disease; Disease-resistant variety,Breeding trait,1,,Heritable crop or breed trait conferring the ability to resist or limit damage from pathogens whose distribution shifts under climate change.,"AGROVOC (disease resistance, c_2328)",Cross-cutting,Adaptation,Adaptation-conditional,"Breeding trait addresses a climate hazard, OR is part of a qualifying intervention, OR produces a hazard-conditioned outcome; NOT adaptation when selected purely for yield, quality, or market gain unrelated to a climate stressor.",n/a,FALSE,Domain expert,current,5.0.0-draft
TRT_07,https://mlolita26.github.io/cgiar-climate-taxonomy/terms/TRT_07,Early maturity,early-maturing,Breeding trait,1,,"Heritable crop trait by which a plant completes its growth cycle in a shorter period, allowing it to escape late-season drought or heat.","AGROVOC (precocity, c_2435 / early maturation, c_28619)",Cross-cutting,Adaptation,Adaptation-conditional,"Breeding trait addresses a climate hazard, OR is part of a qualifying intervention, OR produces a hazard-conditioned outcome; NOT adaptation when selected purely for yield, quality, or market gain unrelated to a climate stressor.",n/a,FALSE,Domain expert,current,5.0.0-draft
TRT_09,https://mlolita26.github.io/cgiar-climate-taxonomy/terms/TRT_09,Abiotic stress tolerance,stress-tolerant; stress tolerance; Stress tolerance index,Breeding trait,1,,"Heritable crop trait conferring the ability to maintain growth and yield under non-living climate stresses such as drought, heat, flooding, or salinity.",AGROVOC: abiotic stress (c_35768),Cross-cutting,Adaptation,Adaptation-specific,Intrinsic,n/a,FALSE,Domain expert,current,5.0.0-draft
TRT_10,https://mlolita26.github.io/cgiar-climate-taxonomy/terms/TRT_10,Low enteric methane,low-methane; low methane emitting,Breeding trait,1,,Heritable characteristic of ruminant livestock associated with lower enteric methane emission per unit of feed intake or product.,FAO; animal breeding literature,Cross-cutting,Mitigation,n/a,n/a (mitigation),Mitigation-specific,FALSE,Domain expert,current,5.0.0-draft
STK_001,https://mlolita26.github.io/cgiar-climate-taxonomy/terms/STK_001,Producer,crop farmers; cultivators; agricultural households,Stakeholder,1,,"Actor category comprising individuals and households who cultivate crops, raise animals, or fish as a primary livelihood; includes smallholders, commercial producers, pastoralists, and fisherfolk.",Actor category (CGIAR portfolio; no AGROVOC concept),Stakeholder,Adaptation,Adaptation-conditional,"Stakeholder is engaged in a qualifying intervention (adopts, finances, or promotes), OR benefits from a qualifying outcome or impact; NOT adaptation when named only as an actor in a value chain or project, with no climate-risk role.",n/a,FALSE,Domain expert,current,5.0.0-draft
STK_066,https://mlolita26.github.io/cgiar-climate-taxonomy/terms/STK_066,Farmer,,Stakeholder,2,STK_001,Producer who cultivates crops or raises livestock on a farm holding.,AGROVOC: farmers,Stakeholder,Adaptation,Adaptation-conditional,"Stakeholder is engaged in a qualifying intervention (adopts, finances, or promotes), OR benefits from a qualifying outcome or impact; NOT adaptation when named only as an actor in a value chain or project, with no climate-risk role.",n/a,FALSE,Restructure (v5),current,5.0.0-draft
STK_002,https://mlolita26.github.io/cgiar-climate-taxonomy/terms/STK_002,Smallholder farmer,smallholder; family farmer,Stakeholder,3,STK_066,"Farmer who manages a small landholding, typically relying on family labour and facing high exposure to climate risk.",AGROVOC: smallholders,Stakeholder,Adaptation,Adaptation-conditional,"Stakeholder is engaged in a qualifying intervention (adopts, finances, or promotes), OR benefits from a qualifying outcome or impact; NOT adaptation when named only as an actor in a value chain or project, with no climate-risk role.",n/a,FALSE,Domain expert,current,5.0.0-draft
STK_003,https://mlolita26.github.io/cgiar-climate-taxonomy/terms/STK_003,Commercial farmer,medium-scale farmer; market-oriented farmer,Stakeholder,3,STK_066,"Farmer who manages a larger, market-oriented operation with greater capacity to invest in adaptation technologies.",AGROVOC: commercial farming,Stakeholder,Adaptation,Adaptation-conditional,"Stakeholder is engaged in a qualifying intervention (adopts, finances, or promotes), OR benefits from a qualifying outcome or impact; NOT adaptation when named only as an actor in a value chain or project, with no climate-risk role.",n/a,FALSE,Domain expert,current,5.0.0-draft
STK_004,https://mlolita26.github.io/cgiar-climate-taxonomy/terms/STK_004,Subsistence farmer,subsistence producer,Stakeholder,3,STK_066,Farmer who grows crops or raises animals primarily for household consumption with minimal market surplus.,AGROVOC: subsistence farming,Stakeholder,Adaptation,Adaptation-conditional,"Stakeholder is engaged in a qualifying intervention (adopts, finances, or promotes), OR benefits from a qualifying outcome or impact; NOT adaptation when named only as an actor in a value chain or project, with no climate-risk role.",n/a,FALSE,Domain expert,current,5.0.0-draft
STK_005,https://mlolita26.github.io/cgiar-climate-taxonomy/terms/STK_005,Pastoralist,herders; livestock keepers,Stakeholder,2,STK_001,"Producer whose primary livelihood depends on herding livestock in dryland or rangeland systems, with high exposure to climate-driven changes in rainfall, pasture, and water availability.",AGROVOC: pastoralists,Stakeholder,Adaptation,Adaptation-conditional,"Stakeholder is engaged in a qualifying intervention (adopts, finances, or promotes), OR benefits from a qualifying outcome or impact; NOT adaptation when named only as an actor in a value chain or project, with no climate-risk role.",n/a,FALSE,Domain expert,current,5.0.0-draft
STK_059,https://mlolita26.github.io/cgiar-climate-taxonomy/terms/STK_059,Mobile pastoralist,nomadic herders; transhumant herders,Stakeholder,3,STK_005,"Pastoralist who moves livestock seasonally across landscapes in response to rainfall and pasture availability, with high exposure to climate-driven rangeland degradation and limited access to services.",AGROVOC: nomadism (c_16142),Stakeholder,Adaptation,Adaptation-conditional,"Stakeholder is engaged in a qualifying intervention (adopts, finances, or promotes), OR benefits from a qualifying outcome or impact; NOT adaptation when named only as an actor in a value chain or project, with no climate-risk role.",n/a,FALSE,Domain expert,current,5.0.0-draft
STK_060,https://mlolita26.github.io/cgiar-climate-taxonomy/terms/STK_060,Agropastoralist,mixed crop-livestock households; farmer-herders,Stakeholder,3,STK_005,"Pastoralist whose household combines crop farming with livestock keeping, using both as complementary risk-management strategies under climate stress.",AGROVOC: agropastoral systems,Stakeholder,Adaptation,Adaptation-conditional,"Stakeholder is engaged in a qualifying intervention (adopts, finances, or promotes), OR benefits from a qualifying outcome or impact; NOT adaptation when named only as an actor in a value chain or project, with no climate-risk role.",n/a,FALSE,Domain expert,current,5.0.0-draft
STK_006,https://mlolita26.github.io/cgiar-climate-taxonomy/terms/STK_006,Fisherfolk,fishing communities,Stakeholder,2,STK_001,"Producer whose primary livelihood depends on fishing or aquaculture, and who is affected by climate-driven changes in water temperature, water availability, fish stocks, and weather patterns.",AGROVOC: fishers,Stakeholder,Adaptation,Adaptation-conditional,"Stakeholder is engaged in a qualifying intervention (adopts, finances, or promotes), OR benefits from a qualifying outcome or impact; NOT adaptation when named only as an actor in a value chain or project, with no climate-risk role.",n/a,FALSE,Domain expert,current,5.0.0-draft
STK_061,https://mlolita26.github.io/cgiar-climate-taxonomy/terms/STK_061,Inland fisherfolk,freshwater fisherfolk,Stakeholder,3,STK_006,"Fisherfolk whose livelihood depends on freshwater fisheries in rivers, lakes, or reservoirs.",AGROVOC: inland fisheries,Stakeholder,Adaptation,Adaptation-conditional,"Stakeholder is engaged in a qualifying intervention (adopts, finances, or promotes), OR benefits from a qualifying outcome or impact; NOT adaptation when named only as an actor in a value chain or project, with no climate-risk role.",n/a,FALSE,Domain expert,current,5.0.0-draft
STK_062,https://mlolita26.github.io/cgiar-climate-taxonomy/terms/STK_062,Coastal and marine fisherfolk,marine fisherfolk; artisanal fishing communities,Stakeholder,3,STK_006,"Fisherfolk whose livelihood depends on coastal or marine fisheries affected by sea surface temperature change, ocean acidification, increased storm intensity, and shifts in fish distribution.",AGROVOC: marine fisheries,Stakeholder,Adaptation,Adaptation-conditional,"Stakeholder is engaged in a qualifying intervention (adopts, finances, or promotes), OR benefits from a qualifying outcome or impact; NOT adaptation when named only as an actor in a value chain or project, with no climate-risk role.",n/a,FALSE,Domain expert,current,5.0.0-draft
STK_007,https://mlolita26.github.io/cgiar-climate-taxonomy/terms/STK_007,Aquaculture producer,fish farmer,Stakeholder,2,STK_001,"Producer who farms aquatic organisms such as fish, molluscs, crustaceans, or aquatic plants under managed conditions.",AGROVOC: aquaculturists; FAO,Stakeholder,Adaptation,Adaptation-conditional,"Stakeholder is engaged in a qualifying intervention (adopts, finances, or promotes), OR benefits from a qualifying outcome or impact; NOT adaptation when named only as an actor in a value chain or project, with no climate-risk role.",n/a,FALSE,Domain expert,current,5.0.0-draft
STK_067,https://mlolita26.github.io/cgiar-climate-taxonomy/terms/STK_067,Worker,,Stakeholder,1,,"Actor category comprising people employed for labour in agri-food systems - on farms, in processing, distribution and services.",ILO (agricultural workers / decent work),Stakeholder,Adaptation,Adaptation-conditional,"Stakeholder is engaged in a qualifying intervention (adopts, finances, or promotes), OR benefits from a qualifying outcome or impact; NOT adaptation when named only as an actor in a value chain or project, with no climate-risk role.",n/a,FALSE,Restructure (v5),current,5.0.0-draft
STK_008,https://mlolita26.github.io/cgiar-climate-taxonomy/terms/STK_008,Forest-dependent population,forest-dependent community; forest people,Stakeholder,2,STK_009,Social group whose livelihoods and food security depend on forest and tree resources.,FAO Forest Resources Assessment,Stakeholder,Adaptation,Adaptation-conditional,"Stakeholder is engaged in a qualifying intervention (adopts, finances, or promotes), OR benefits from a qualifying outcome or impact; NOT adaptation when named only as an actor in a value chain or project, with no climate-risk role.",n/a,FALSE,Domain expert,current,5.0.0-draft
STK_009,https://mlolita26.github.io/cgiar-climate-taxonomy/terms/STK_009,Social group,social category,Stakeholder,1,,"Actor category that groups people by a shared social identity or position - such as gender, age, indigeneity, or mobility - that shapes their differential exposure, vulnerability, and adaptive capacity to climate hazards in agri-food systems.",AGROVOC: social groups,Stakeholder,Adaptation,Adaptation-conditional,"Stakeholder is engaged in a qualifying intervention (adopts, finances, or promotes), OR benefits from a qualifying outcome or impact; NOT adaptation when named only as an actor in a value chain or project, with no climate-risk role.",n/a,FALSE,Domain expert,current,5.0.0-draft
STK_010,https://mlolita26.github.io/cgiar-climate-taxonomy/terms/STK_010,Women,female farmers,Stakeholder,2,STK_009,"Social group comprising women who manage or co-manage farming, pastoral, or fishing operations and who often face gender-differentiated constraints in accessing adaptation resources, land rights, credit, and advisory services.",AGROVOC: women,Stakeholder,Adaptation,Adaptation-conditional,"Stakeholder is engaged in a qualifying intervention (adopts, finances, or promotes), OR benefits from a qualifying outcome or impact; NOT adaptation when named only as an actor in a value chain or project, with no climate-risk role.",n/a,FALSE,Domain expert,current,5.0.0-draft
STK_011,https://mlolita26.github.io/cgiar-climate-taxonomy/terms/STK_011,Youth,young farmers; next-generation farmers,Stakeholder,2,STK_009,"Social group comprising young people engaged in or entering agriculture, including those inheriting family farms.",AGROVOC: youth,Stakeholder,Adaptation,Adaptation-conditional,"Stakeholder is engaged in a qualifying intervention (adopts, finances, or promotes), OR benefits from a qualifying outcome or impact; NOT adaptation when named only as an actor in a value chain or project, with no climate-risk role.",n/a,FALSE,Domain expert,current,5.0.0-draft
STK_013,https://mlolita26.github.io/cgiar-climate-taxonomy/terms/STK_013,Persons with disabilities,people with disabilities; PWD,Stakeholder,2,STK_009,"Social group comprising persons with long-term physical, mental, intellectual, or sensory impairments whose interaction with barriers can heighten their vulnerability to climate hazards and constrain their access to adaptation support.",UN Convention on the Rights of Persons with Disabilities (CRPD),Stakeholder,Adaptation,Adaptation-conditional,"Stakeholder is engaged in a qualifying intervention (adopts, finances, or promotes), OR benefits from a qualifying outcome or impact; NOT adaptation when named only as an actor in a value chain or project, with no climate-risk role.",n/a,FALSE,Domain expert,current,5.0.0-draft
STK_014,https://mlolita26.github.io/cgiar-climate-taxonomy/terms/STK_014,Elderly,older persons; older people,Stakeholder,2,STK_009,Social group comprising older persons whose age-related health and mobility conditions can increase their sensitivity to climate hazards such as heat stress and constrain their adaptive capacity.,WHO (ageing and health),Stakeholder,Adaptation,Adaptation-conditional,"Stakeholder is engaged in a qualifying intervention (adopts, finances, or promotes), OR benefits from a qualifying outcome or impact; NOT adaptation when named only as an actor in a value chain or project, with no climate-risk role.",n/a,FALSE,Domain expert,current,5.0.0-draft
STK_068,https://mlolita26.github.io/cgiar-climate-taxonomy/terms/STK_068,Community,,Stakeholder,2,STK_009,Social group comprising communities with high exposure or sensitivity to climate hazards and limited adaptive capacity.,AGROVOC: communities,Stakeholder,Adaptation,Adaptation-conditional,"Stakeholder is engaged in a qualifying intervention (adopts, finances, or promotes), OR benefits from a qualifying outcome or impact; NOT adaptation when named only as an actor in a value chain or project, with no climate-risk role.",n/a,FALSE,Restructure (v5),current,5.0.0-draft
STK_016,https://mlolita26.github.io/cgiar-climate-taxonomy/terms/STK_016,Climate-vulnerable community,climate-exposed communities; high-risk communities,Stakeholder,3,STK_068,"Community whose location, livelihoods and capacities make it highly susceptible to climate hazards.",AGROVOC: vulnerable groups; IPCC AR6 WGII,Stakeholder,Adaptation,Adaptation-conditional,"Stakeholder is engaged in a qualifying intervention (adopts, finances, or promotes), OR benefits from a qualifying outcome or impact; NOT adaptation when named only as an actor in a value chain or project, with no climate-risk role.",n/a,FALSE,Domain expert,current,5.0.0-draft
STK_055,https://mlolita26.github.io/cgiar-climate-taxonomy/terms/STK_055,Displaced population,climate migrants,Stakeholder,2,STK_009,"Social group comprising people who have moved or are at risk of moving because of climate impacts, including climate-induced migrants, seasonal migrants, and people displaced by climate-related disasters.",AGROVOC: displaced persons; IPCC AR6 WGII,Stakeholder,Adaptation,Adaptation-conditional,"Stakeholder is engaged in a qualifying intervention (adopts, finances, or promotes), OR benefits from a qualifying outcome or impact; NOT adaptation when named only as an actor in a value chain or project, with no climate-risk role.",n/a,FALSE,Domain expert; Lexicon consensus,current,5.0.0-draft
STK_056,https://mlolita26.github.io/cgiar-climate-taxonomy/terms/STK_056,Migrant population,seasonal migrants; economic migrants,Stakeholder,2,STK_009,"Social group comprising people who move - seasonally, temporarily, or permanently - in response to or in anticipation of climate impacts on livelihoods, distinct from those forcibly displaced by climate-related disasters.",AGROVOC: migrants; IPCC AR6 WGII,Stakeholder,Adaptation,Adaptation-conditional,"Stakeholder is engaged in a qualifying intervention (adopts, finances, or promotes), OR benefits from a qualifying outcome or impact; NOT adaptation when named only as an actor in a value chain or project, with no climate-risk role.",n/a,FALSE,Domain expert,current,5.0.0-draft
STK_017,https://mlolita26.github.io/cgiar-climate-taxonomy/terms/STK_017,Public institution,Public sector; government; national research system; government agency; Government minister,Stakeholder,1,,"Actor category comprising government bodies and public research organisations with a mandate relevant to climate adaptation, which govern, fund, research, and deliver adaptation services at national, subnational, and local levels.",UN/FAO (public institutions),Stakeholder,Adaptation,Adaptation-conditional,"Stakeholder is engaged in a qualifying intervention (adopts, finances, or promotes), OR benefits from a qualifying outcome or impact; NOT adaptation when named only as an actor in a value chain or project, with no climate-risk role.",n/a,FALSE,Domain expert,current,5.0.0-draft
STK_018,https://mlolita26.github.io/cgiar-climate-taxonomy/terms/STK_018,National government,ministry; national agency,Stakeholder,2,STK_017,"Public institution, in the form of national ministries, agencies, or bodies, responsible for climate adaptation policy, planning, and implementation, including those covering agriculture, water, environment, and finance.",UNFCCC; FAO,Stakeholder,Adaptation,Adaptation-conditional,"Stakeholder is engaged in a qualifying intervention (adopts, finances, or promotes), OR benefits from a qualifying outcome or impact; NOT adaptation when named only as an actor in a value chain or project, with no climate-risk role.",n/a,FALSE,Domain expert,current,5.0.0-draft
STK_019,https://mlolita26.github.io/cgiar-climate-taxonomy/terms/STK_019,Subnational government,county government; district government,Stakeholder,2,STK_017,"Public institution at regional, provincial, or district level that plans, funds, or implements adaptation at subnational scale, serving as the interface between national policy and community-level delivery.",UN/FAO (subnational government),Stakeholder,Adaptation,Adaptation-conditional,"Stakeholder is engaged in a qualifying intervention (adopts, finances, or promotes), OR benefits from a qualifying outcome or impact; NOT adaptation when named only as an actor in a value chain or project, with no climate-risk role.",n/a,FALSE,Domain expert,current,5.0.0-draft
STK_020,https://mlolita26.github.io/cgiar-climate-taxonomy/terms/STK_020,Local government,municipal government,Stakeholder,2,STK_017,Public institution at the local or municipal level responsible for planning and delivering adaptation services and managing climate risk within its jurisdiction.,UN/FAO (local government),Stakeholder,Adaptation,Adaptation-conditional,"Stakeholder is engaged in a qualifying intervention (adopts, finances, or promotes), OR benefits from a qualifying outcome or impact; NOT adaptation when named only as an actor in a value chain or project, with no climate-risk role.",n/a,FALSE,Domain expert,current,5.0.0-draft
STK_021,https://mlolita26.github.io/cgiar-climate-taxonomy/terms/STK_021,Extension service,advisory services; extension agents; Agricultural advisory service,Stakeholder,2,STK_073,"Service provider delivering agricultural advisory and extension services that help producers adopt climate-adapted practices, technologies and information.",AGROVOC: agricultural extension (c_37834); FAO,Stakeholder,Adaptation,Adaptation-conditional,"Stakeholder is engaged in a qualifying intervention (adopts, finances, or promotes), OR benefits from a qualifying outcome or impact; NOT adaptation when named only as an actor in a value chain or project, with no climate-risk role.",n/a,FALSE,Domain expert; Lexicon consensus,current,5.0.0-draft
STK_022,https://mlolita26.github.io/cgiar-climate-taxonomy/terms/STK_022,National agricultural research and extension system,NARS,Stakeholder,2,STK_017,"Public institution comprising the linked national bodies that generate and disseminate agricultural research and advice, coordinating research and extension functions to support climate adaptation among producers.",AGROVOC: national agricultural research systems; FAO/World Bank,Stakeholder,Adaptation,Adaptation-conditional,"Stakeholder is engaged in a qualifying intervention (adopts, finances, or promotes), OR benefits from a qualifying outcome or impact; NOT adaptation when named only as an actor in a value chain or project, with no climate-risk role.",n/a,FALSE,Domain expert; Lexicon consensus,current,5.0.0-draft
STK_023,https://mlolita26.github.io/cgiar-climate-taxonomy/terms/STK_023,University and academia,academia; research university,Stakeholder,2,STK_017,"Public institution comprising universities and academic bodies that conduct research, train professionals, and generate knowledge relevant to climate adaptation in agri-food systems.",UN/FAO (academic institutions),Stakeholder,Adaptation,Adaptation-conditional,"Stakeholder is engaged in a qualifying intervention (adopts, finances, or promotes), OR benefits from a qualifying outcome or impact; NOT adaptation when named only as an actor in a value chain or project, with no climate-risk role.",n/a,FALSE,Domain expert,current,5.0.0-draft
STK_024,https://mlolita26.github.io/cgiar-climate-taxonomy/terms/STK_024,National meteorological service,national meteorological and hydrological service (NMHS); Meteorological agency; Met Agency,Stakeholder,2,STK_017,"Public institution mandated to observe, forecast, and provide weather and climate information, supplying the data and services that underpin climate adaptation and early warning.",WMO (National Meteorological and Hydrological Services),Stakeholder,Adaptation,Adaptation-conditional,"Stakeholder is engaged in a qualifying intervention (adopts, finances, or promotes), OR benefits from a qualifying outcome or impact; NOT adaptation when named only as an actor in a value chain or project, with no climate-risk role.",n/a,FALSE,Domain expert,current,5.0.0-draft
STK_025,https://mlolita26.github.io/cgiar-climate-taxonomy/terms/STK_025,Disaster risk management agency,DRM agency; DRM institute,Stakeholder,2,STK_017,"Public institution responsible for reducing, preparing for, and responding to disaster risk, including climate-related hazards affecting agri-food systems and rural populations.",UNDRR Sendai Framework,Stakeholder,Adaptation,Adaptation-conditional,"Stakeholder is engaged in a qualifying intervention (adopts, finances, or promotes), OR benefits from a qualifying outcome or impact; NOT adaptation when named only as an actor in a value chain or project, with no climate-risk role.",n/a,FALSE,Domain expert,current,5.0.0-draft
STK_027,https://mlolita26.github.io/cgiar-climate-taxonomy/terms/STK_027,Statistics office,NSO,Stakeholder,2,STK_017,"Public institution responsible for producing official statistics, including agricultural and climate-relevant data that inform adaptation planning and monitoring.",UN/FAO (national statistical offices),Stakeholder,Adaptation,Adaptation-conditional,"Stakeholder is engaged in a qualifying intervention (adopts, finances, or promotes), OR benefits from a qualifying outcome or impact; NOT adaptation when named only as an actor in a value chain or project, with no climate-risk role.",n/a,FALSE,Domain expert,current,5.0.0-draft
STK_028,https://mlolita26.github.io/cgiar-climate-taxonomy/terms/STK_028,Private sector,business; value chain actor,Stakeholder,1,,"Actor category comprising non-public actors operating along agricultural and food value chains who deliver, finance, or scale climate adaptation, often acting as intermediaries between research organisations and producer communities.",AGROVOC: private sector,Stakeholder,Adaptation,Adaptation-conditional,"Stakeholder is engaged in a qualifying intervention (adopts, finances, or promotes), OR benefits from a qualifying outcome or impact; NOT adaptation when named only as an actor in a value chain or project, with no climate-risk role.",n/a,FALSE,Domain expert,current,5.0.0-draft
STK_030,https://mlolita26.github.io/cgiar-climate-taxonomy/terms/STK_030,Input supplier,agro-dealer,Stakeholder,2,STK_028,"Private sector actor - company or cooperative - that supplies seeds, fertilisers, or tools to producers, with a potential role in scaling climate-adapted inputs through commercial channels.",FAO (agricultural input supply),Stakeholder,Adaptation,Adaptation-conditional,"Stakeholder is engaged in a qualifying intervention (adopts, finances, or promotes), OR benefits from a qualifying outcome or impact; NOT adaptation when named only as an actor in a value chain or project, with no climate-risk role.",n/a,FALSE,Domain expert,current,5.0.0-draft
STK_031,https://mlolita26.github.io/cgiar-climate-taxonomy/terms/STK_031,Seed company,seed enterprise,Stakeholder,3,STK_030,"Input supplier that develops, multiplies, or markets seed, with a potential role in delivering climate-adapted varieties to producers.",AGROVOC: seed industry,Stakeholder,Adaptation,Adaptation-conditional,"Stakeholder is engaged in a qualifying intervention (adopts, finances, or promotes), OR benefits from a qualifying outcome or impact; NOT adaptation when named only as an actor in a value chain or project, with no climate-risk role.",n/a,FALSE,Domain expert,current,5.0.0-draft
STK_032,https://mlolita26.github.io/cgiar-climate-taxonomy/terms/STK_032,Financial service provider,bank; MFI,Stakeholder,2,STK_073,"Service provider - a bank, microfinance institution, or insurer - offering financial products relevant to climate risk management for producers and rural populations, including index insurance, credit, and savings.",AGROVOC: financial institutions,Stakeholder,Adaptation,Adaptation-conditional,"Stakeholder is engaged in a qualifying intervention (adopts, finances, or promotes), OR benefits from a qualifying outcome or impact; NOT adaptation when named only as an actor in a value chain or project, with no climate-risk role.",n/a,FALSE,Domain expert,current,5.0.0-draft
STK_033,https://mlolita26.github.io/cgiar-climate-taxonomy/terms/STK_033,Insurance provider,insurer,Stakeholder,3,STK_032,"Financial service provider that offers insurance products, including climate and index insurance, to producers and agri-food actors.",AGROVOC: insurance,Stakeholder,Adaptation,Adaptation-conditional,"Stakeholder is engaged in a qualifying intervention (adopts, finances, or promotes), OR benefits from a qualifying outcome or impact; NOT adaptation when named only as an actor in a value chain or project, with no climate-risk role.",n/a,FALSE,Domain expert,current,5.0.0-draft
STK_036,https://mlolita26.github.io/cgiar-climate-taxonomy/terms/STK_036,Food processor,food processing company,Stakeholder,2,STK_028,"Private sector enterprise that transforms raw agricultural commodities into food products, positioned in the value chain to influence climate adaptation through sourcing and processing practices.",AGROVOC: food processing (c_37969),Stakeholder,Adaptation,Adaptation-conditional,"Stakeholder is engaged in a qualifying intervention (adopts, finances, or promotes), OR benefits from a qualifying outcome or impact; NOT adaptation when named only as an actor in a value chain or project, with no climate-risk role.",n/a,FALSE,Domain expert,current,5.0.0-draft
STK_037,https://mlolita26.github.io/cgiar-climate-taxonomy/terms/STK_037,Food retailer,food retail company,Stakeholder,2,STK_028,"Private sector enterprise that sells food to consumers, positioned in the value chain to influence climate adaptation through procurement, standards, and distribution.",AGROVOC: retail marketing (c_6536),Stakeholder,Adaptation,Adaptation-conditional,"Stakeholder is engaged in a qualifying intervention (adopts, finances, or promotes), OR benefits from a qualifying outcome or impact; NOT adaptation when named only as an actor in a value chain or project, with no climate-risk role.",n/a,FALSE,Domain expert,current,5.0.0-draft
STK_038,https://mlolita26.github.io/cgiar-climate-taxonomy/terms/STK_038,Agricultural enterprise,agri-SME; agribusiness,Stakeholder,2,STK_028,"Private sector enterprise engaged in agricultural production, input supply, processing or trade - from micro, small and medium enterprises to larger agribusiness firms.",AGROVOC: enterprises (c_10626),Stakeholder,Adaptation,Adaptation-conditional,"Stakeholder is engaged in a qualifying intervention (adopts, finances, or promotes), OR benefits from a qualifying outcome or impact; NOT adaptation when named only as an actor in a value chain or project, with no climate-risk role.",n/a,FALSE,Domain expert; Lexicon consensus,current,5.0.0-draft
STK_064,https://mlolita26.github.io/cgiar-climate-taxonomy/terms/STK_064,Carbon market actor,carbon project developer,Stakeholder,2,STK_028,"Private sector actor that develops, finances, verifies, or trades in carbon market projects and credits.",Portfolio category,Cross-cutting,Mitigation,n/a,n/a (mitigation),Mitigation-specific,FALSE,Domain expert,current,5.0.0-draft
STK_039,https://mlolita26.github.io/cgiar-climate-taxonomy/terms/STK_039,Civil society,CSO,Stakeholder,1,,"Actor category comprising non-state, non-profit organisations through which people organise, advocate, and act collectively.",AGROVOC: civil society,Stakeholder,Adaptation,Adaptation-conditional,"Stakeholder is engaged in a qualifying intervention (adopts, finances, or promotes), OR benefits from a qualifying outcome or impact; NOT adaptation when named only as an actor in a value chain or project, with no climate-risk role.",n/a,FALSE,Domain expert,current,5.0.0-draft
STK_040,https://mlolita26.github.io/cgiar-climate-taxonomy/terms/STK_040,Community-based organization,CBO,Stakeholder,2,STK_039,Civil society organisation formed and led by members of a local community to address shared needs.,AGROVOC: community organizations,Stakeholder,Adaptation,Adaptation-conditional,"Stakeholder is engaged in a qualifying intervention (adopts, finances, or promotes), OR benefits from a qualifying outcome or impact; NOT adaptation when named only as an actor in a value chain or project, with no climate-risk role.",n/a,FALSE,Domain expert,current,5.0.0-draft
STK_041,https://mlolita26.github.io/cgiar-climate-taxonomy/terms/STK_041,Non-governmental organization,NGO,Stakeholder,2,STK_039,"Civil society organisation, independent of government, that delivers services, advocacy, or development programmes.",AGROVOC: non-governmental organizations,Stakeholder,Adaptation,Adaptation-conditional,"Stakeholder is engaged in a qualifying intervention (adopts, finances, or promotes), OR benefits from a qualifying outcome or impact; NOT adaptation when named only as an actor in a value chain or project, with no climate-risk role.",n/a,FALSE,Domain expert,current,5.0.0-draft
STK_051,https://mlolita26.github.io/cgiar-climate-taxonomy/terms/STK_051,International non-governmental organization,INGO,Stakeholder,3,STK_041,"Non-governmental organization operating across countries that delivers development, humanitarian, or advocacy programmes.",UN/FAO (international non-governmental organizations),Stakeholder,Adaptation,Adaptation-conditional,"Stakeholder is engaged in a qualifying intervention (adopts, finances, or promotes), OR benefits from a qualifying outcome or impact; NOT adaptation when named only as an actor in a value chain or project, with no climate-risk role.",n/a,FALSE,Domain expert,current,5.0.0-draft
STK_043,https://mlolita26.github.io/cgiar-climate-taxonomy/terms/STK_043,Water user association,WUA; irrigation association,Stakeholder,2,STK_039,"Civil society membership organisation through which water users collectively manage and govern shared water resources, with a role in adaptation to climate-driven water variability.",IWRM (water users' associations),Stakeholder,Adaptation,Adaptation-conditional,"Stakeholder is engaged in a qualifying intervention (adopts, finances, or promotes), OR benefits from a qualifying outcome or impact; NOT adaptation when named only as an actor in a value chain or project, with no climate-risk role.",n/a,FALSE,Domain expert,current,5.0.0-draft
STK_069,https://mlolita26.github.io/cgiar-climate-taxonomy/terms/STK_069,Water management organization,,Stakeholder,2,STK_039,"Civil society organisation that manages water allocation, infrastructure or use on behalf of its members, such as a water user association.",IWRM (water users' associations),Stakeholder,Adaptation,Adaptation-conditional,"Stakeholder is engaged in a qualifying intervention (adopts, finances, or promotes), OR benefits from a qualifying outcome or impact; NOT adaptation when named only as an actor in a value chain or project, with no climate-risk role.",n/a,FALSE,Restructure (v5),current,5.0.0-draft
STK_044,https://mlolita26.github.io/cgiar-climate-taxonomy/terms/STK_044,Cooperative,,Stakeholder,2,STK_039,"Civil society organisation in which members jointly own and democratically govern an enterprise, pooling resources to manage risk and improve access to inputs, markets, and adaptation services.",International Co-operative Alliance (cooperative principles),Stakeholder,Adaptation,Adaptation-conditional,"Stakeholder is engaged in a qualifying intervention (adopts, finances, or promotes), OR benefits from a qualifying outcome or impact; NOT adaptation when named only as an actor in a value chain or project, with no climate-risk role.",n/a,FALSE,Domain expert,current,5.0.0-draft
STK_045,https://mlolita26.github.io/cgiar-climate-taxonomy/terms/STK_045,Faith-based organization,FBO,Stakeholder,2,STK_039,Civil society organisation grounded in a religious community that mobilises members and resources.,AGROVOC: religious groups,Stakeholder,Adaptation,Adaptation-conditional,"Stakeholder is engaged in a qualifying intervention (adopts, finances, or promotes), OR benefits from a qualifying outcome or impact; NOT adaptation when named only as an actor in a value chain or project, with no climate-risk role.",n/a,FALSE,Domain expert,current,5.0.0-draft
STK_063,https://mlolita26.github.io/cgiar-climate-taxonomy/terms/STK_063,Producer organization,producer group,Stakeholder,2,STK_039,"Civil society organization of agricultural producers broadly - including farmers, fishers, pastoralists and foresters - for collective marketing, services and representation.",AGROVOC: producer organizations,Stakeholder,Adaptation,Adaptation-conditional,"Stakeholder is engaged in a qualifying intervention (adopts, finances, or promotes), OR benefits from a qualifying outcome or impact; NOT adaptation when named only as an actor in a value chain or project, with no climate-risk role.",n/a,FALSE,Domain expert; Restructure (v5),current,5.0.0-draft
STK_042,https://mlolita26.github.io/cgiar-climate-taxonomy/terms/STK_042,Farmer organization,farmer association,Stakeholder,3,STK_063,"Producer organization of crop and livestock farmers formed for collective marketing, input access, services and representation; a subset of producer organizations.",AGROVOC: farmers organizations (c_37175),Stakeholder,Adaptation,Adaptation-conditional,"Stakeholder is engaged in a qualifying intervention (adopts, finances, or promotes), OR benefits from a qualifying outcome or impact; NOT adaptation when named only as an actor in a value chain or project, with no climate-risk role.",n/a,FALSE,Domain expert,current,5.0.0-draft
STK_057,https://mlolita26.github.io/cgiar-climate-taxonomy/terms/STK_057,International organisation,multilateral agency,Stakeholder,1,,"Actor category comprising multilateral agencies and international bodies that fund, coordinate, or implement climate adaptation at global scale, including UN agencies, international finance institutions, and climate treaty bodies.",UN/FAO (international organizations),Stakeholder,Adaptation,Adaptation-conditional,"Stakeholder is engaged in a qualifying intervention (adopts, finances, or promotes), OR benefits from a qualifying outcome or impact; NOT adaptation when named only as an actor in a value chain or project, with no climate-risk role.",n/a,FALSE,Domain expert,current,5.0.0-draft
STK_047,https://mlolita26.github.io/cgiar-climate-taxonomy/terms/STK_047,United Nations agency,UN agency,Stakeholder,2,STK_057,"International organisation within the United Nations system that funds, coordinates, or implements programmes relevant to climate adaptation, food security, and rural development.",UN/FAO (United Nations specialized agencies),Stakeholder,Adaptation,Adaptation-conditional,"Stakeholder is engaged in a qualifying intervention (adopts, finances, or promotes), OR benefits from a qualifying outcome or impact; NOT adaptation when named only as an actor in a value chain or project, with no climate-risk role.",n/a,FALSE,Domain expert,current,5.0.0-draft
STK_048,https://mlolita26.github.io/cgiar-climate-taxonomy/terms/STK_048,Multilateral development bank,MDB; multilateral institution,Stakeholder,2,STK_057,"International organisation that provides development finance to multiple member countries, financing climate adaptation investments in agri-food systems.",UN/OECD (multilateral development banks),Stakeholder,Adaptation,Adaptation-conditional,"Stakeholder is engaged in a qualifying intervention (adopts, finances, or promotes), OR benefits from a qualifying outcome or impact; NOT adaptation when named only as an actor in a value chain or project, with no climate-risk role.",n/a,FALSE,Domain expert,current,5.0.0-draft
STK_049,https://mlolita26.github.io/cgiar-climate-taxonomy/terms/STK_049,Climate fund,GCF,Stakeholder,2,STK_057,"International organisation established to channel finance for climate action, providing dedicated funding for adaptation projects and programmes.","UNFCCC (climate funds: GCF, GEF, Adaptation Fund)",Stakeholder,Adaptation,Adaptation-conditional,"Stakeholder is engaged in a qualifying intervention (adopts, finances, or promotes), OR benefits from a qualifying outcome or impact; NOT adaptation when named only as an actor in a value chain or project, with no climate-risk role.",n/a,FALSE,Domain expert,current,5.0.0-draft
STK_052,https://mlolita26.github.io/cgiar-climate-taxonomy/terms/STK_052,International research center,international research centre; CGIAR centre,Stakeholder,2,STK_057,International organisation that conducts research across countries to generate global public goods.,UN/FAO (international research centres; CGIAR),Stakeholder,Adaptation,Adaptation-conditional,"Stakeholder is engaged in a qualifying intervention (adopts, finances, or promotes), OR benefits from a qualifying outcome or impact; NOT adaptation when named only as an actor in a value chain or project, with no climate-risk role.",n/a,FALSE,Domain expert,current,5.0.0-draft
STK_053,https://mlolita26.github.io/cgiar-climate-taxonomy/terms/STK_053,Rio Conventions secretariat,convention secretariat,Stakeholder,2,STK_057,"International organisation in the form of a treaty secretariat that supports a Rio Convention, coordinating implementation and reporting on climate, biodiversity, and land mandates relevant to adaptation.",UNFCCC/CBD/UNCCD,Stakeholder,Adaptation,Adaptation-conditional,"Stakeholder is engaged in a qualifying intervention (adopts, finances, or promotes), OR benefits from a qualifying outcome or impact; NOT adaptation when named only as an actor in a value chain or project, with no climate-risk role.",n/a,FALSE,Domain expert,current,5.0.0-draft
STK_054,https://mlolita26.github.io/cgiar-climate-taxonomy/terms/STK_054,International finance institution,IFI,Stakeholder,2,STK_057,International organisation that provides finance and financial governance across countries.,AGROVOC: financial institutions; OECD/IMF,Stakeholder,Adaptation,Adaptation-conditional,"Stakeholder is engaged in a qualifying intervention (adopts, finances, or promotes), OR benefits from a qualifying outcome or impact; NOT adaptation when named only as an actor in a value chain or project, with no climate-risk role.",n/a,FALSE,Domain expert,current,5.0.0-draft
STK_058,https://mlolita26.github.io/cgiar-climate-taxonomy/terms/STK_058,Regional organisation,regional body; ASARECA; CORAF,Stakeholder,1,,"Actor category comprising bodies - including regional economic communities and regional agricultural research organisations - that coordinate adaptation policy, investment, or knowledge across groups of countries.",UN/FAO (regional organizations),Stakeholder,Adaptation,Adaptation-conditional,"Stakeholder is engaged in a qualifying intervention (adopts, finances, or promotes), OR benefits from a qualifying outcome or impact; NOT adaptation when named only as an actor in a value chain or project, with no climate-risk role.",n/a,FALSE,Domain expert,current,5.0.0-draft
STK_050,https://mlolita26.github.io/cgiar-climate-taxonomy/terms/STK_050,Regional economic community,REC,Stakeholder,2,STK_058,Regional organisation through which member states pursue economic integration and coordinate policy.,AGROVOC: regional organizations,Stakeholder,Adaptation,Adaptation-conditional,"Stakeholder is engaged in a qualifying intervention (adopts, finances, or promotes), OR benefits from a qualifying outcome or impact; NOT adaptation when named only as an actor in a value chain or project, with no climate-risk role.",n/a,FALSE,Domain expert,current,5.0.0-draft
STK_065,https://mlolita26.github.io/cgiar-climate-taxonomy/terms/STK_065,Indigenous Peoples,,Stakeholder,1,,"Actor category comprising Indigenous Peoples, whose rights, knowledge systems, institutions, and self-determination shape adaptation decisions affecting them, including their right to free, prior, and informed consent.",UNDRIP; ILO Convention 169; FPIC,Stakeholder,Adaptation,Adaptation-conditional,"Stakeholder is engaged in a qualifying intervention (adopts, finances, or promotes), OR benefits from a qualifying outcome or impact; NOT adaptation when named only as an actor in a value chain or project, with no climate-risk role.",n/a,FALSE,Domain expert,current,5.0.0-draft
STK_070,https://mlolita26.github.io/cgiar-climate-taxonomy/terms/STK_070,Scaling partner,,Stakeholder,1,,"Actor category comprising organisations that carry innovations to scale through delivery networks, investment or policy channels.",CGIAR partnership category (no external reference),Stakeholder,Adaptation,Adaptation-conditional,"Stakeholder is engaged in a qualifying intervention (adopts, finances, or promotes), OR benefits from a qualifying outcome or impact; NOT adaptation when named only as an actor in a value chain or project, with no climate-risk role.",n/a,FALSE,Restructure (v5),current,5.0.0-draft
STK_071,https://mlolita26.github.io/cgiar-climate-taxonomy/terms/STK_071,Public partner,,Stakeholder,1,,Actor category comprising government and public-sector organisations engaged as partners in research or delivery.,CGIAR partnership category (no external reference),Stakeholder,Adaptation,Adaptation-conditional,"Stakeholder is engaged in a qualifying intervention (adopts, finances, or promotes), OR benefits from a qualifying outcome or impact; NOT adaptation when named only as an actor in a value chain or project, with no climate-risk role.",n/a,FALSE,Restructure (v5),current,5.0.0-draft
STK_072,https://mlolita26.github.io/cgiar-climate-taxonomy/terms/STK_072,Private partner,,Stakeholder,1,,Actor category comprising private-sector companies engaged as partners in research or delivery.,CGIAR partnership category (no external reference),Stakeholder,Adaptation,Adaptation-conditional,"Stakeholder is engaged in a qualifying intervention (adopts, finances, or promotes), OR benefits from a qualifying outcome or impact; NOT adaptation when named only as an actor in a value chain or project, with no climate-risk role.",n/a,FALSE,Restructure (v5),current,5.0.0-draft
STK_073,https://mlolita26.github.io/cgiar-climate-taxonomy/terms/STK_073,Service provider,,Stakeholder,1,,"Actor category comprising organisations or individuals supplying services - advisory, financial, mechanisation or veterinary - to producers.",FAO (pluralistic advisory services),Stakeholder,Adaptation,Adaptation-conditional,"Stakeholder is engaged in a qualifying intervention (adopts, finances, or promotes), OR benefits from a qualifying outcome or impact; NOT adaptation when named only as an actor in a value chain or project, with no climate-risk role.",n/a,FALSE,Restructure (v5),current,5.0.0-draft
STK_074,https://mlolita26.github.io/cgiar-climate-taxonomy/terms/STK_074,Research institution,research institute,Stakeholder,1,,"Actor category comprising universities, institutes and centres conducting research.",UN/FAO (research institutions; CGIAR),Stakeholder,Adaptation,Adaptation-conditional,"Stakeholder is engaged in a qualifying intervention (adopts, finances, or promotes), OR benefits from a qualifying outcome or impact; NOT adaptation when named only as an actor in a value chain or project, with no climate-risk role.",n/a,FALSE,Restructure (v5),current,5.0.0-draft
CCC_29,https://mlolita26.github.io/cgiar-climate-taxonomy/terms/CCC_29,Gender mainstreaming,gender integration,Cross-cutting concept,1,,"Cross-cutting concept denoting an approach that integrates attention to gender equality and women's needs and roles systematically across the design, implementation, and evaluation of policies and interventions.",OECD-DAC; FAO (gender mainstreaming),Cross-cutting,Adaptation,Adaptation-conditional,"Cross-cutting concept applies to a qualifying intervention, outcome, or impact; NOT adaptation when applied generically with nothing qualifying to attach to.",n/a,FALSE,Domain expert,current,5.0.0-draft
CCC_30,https://mlolita26.github.io/cgiar-climate-taxonomy/terms/CCC_30,Gender-transformative,gender transformation,Cross-cutting concept,1,,"Cross-cutting concept denoting an approach that goes beyond accommodating gender differences to actively challenge and change the underlying norms, roles, and power relations that drive gender inequality.",CGIAR GENDER Impact Platform (gender-transformative approach),Cross-cutting,Adaptation,Adaptation-conditional,"Cross-cutting concept applies to a qualifying intervention, outcome, or impact; NOT adaptation when applied generically with nothing qualifying to attach to.",n/a,FALSE,Domain expert,current,5.0.0-draft
CCC_27,https://mlolita26.github.io/cgiar-climate-taxonomy/terms/CCC_27,Just transition,fair transition,Cross-cutting concept,1,,"Cross-cutting concept that seeks to make the shift toward environmentally sustainable economies fair and inclusive for affected workers and communities, creating decent work and leaving no one behind.","ILO (Guidelines for a just transition, 2015)",Cross-cutting,Adaptation + Mitigation,Adaptation-specific,"Cross-cutting concept applies to a qualifying intervention, outcome, or impact; NOT adaptation when applied generically with nothing qualifying to attach to.",Mitigation-specific,FALSE,Domain expert,current,5.0.0-draft
CCC_26,https://mlolita26.github.io/cgiar-climate-taxonomy/terms/CCC_26,Climate justice,climate equity,Cross-cutting concept,1,,"Cross-cutting concept that situates climate change as an ethical and political issue, emphasising the fair sharing of climate burdens and benefits and the rights of those least responsible for yet most affected by climate change.",IPCC AR6 WGII (climate justice),Cross-cutting,Adaptation,Adaptation-specific,Intrinsic,n/a,FALSE,Domain expert,current,5.0.0-draft
CCC_36,https://mlolita26.github.io/cgiar-climate-taxonomy/terms/CCC_36,Food system transformation,transformation of food system,Outcome,1,,"Cross-cutting concept denoting deep, systemic change in how food is produced, distributed and consumed, beyond incremental improvement.",FAO/HLPE (food system transformation),Outcome,Adaptation,Adaptation-specific,Intrinsic,Mitigation-specific,FALSE,Restructure (v5),current,5.0.0-draft
CCC_33,https://mlolita26.github.io/cgiar-climate-taxonomy/terms/CCC_33,Transformational adaptation,transformative adaptation,Cross-cutting concept,1,,"Cross-cutting concept denoting an approach that changes the fundamental attributes of a social-ecological system in anticipation of, or in response to, climate change and its impacts, as distinct from incremental adjustment.",IPCC AR6 WGII Glossary (Transformational adaptation),Cross-cutting,Adaptation,Adaptation-specific,Intrinsic,n/a,FALSE,Domain expert,current,5.0.0-draft
CCC_34,https://mlolita26.github.io/cgiar-climate-taxonomy/terms/CCC_34,Incremental adaptation,incremental adjustment,Cross-cutting concept,1,,"Cross-cutting concept denoting an approach in which actions maintain the essence and integrity of a system or process at a given scale, adjusting existing practices rather than changing fundamental system attributes.",IPCC AR6 WGII Glossary (Incremental adaptation),Cross-cutting,Adaptation,Adaptation-specific,Intrinsic,n/a,FALSE,Domain expert,current,5.0.0-draft
CCC_31,https://mlolita26.github.io/cgiar-climate-taxonomy/terms/CCC_31,Gender-responsive adaptation,,Cross-cutting concept,1,,"Cross-cutting concept denoting an approach that accounts for and seeks to redress gender-differentiated vulnerabilities, needs, and capacities, promoting the leadership of and equitable benefit to women and marginalised groups in adaptation action.",UNFCCC Lima work programme on gender; GCF Gender Policy,Cross-cutting,Adaptation,Adaptation-specific,Intrinsic,n/a,FALSE,Domain expert; Lexicon consensus,current,5.0.0-draft
CCC_35,https://mlolita26.github.io/cgiar-climate-taxonomy/terms/CCC_35,Autonomous adaptation,spontaneous adaptation,Cross-cutting concept,1,,"Cross-cutting concept denoting an approach that occurs in response to experienced climate and its effects, without explicit or conscious planning focused on addressing climate change.",IPCC AR6 WGII Glossary: Autonomous adaptation,Cross-cutting,Adaptation,Adaptation-specific,Intrinsic,n/a,FALSE,Lexicon consensus,current,5.0.0-draft
CCC_28,https://mlolita26.github.io/cgiar-climate-taxonomy/terms/CCC_28,Food sovereignty,autonomy; food self-determination,Cross-cutting concept,1,,"Cross-cutting concept asserting the right of peoples to define their own food and agriculture systems and to access healthy, culturally appropriate food produced through ecologically sound and sustainable methods.",Declaration of Nyeleni (2007); FAO,Cross-cutting,Adaptation,Adaptation-conditional,"Cross-cutting concept applies to a qualifying intervention, outcome, or impact; NOT adaptation when applied generically with nothing qualifying to attach to.",n/a,FALSE,Restructure (v5); Lexicon consensus,current,5.0.0-draft
CCC_01,https://mlolita26.github.io/cgiar-climate-taxonomy/terms/CCC_01,Adaptation limit,limits to adaptation,Cross-cutting concept,1,,"Cross-cutting concept denoting the point at which the objectives of an actor, or the needs of a system, cannot be secured from intolerable risks through adaptive action.",IPCC AR6 WGII Glossary: Limits to adaptation,Cross-cutting,Adaptation,Adaptation-specific,Intrinsic,n/a,FALSE,Domain expert,current,5.0.0-draft
CCC_02,https://mlolita26.github.io/cgiar-climate-taxonomy/terms/CCC_02,Soft limit,soft adaptation limit,Cross-cutting concept,2,CCC_01,Adaptation limit at which options exist in principle but are not currently available to avoid intolerable risks through adaptive action.,IPCC AR6 WGII Glossary: Soft adaptation limit,Cross-cutting,Adaptation,Adaptation-specific,Intrinsic,n/a,FALSE,Domain expert,current,5.0.0-draft
CCC_03,https://mlolita26.github.io/cgiar-climate-taxonomy/terms/CCC_03,Hard limit,hard adaptation limit,Cross-cutting concept,2,CCC_01,Adaptation limit at which no adaptive actions are possible to avoid intolerable risks.,IPCC AR6 WGII Glossary: Hard adaptation limit,Cross-cutting,Adaptation,Adaptation-specific,Intrinsic,n/a,FALSE,Domain expert,current,5.0.0-draft
CCC_05,https://mlolita26.github.io/cgiar-climate-taxonomy/terms/CCC_05,Adaptation deficit,adaptation gap,Cross-cutting concept,1,,Cross-cutting concept denoting the gap between the current state of a system and a state that minimises adverse impacts from existing climate conditions and variability.,IPCC AR6 WGII Glossary: Adaptation deficit,Cross-cutting,Adaptation,Adaptation-specific,Intrinsic,n/a,FALSE,Lexicon consensus,current,5.0.0-draft
CCC_06,https://mlolita26.github.io/cgiar-climate-taxonomy/terms/CCC_06,Indigenous knowledge,IK; traditional knowledge,Cross-cutting concept,1,,"Cross-cutting concept denoting the understandings, skills, and philosophies developed by societies with long histories of interaction with their natural surroundings.",IPCC AR6 WGII Glossary: Indigenous knowledge,Cross-cutting,Adaptation,Adaptation-conditional,"Cross-cutting concept applies to a qualifying intervention, outcome, or impact; NOT adaptation when applied generically with nothing qualifying to attach to.",n/a,FALSE,Lexicon consensus,current,5.0.0-draft
CCC_09,https://mlolita26.github.io/cgiar-climate-taxonomy/terms/CCC_09,Additionality,,Cross-cutting concept,1,,"Property of a mitigation activity whereby the emission reductions or removals it produces would not have occurred under the baseline scenario, and are therefore genuinely attributable to it.",Verra; AgLEDx,Cross-cutting,Mitigation,n/a,n/a (mitigation),Mitigation-specific,FALSE,Lexicon consensus,current,5.0.0-draft
CCC_10,https://mlolita26.github.io/cgiar-climate-taxonomy/terms/CCC_10,Emissions leakage,indirect land-use change,Cross-cutting concept,1,,"Displacement of emissions to outside a project or policy boundary, offsetting some or all of the reductions achieved within it; includes indirect land-use change.",IPCC,Cross-cutting,Mitigation,n/a,n/a (mitigation),Mitigation-specific,FALSE,Lexicon consensus,current,5.0.0-draft
CCC_11,https://mlolita26.github.io/cgiar-climate-taxonomy/terms/CCC_11,Non-permanence,reversibility,Cross-cutting concept,1,,"Risk that carbon stored by a sequestration activity is subsequently released, reversing some or all of the mitigation benefit.",AgLEDx,Cross-cutting,Mitigation,n/a,n/a (mitigation),Mitigation-specific,FALSE,Lexicon consensus,current,5.0.0-draft
CCC_12,https://mlolita26.github.io/cgiar-climate-taxonomy/terms/CCC_12,Double counting,double claiming,Cross-cutting concept,1,,Accounting error in which the same emission reduction or removal is claimed by more than one actor or against more than one target.,FAO,Cross-cutting,Mitigation,n/a,n/a (mitigation),Mitigation-specific,FALSE,Lexicon consensus,current,5.0.0-draft
CCC_13,https://mlolita26.github.io/cgiar-climate-taxonomy/terms/CCC_13,Mitigation potential,abatement potential,Cross-cutting concept,1,,"Estimated quantity of emission reduction or removal achievable by an activity or system, characterised as technical, economic, or market potential.",AgLEDx,Cross-cutting,Mitigation,n/a,n/a (mitigation),Mitigation-specific,FALSE,Lexicon consensus,current,5.0.0-draft
CCC_14,https://mlolita26.github.io/cgiar-climate-taxonomy/terms/CCC_14,Global warming potential,GWP,Cross-cutting concept,1,,Metric expressing the warming effect of a greenhouse gas over a specified period relative to the same mass of carbon dioxide.,IPCC,Cross-cutting,Mitigation,n/a,n/a (mitigation),Mitigation-specific,FALSE,Lexicon consensus,current,5.0.0-draft
CCC_15,https://mlolita26.github.io/cgiar-climate-taxonomy/terms/CCC_15,Carbon dioxide equivalent,CO2e; CO2-equivalent,Cross-cutting concept,1,,Metric that expresses the warming effect of a quantity of greenhouse gas as the mass of carbon dioxide with the same global warming potential.,IPCC,Cross-cutting,Mitigation,n/a,n/a (mitigation),Mitigation-specific,FALSE,Lexicon consensus,current,5.0.0-draft
CCC_17,https://mlolita26.github.io/cgiar-climate-taxonomy/terms/CCC_17,Scope 1 emissions,direct emissions,Cross-cutting concept,1,,"Direct greenhouse gas emissions from sources owned or controlled by the reporting entity, as classified by the Greenhouse Gas Protocol.",Greenhouse Gas Protocol,Cross-cutting,Mitigation,n/a,n/a (mitigation),Mitigation-specific,FALSE,Lexicon consensus,current,5.0.0-draft
CCC_18,https://mlolita26.github.io/cgiar-climate-taxonomy/terms/CCC_18,Scope 2 emissions,indirect energy emissions,Cross-cutting concept,1,,"Indirect greenhouse gas emissions from the generation of purchased energy consumed by the reporting entity, as classified by the Greenhouse Gas Protocol.",Greenhouse Gas Protocol,Cross-cutting,Mitigation,n/a,n/a (mitigation),Mitigation-specific,FALSE,Lexicon consensus,current,5.0.0-draft
CCC_19,https://mlolita26.github.io/cgiar-climate-taxonomy/terms/CCC_19,Scope 3 emissions,value-chain emissions,Cross-cutting concept,1,,"Indirect greenhouse gas emissions, other than those in Scope 2, occurring in the reporting entity's value chain both upstream and downstream, as classified by the Greenhouse Gas Protocol.",Greenhouse Gas Protocol,Cross-cutting,Mitigation,n/a,n/a (mitigation),Mitigation-specific,FALSE,Lexicon consensus,current,5.0.0-draft
CCC_20,https://mlolita26.github.io/cgiar-climate-taxonomy/terms/CCC_20,Baseline scenario,business-as-usual; BAU,Cross-cutting concept,1,,"Reference case describing the emissions that would occur without the mitigation activity or policy, against which reductions are measured.",IPCC,Cross-cutting,Mitigation,n/a,n/a (mitigation),Mitigation-specific,FALSE,Lexicon consensus,current,5.0.0-draft
CCC_23,https://mlolita26.github.io/cgiar-climate-taxonomy/terms/CCC_23,Carbon sink,carbon reservoir,Cross-cutting concept,1,,"Reservoir or process, such as a forest, soil, or ocean, that removes and stores more carbon than it releases.",IPCC; CSA Guide,Cross-cutting,Mitigation,n/a,n/a (mitigation),Mitigation-specific,FALSE,Lexicon consensus,current,5.0.0-draft
CCC_25,https://mlolita26.github.io/cgiar-climate-taxonomy/terms/CCC_25,Water-energy-food nexus,"WEF nexus; WEFE nexus; water-energy-food-ecosystem nexus; water, energy and food nexus; food-water system transition",Cross-cutting concept,1,,"Cross-cutting concept describing the interdependencies between water, energy, and food systems, used to analyse trade-offs and synergies when planning interventions that affect more than one of the three sectors.",FAO Water-Energy-Food Nexus,Cross-cutting,Adaptation + Mitigation,Adaptation-conditional,"Cross-cutting concept applies to a qualifying intervention, outcome, or impact; NOT adaptation when applied generically with nothing qualifying to attach to.",Mitigation-conditional,FALSE,PRMS pilot,current,5.0.0-draft
CCC_37,https://mlolita26.github.io/cgiar-climate-taxonomy/terms/CCC_37,Environmental damage,environmental degradation; ecosystem damage; environmental harm,Outcome,1,,"Cross-cutting concept denoting harm to ecosystems, natural resources or environmental quality.",UNEP (environmental damage),Outcome,Adaptation,Adaptation-conditional,"Outcome is measured against a climate hazard (e.g. yield under drought), OR is produced by a qualifying intervention, OR an adaptation-specific principle or cross-cutting concept applies to it; NOT adaptation when it is a plain level or quantity result not framed against a climate stressor.",n/a,FALSE,Restructure (v5),current,5.0.0-draft
CCC_38,https://mlolita26.github.io/cgiar-climate-taxonomy/terms/CCC_38,Resource recovery,,Intervention,2,INT_278,"Circular economy that recovers and reuses materials, nutrients, water or energy from waste streams.",Ellen MacArthur Foundation (circular economy / resource recovery),Intervention,Adaptation,Adaptation-conditional,"Intervention addresses a climate hazard, OR produces a qualifying outcome (adaptation-specific or hazard-conditioned), OR produces an adaptation-specific impact; NOT adaptation when done purely for productivity, market, or development with no hazard link and no hazard-referenced result.",n/a,FALSE,Restructure (v5),current,5.0.0-draft
CCC_47,https://mlolita26.github.io/cgiar-climate-taxonomy/terms/CCC_47,Peacebuilding,peace building,Intervention,1,,Cross-cutting concept denoting activities that reduce conflict drivers and strengthen the conditions for peace.,UN (peacebuilding); CGIAR Climate Security,Intervention,Adaptation,Adaptation-conditional,"Intervention addresses a climate hazard, OR produces a qualifying outcome (adaptation-specific or hazard-conditioned), OR produces an adaptation-specific impact; NOT adaptation when done purely for productivity, market, or development with no hazard link and no hazard-referenced result.",n/a,FALSE,Restructure (v5),current,5.0.0-draft
CCC_48,https://mlolita26.github.io/cgiar-climate-taxonomy/terms/CCC_48,Co-design,codesign; co-creation,Intervention,1,,Cross-cutting concept denoting the joint development of interventions with their intended users and stakeholders.,participatory design literature (co-design); CGIAR,Intervention,Adaptation,Adaptation-conditional,"Intervention addresses a climate hazard, OR produces a qualifying outcome (adaptation-specific or hazard-conditioned), OR produces an adaptation-specific impact; NOT adaptation when done purely for productivity, market, or development with no hazard link and no hazard-referenced result.",n/a,FALSE,Restructure (v5),current,5.0.0-draft
CRK_03,https://mlolita26.github.io/cgiar-climate-taxonomy/terms/CRK_03,Exposure,,Climate risk,,CRK_163,Retired: removed by Andreea in v5 draft; successor note: CRK_163,,,,,,,,,deprecated,5.0.0-draft
CRK_04,https://mlolita26.github.io/cgiar-climate-taxonomy/terms/CRK_04,Vulnerability,,Climate risk,,CRK_164,Retired: removed by Andreea in v5 draft; successor note: CRK_164,,,,,,,,,deprecated,5.0.0-draft
CRK_05,https://mlolita26.github.io/cgiar-climate-taxonomy/terms/CRK_05,Sensitivity,,Climate risk,,CRK_165,Retired: removed by Andreea in v5 draft; successor note: CRK_165,,,,,,,,,deprecated,5.0.0-draft
INT_201,https://mlolita26.github.io/cgiar-climate-taxonomy/terms/INT_201,Intellectual property and licensing,,Intervention,,,Retired: removed by Andreea in v5 draft; successor note: dropped,,,,,,,,,deprecated,5.0.0-draft
INT_157,https://mlolita26.github.io/cgiar-climate-taxonomy/terms/INT_157,National research and extension system strengthening,,Intervention,,,Retired: removed by Andreea in v5 draft; successor note: dropped,,,,,,,,,deprecated,5.0.0-draft
INT_190,https://mlolita26.github.io/cgiar-climate-taxonomy/terms/INT_190,Climate-health programming,,Intervention,,,Retired: removed by Andreea in v5 draft; successor note: dropped,,,,,,,,,deprecated,5.0.0-draft
INT_195,https://mlolita26.github.io/cgiar-climate-taxonomy/terms/INT_195,Climate-mobility programming,,Intervention,,,Retired: removed by Andreea in v5 draft; successor note: dropped,,,,,,,,,deprecated,5.0.0-draft
INT_196,https://mlolita26.github.io/cgiar-climate-taxonomy/terms/INT_196,Planned relocation support,,Intervention,,,Retired: removed by Andreea in v5 draft; successor note: dropped,,,,,,,,,deprecated,5.0.0-draft
INT_092,https://mlolita26.github.io/cgiar-climate-taxonomy/terms/INT_092,Climate data generation,,Intervention,,,Retired: removed by Andreea in v5 draft; successor note: dropped,,,,,,,,,deprecated,5.0.0-draft
OUT_006,https://mlolita26.github.io/cgiar-climate-taxonomy/terms/OUT_006,Insurance product,,Output,,INT_306,Retired: removed by Andreea in v5 draft; successor note: INT_306 Insurance,,,,,,,,,deprecated,5.0.0-draft
OUT_054,https://mlolita26.github.io/cgiar-climate-taxonomy/terms/OUT_054,Market intelligence platform,,Output,,,Retired: removed by Andreea in v5 draft; successor note: dropped,,,,,,,,,deprecated,5.0.0-draft
OUT_065,https://mlolita26.github.io/cgiar-climate-taxonomy/terms/OUT_065,Climate information product,,Output,,,Retired: removed by Andreea in v5 draft; successor note: dropped (children promoted to L1),,,,,,,,,deprecated,5.0.0-draft
OUT_042,https://mlolita26.github.io/cgiar-climate-taxonomy/terms/OUT_042,Plan,,Output,,,Retired: removed by Andreea in v5 draft; successor note: dropped (children promoted to L1),,,,,,,,,deprecated,5.0.0-draft
ADP_06,https://mlolita26.github.io/cgiar-climate-taxonomy/terms/ADP_06,Scaling,,Adoption pathway,,,Retired: removed by Andreea in v5 draft; successor note: dropped,,,,,,,,,deprecated,5.0.0-draft
STK_012,https://mlolita26.github.io/cgiar-climate-taxonomy/terms/STK_012,Indigenous Peoples,,Stakeholder,,STK_065,Retired: same-facet duplicate merged; successor note: STK_065,,,,,,,,,deprecated,5.0.0-draft
CCC_39,https://mlolita26.github.io/cgiar-climate-taxonomy/terms/CCC_39,Nature-positive,,Cross-cutting concept,,INT_271,Retired: retired in remediation: R32: a named approach that can fill the intervention element; Lolita chose INT_271 as owner; successor note: INT_271,,,,,,,,,deprecated,5.0.0-draft
CCC_40,https://mlolita26.github.io/cgiar-climate-taxonomy/terms/CCC_40,Site-specific,,Cross-cutting concept,,INT_236,Retired: retired in remediation: R32 fail; 'site-specific management' is the standard term for precision agriculture; successor note: INT_236,,,,,,,,,deprecated,5.0.0-draft
CCC_41,https://mlolita26.github.io/cgiar-climate-taxonomy/terms/CCC_41,Regenerative,,Cross-cutting concept,,INT_275,Retired: retired in remediation: R4 twin of INT_275 Regenerative agriculture; adjectival label (R35); successor note: INT_275,,,,,,,,,deprecated,5.0.0-draft
CCC_46,https://mlolita26.github.io/cgiar-climate-taxonomy/terms/CCC_46,Inclusive,,Cross-cutting concept,,OTC_116,"Retired: retired in remediation: R4 twin of OTC_116 Inclusion, which had no synonyms; adjectival label (R35); successor note: OTC_116",,,,,,,,,deprecated,5.0.0-draft
CCC_45,https://mlolita26.github.io/cgiar-climate-taxonomy/terms/CCC_45,Collaboration,,Cross-cutting concept,,OTC_044,Retired: retired in remediation: R32 fail; folds into OTC_044 Coordination; successor note: OTC_044,,,,,,,,,deprecated,5.0.0-draft
CCC_42,https://mlolita26.github.io/cgiar-climate-taxonomy/terms/CCC_42,Adequacy,,Cross-cutting concept,,OTC_095,Retired: retired in remediation: R4 twin of OTC_095 Climate policy adequacy; bare 'adequacy' too broad to attach safely; successor note: OTC_095 (word parked),,,,,,,,,deprecated,5.0.0-draft
CCC_43,https://mlolita26.github.io/cgiar-climate-taxonomy/terms/CCC_43,Efficiency,,Cross-cutting concept,,OTC_111,Retired: retired in remediation: R4 twin of the efficiency family; bare 'efficiency' too broad to attach safely; successor note: OTC_111/112/113 (word parked),,,,,,,,,deprecated,5.0.0-draft
CCC_44,https://mlolita26.github.io/cgiar-climate-taxonomy/terms/CCC_44,Effectiveness,,Cross-cutting concept,,OTC_093,Retired: retired in remediation: R4 twin of OTC_093 Adaptation effectiveness; bare 'effectiveness' too broad to attach; successor note: OTC_093 (word parked),,,,,,,,,deprecated,5.0.0-draft
