word_or_ID,normalised_for_matching,exclusion_type,decided_by,date,reason,status_in_v5_today,breaches_this_exclusion,where_the_original_record_lives,on_tagging_stoplist
ADP_06,adp_06,RETIRED-ID-NEVER-REUSE,Andreea / remediation,2026-09-03,was 'Scaling'. Successor: dropped. removed by Andreea in v5 draft,absent,no - the identifier is not in use,v5_retired_ids.csv,"n/a - identifier, not a word"
CCC_39,ccc_39,RETIRED-ID-NEVER-REUSE,Andreea / remediation,2026-09-03,was 'Nature-positive'. Successor: INT_271. retired in remediation: R32: a named approach that can fill the intervention element; Lolita chose INT_271 as owner,absent,no - the identifier is not in use,v5_retired_ids.csv,"n/a - identifier, not a word"
CCC_40,ccc_40,RETIRED-ID-NEVER-REUSE,Andreea / remediation,2026-09-03,was 'Site-specific'. Successor: INT_236. retired in remediation: R32 fail; 'site-specific management' is the standard term for precision agriculture,absent,no - the identifier is not in use,v5_retired_ids.csv,"n/a - identifier, not a word"
CCC_41,ccc_41,RETIRED-ID-NEVER-REUSE,Andreea / remediation,2026-09-03,was 'Regenerative'. Successor: INT_275. retired in remediation: R4 twin of INT_275 Regenerative agriculture; adjectival label (R35),absent,no - the identifier is not in use,v5_retired_ids.csv,"n/a - identifier, not a word"
CCC_42,ccc_42,RETIRED-ID-NEVER-REUSE,Andreea / remediation,2026-09-03,was 'Adequacy'. Successor: OTC_095 (word parked). retired in remediation: R4 twin of OTC_095 Climate policy adequacy; bare 'adequacy' too broad to attach safely,absent,no - the identifier is not in use,v5_retired_ids.csv,"n/a - identifier, not a word"
CCC_43,ccc_43,RETIRED-ID-NEVER-REUSE,Andreea / remediation,2026-09-03,was 'Efficiency'. Successor: OTC_111/112/113 (word parked). retired in remediation: R4 twin of the efficiency family; bare 'efficiency' too broad to attach safely,absent,no - the identifier is not in use,v5_retired_ids.csv,"n/a - identifier, not a word"
CCC_44,ccc_44,RETIRED-ID-NEVER-REUSE,Andreea / remediation,2026-09-03,was 'Effectiveness'. Successor: OTC_093 (word parked). retired in remediation: R4 twin of OTC_093 Adaptation effectiveness; bare 'effectiveness' too broad to attach,absent,no - the identifier is not in use,v5_retired_ids.csv,"n/a - identifier, not a word"
CCC_45,ccc_45,RETIRED-ID-NEVER-REUSE,Andreea / remediation,2026-09-03,was 'Collaboration'. Successor: OTC_044. retired in remediation: R32 fail; folds into OTC_044 Coordination,absent,no - the identifier is not in use,v5_retired_ids.csv,"n/a - identifier, not a word"
CCC_46,ccc_46,RETIRED-ID-NEVER-REUSE,Andreea / remediation,2026-09-03,"was 'Inclusive'. Successor: OTC_116. retired in remediation: R4 twin of OTC_116 Inclusion, which had no synonyms; adjectival label (R35)",absent,no - the identifier is not in use,v5_retired_ids.csv,"n/a - identifier, not a word"
CRK_03,crk_03,RETIRED-ID-NEVER-REUSE,Andreea / remediation,2026-09-03,was 'Exposure'. Successor: CRK_163. removed by Andreea in v5 draft,absent,no - the identifier is not in use,v5_retired_ids.csv,"n/a - identifier, not a word"
CRK_04,crk_04,RETIRED-ID-NEVER-REUSE,Andreea / remediation,2026-09-03,was 'Vulnerability'. Successor: CRK_164. removed by Andreea in v5 draft,absent,no - the identifier is not in use,v5_retired_ids.csv,"n/a - identifier, not a word"
CRK_05,crk_05,RETIRED-ID-NEVER-REUSE,Andreea / remediation,2026-09-03,was 'Sensitivity'. Successor: CRK_165. removed by Andreea in v5 draft,absent,no - the identifier is not in use,v5_retired_ids.csv,"n/a - identifier, not a word"
INT_092,int_092,RETIRED-ID-NEVER-REUSE,Andreea / remediation,2026-09-03,was 'Climate data generation'. Successor: dropped. removed by Andreea in v5 draft,absent,no - the identifier is not in use,v5_retired_ids.csv,"n/a - identifier, not a word"
INT_157,int_157,RETIRED-ID-NEVER-REUSE,Andreea / remediation,2026-09-03,was 'National research and extension system strengthening'. Successor: dropped. removed by Andreea in v5 draft,absent,no - the identifier is not in use,v5_retired_ids.csv,"n/a - identifier, not a word"
INT_190,int_190,RETIRED-ID-NEVER-REUSE,Andreea / remediation,2026-09-03,was 'Climate-health programming'. Successor: dropped. removed by Andreea in v5 draft,absent,no - the identifier is not in use,v5_retired_ids.csv,"n/a - identifier, not a word"
INT_195,int_195,RETIRED-ID-NEVER-REUSE,Andreea / remediation,2026-09-03,was 'Climate-mobility programming'. Successor: dropped. removed by Andreea in v5 draft,absent,no - the identifier is not in use,v5_retired_ids.csv,"n/a - identifier, not a word"
INT_196,int_196,RETIRED-ID-NEVER-REUSE,Andreea / remediation,2026-09-03,was 'Planned relocation support'. Successor: dropped. removed by Andreea in v5 draft,absent,no - the identifier is not in use,v5_retired_ids.csv,"n/a - identifier, not a word"
INT_201,int_201,RETIRED-ID-NEVER-REUSE,Andreea / remediation,2026-09-03,was 'Intellectual property and licensing'. Successor: dropped. removed by Andreea in v5 draft,absent,no - the identifier is not in use,v5_retired_ids.csv,"n/a - identifier, not a word"
OUT_006,out_006,RETIRED-ID-NEVER-REUSE,Andreea / remediation,2026-09-03,was 'Insurance product'. Successor: INT_306 Insurance. removed by Andreea in v5 draft,absent,no - the identifier is not in use,v5_retired_ids.csv,"n/a - identifier, not a word"
OUT_042,out_042,RETIRED-ID-NEVER-REUSE,Andreea / remediation,2026-09-03,was 'Plan'. Successor: dropped (children promoted to L1). removed by Andreea in v5 draft,absent,no - the identifier is not in use,v5_retired_ids.csv,"n/a - identifier, not a word"
OUT_054,out_054,RETIRED-ID-NEVER-REUSE,Andreea / remediation,2026-09-03,was 'Market intelligence platform'. Successor: dropped. removed by Andreea in v5 draft,absent,no - the identifier is not in use,v5_retired_ids.csv,"n/a - identifier, not a word"
OUT_065,out_065,RETIRED-ID-NEVER-REUSE,Andreea / remediation,2026-09-03,was 'Climate information product'. Successor: dropped (children promoted to L1). removed by Andreea in v5 draft,absent,no - the identifier is not in use,v5_retired_ids.csv,"n/a - identifier, not a word"
STK_012,stk_012,RETIRED-ID-NEVER-REUSE,Andreea / remediation,2026-09-03,was 'Indigenous Peoples'. Successor: STK_065. same-facet duplicate merged,absent,no - the identifier is not in use,v5_retired_ids.csv,"n/a - identifier, not a word"
Adequacy,adequacy,CONCEPT-RETIRED,Andreea / remediation,2026-09-03,concept removed (CCC_42). Successor: OTC_095 (word parked). Do not re-create without checking why it went,absent,"no - absent, as expected",v5_retired_ids.csv,"YES - absent, so the pipeline could still propose it"
Climate data generation,climate data generation,CONCEPT-RETIRED,Andreea / remediation,2026-09-03,concept removed (INT_092). Successor: dropped. Do not re-create without checking why it went,absent,"no - absent, as expected",v5_retired_ids.csv,"YES - absent, so the pipeline could still propose it"
Climate-health programming,climate health programming,CONCEPT-RETIRED,Andreea / remediation,2026-09-03,concept removed (INT_190). Successor: dropped. Do not re-create without checking why it went,absent,"no - absent, as expected",v5_retired_ids.csv,"YES - absent, so the pipeline could still propose it"
Climate information product,climate information product,CONCEPT-RETIRED,Andreea / remediation,2026-09-03,concept removed (OUT_065). Successor: dropped (children promoted to L1). Do not re-create without checking why it went,absent,"no - absent, as expected",v5_retired_ids.csv,"YES - absent, so the pipeline could still propose it"
Climate-mobility programming,climate mobility programming,CONCEPT-RETIRED,Andreea / remediation,2026-09-03,concept removed (INT_195). Successor: dropped. Do not re-create without checking why it went,absent,"no - absent, as expected",v5_retired_ids.csv,"YES - absent, so the pipeline could still propose it"
Collaboration,collaboration,CONCEPT-RETIRED,Andreea / remediation,2026-09-03,concept removed (CCC_45). Successor: OTC_044. Do not re-create without checking why it went,absent,"no - absent, as expected",v5_retired_ids.csv,"YES - absent, so the pipeline could still propose it"
Effectiveness,effectivenes,CONCEPT-RETIRED,Andreea / remediation,2026-09-03,concept removed (CCC_44). Successor: OTC_093 (word parked). Do not re-create without checking why it went,absent,"no - absent, as expected",v5_retired_ids.csv,"YES - absent, so the pipeline could still propose it"
Efficiency,efficiency,CONCEPT-RETIRED,Andreea / remediation,2026-09-03,concept removed (CCC_43). Successor: OTC_111/112/113 (word parked). Do not re-create without checking why it went,absent,"no - absent, as expected",v5_retired_ids.csv,"YES - absent, so the pipeline could still propose it"
Exposure,exposure,CONCEPT-RETIRED,Andreea / remediation,2026-09-03,concept removed (CRK_03). Successor: CRK_163. Do not re-create without checking why it went,absent,"no - absent, as expected",v5_retired_ids.csv,"YES - absent, so the pipeline could still propose it"
Inclusive,inclusive,CONCEPT-RETIRED,Andreea / remediation,2026-09-03,concept removed (CCC_46). Successor: OTC_116. Do not re-create without checking why it went,present as SYNONYM of OTC_116,no - the ID was retired; this label legitimately lives on its successor,v5_retired_ids.csv,"NO - already matches the taxonomy, so it cannot be proposed"
Indigenous Peoples,indigenou people,CONCEPT-RETIRED,Andreea / remediation,2026-09-03,concept removed (STK_012). Successor: STK_065. Do not re-create without checking why it went,the label of STK_065 'Indigenous Peoples' - not present as a synonym,no - the ID was retired; this label legitimately lives on its successor,v5_retired_ids.csv,"NO - already matches the taxonomy, so it cannot be proposed"
Insurance product,insurance product,CONCEPT-RETIRED,Andreea / remediation,2026-09-03,concept removed (OUT_006). Successor: INT_306 Insurance. Do not re-create without checking why it went,absent,"no - absent, as expected",v5_retired_ids.csv,"YES - absent, so the pipeline could still propose it"
Intellectual property and licensing,intellectual property and licensing,CONCEPT-RETIRED,Andreea / remediation,2026-09-03,concept removed (INT_201). Successor: dropped. Do not re-create without checking why it went,absent,"no - absent, as expected",v5_retired_ids.csv,"YES - absent, so the pipeline could still propose it"
Market intelligence platform,market intelligence platform,CONCEPT-RETIRED,Andreea / remediation,2026-09-03,concept removed (OUT_054). Successor: dropped. Do not re-create without checking why it went,absent,"no - absent, as expected",v5_retired_ids.csv,"YES - absent, so the pipeline could still propose it"
National research and extension system strengthening,national research and extension system strengthening,CONCEPT-RETIRED,Andreea / remediation,2026-09-03,concept removed (INT_157). Successor: dropped. Do not re-create without checking why it went,absent,"no - absent, as expected",v5_retired_ids.csv,"YES - absent, so the pipeline could still propose it"
Nature-positive,nature positive,CONCEPT-RETIRED,Andreea / remediation,2026-09-03,concept removed (CCC_39). Successor: INT_271. Do not re-create without checking why it went,absent,"no - absent, as expected",v5_retired_ids.csv,"YES - absent, so the pipeline could still propose it"
Plan,plan,CONCEPT-RETIRED,Andreea / remediation,2026-09-03,concept removed (OUT_042). Successor: dropped (children promoted to L1). Do not re-create without checking why it went,absent,"no - absent, as expected",v5_retired_ids.csv,"YES - absent, so the pipeline could still propose it"
Planned relocation support,planned relocation support,CONCEPT-RETIRED,Andreea / remediation,2026-09-03,concept removed (INT_196). Successor: dropped. Do not re-create without checking why it went,absent,"no - absent, as expected",v5_retired_ids.csv,"YES - absent, so the pipeline could still propose it"
Regenerative,regenerative,CONCEPT-RETIRED,Andreea / remediation,2026-09-03,concept removed (CCC_41). Successor: INT_275. Do not re-create without checking why it went,present as SYNONYM of INT_275,no - the ID was retired; this label legitimately lives on its successor,v5_retired_ids.csv,"NO - already matches the taxonomy, so it cannot be proposed"
Scaling,scaling,CONCEPT-RETIRED,Andreea / remediation,2026-09-03,concept removed (ADP_06). Successor: dropped. Do not re-create without checking why it went,the label of INT_166 'Scaling' - not present as a synonym,no - the ID was retired; this label legitimately lives on its successor,v5_retired_ids.csv,"NO - already matches the taxonomy, so it cannot be proposed"
Sensitivity,sensitivity,CONCEPT-RETIRED,Andreea / remediation,2026-09-03,concept removed (CRK_05). Successor: CRK_165. Do not re-create without checking why it went,absent,"no - absent, as expected",v5_retired_ids.csv,"YES - absent, so the pipeline could still propose it"
Site-specific,site specific,CONCEPT-RETIRED,Andreea / remediation,2026-09-03,concept removed (CCC_40). Successor: INT_236. Do not re-create without checking why it went,absent,"no - absent, as expected",v5_retired_ids.csv,"YES - absent, so the pipeline could still propose it"
Vulnerability,vulnerability,CONCEPT-RETIRED,Andreea / remediation,2026-09-03,concept removed (CRK_04). Successor: CRK_164. Do not re-create without checking why it went,absent,"no - absent, as expected",v5_retired_ids.csv,"YES - absent, so the pipeline could still propose it"
Animal health,animal health,CONCEPT-DECLINED,Lolita,2026-09-04,Andreea asked for it as a standalone concept; Lolita decided only Rainfall would be added in this round. Currently a synonym of INT_054 Animal health management,present as SYNONYM of INT_054,no - declined as a CONCEPT; presence as a synonym is the decision,REMEDIATION_2026-09-04.md,"NO - already matches the taxonomy, so it cannot be proposed"
Artificial intelligence,artificial intelligence,CONCEPT-DECLINED,Lolita,2026-09-04,candidate report tier A; declined this round,absent,"no - absent, as decided",CANDIDATES_FOR_ADDITION.csv,"YES - absent, so the pipeline could still propose it"
Biological nitrification inhibition,biological nitrification inhibition,CONCEPT-DECLINED,Lolita,2026-09-04,candidate report 5 units; not approved this round,absent,"no - absent, as decided",CANDIDATES_FOR_ADDITION.csv,"YES - absent, so the pipeline could still propose it"
Black Soldier Fly,black soldier fly,CONCEPT-DECLINED,Lolita,2026-09-04,"needs-care table; declined - species-level, 1 unit, and SYS_114 Black soldier fly system holds the production system",absent,"no - absent, as decided",CANDIDATES_FOR_ADDITION.csv,"YES - absent, so the pipeline could still propose it"
Carbon accounting,carbon accounting,CONCEPT-DECLINED,Lolita,2026-09-04,same - declined this round. Currently parked on OUT_110 Carbon accounting methodology,present as SYNONYM of OUT_110,no - declined as a CONCEPT; presence as a synonym is the decision,REMEDIATION_2026-09-04.md,"NO - already matches the taxonomy, so it cannot be proposed"
chilling,chilling,CONCEPT-DECLINED,Lolita,2026-09-04,"deliberately NOT added as a synonym of CRK_110 Chilling stress: in agri-food text it usually means post-harvest cooling, and SYS_083 Post-harvest handling is live in this corpus",absent,"no - absent, as decided",REMEDIATION_2026-09-04.md,"YES - absent, so the pipeline could still propose it"
Citizen science,citizen science,CONCEPT-DECLINED,Lolita,2026-09-04,candidate report tier A; declined this round,absent,"no - absent, as decided",CANDIDATES_FOR_ADDITION.csv,"YES - absent, so the pipeline could still propose it"
Clean,clean,CONCEPT-DECLINED,Lolita,2026-09-04,"needs-care table; declined - an adjective, the same class as the Cross-cutting adjectives already retired (Nature-positive, Regenerative, Inclusive)",absent,"no - absent, as decided",CANDIDATES_FOR_ADDITION.csv,"YES - absent, so the pipeline could still propose it"
Conflict,conflict,CONCEPT-DECLINED,Lolita,2026-09-04,"needs-care table; declined as too broad - also conflict of interest, data conflict. CRK_166 Climate security holds the risk framing",absent,"no - absent, as decided",CANDIDATES_FOR_ADDITION.csv,"YES - absent, so the pipeline could still propose it"
Conflict sensitivity,conflict sensitivity,CONCEPT-DECLINED,Lolita,2026-09-04,same - declined this round. Absorbed as a synonym of INT_304 Conflict-sensitive climate action,present as SYNONYM of INT_304,no - declined as a CONCEPT; presence as a synonym is the decision,REMEDIATION_2026-09-04.md,"NO - already matches the taxonomy, so it cannot be proposed"
Cropland,cropland,CONCEPT-DECLINED,Lolita,2026-09-04,needs-care table; not approved despite being a plausible parent of SYS_108 Irrigated cropland. 2 units only,absent,"no - absent, as decided",CANDIDATES_FOR_ADDITION.csv,"YES - absent, so the pipeline could still propose it"
Demonstration,demonstration,CONCEPT-DECLINED,Lolita,2026-09-04,needs-care table; declined as too broad - INT_314 Demonstration farm carries the specific sense,absent,"no - absent, as decided",CANDIDATES_FOR_ADDITION.csv,"YES - absent, so the pipeline could still propose it"
Displacement,displacement,CONCEPT-DECLINED,Lolita,2026-09-04,candidate report 10 units; not approved. INT_194 Migration covers the intervention and STK_055 Displaced population the actors,absent,"no - absent, as decided",CANDIDATES_FOR_ADDITION.csv,"YES - absent, so the pipeline could still propose it"
Emission reduction,emission reduction,CONCEPT-DECLINED,Lolita,2026-09-04,declined: a directional label breaches the neutral-wording rule and OTC_105 Greenhouse gas emissions already holds the neutral construct,present as SYNONYM of OTC_105,no - declined as a CONCEPT; presence as a synonym is the decision,REMEDIATION_2026-09-04.md,"NO - already matches the taxonomy, so it cannot be proposed"
Groundwater depletion,groundwater depletion,CONCEPT-DECLINED,Lolita,2026-09-04,"not added: Andreea explicitly excluded 'Groundwater' and 'Groundwater level', so this needs raising with her rather than adding",absent,"no - absent, as decided",REMEDIATION_2026-09-04.md,"YES - absent, so the pipeline could still propose it"
Late blight,late blight,CONCEPT-DECLINED,Lolita,2026-09-04,"candidate report 6 units; not approved - a named disease, which falls under the no-species-splitting decision. CRK_140 Disease pressure holds the construct",absent,"no - absent, as decided",CANDIDATES_FOR_ADDITION.csv,"YES - absent, so the pipeline could still propose it"
Living lab,living lab,CONCEPT-DECLINED,Lolita,2026-09-04,candidate report tier A; declined this round,absent,"no - absent, as decided",CANDIDATES_FOR_ADDITION.csv,"YES - absent, so the pipeline could still propose it"
Newsletter,newsletter,CONCEPT-DECLINED,Lolita,2026-09-04,candidate report tier A; declined as a generic document word,absent,"no - absent, as decided",CANDIDATES_FOR_ADDITION.csv,"YES - absent, so the pipeline could still propose it"
Policymaker,policymaker,CONCEPT-DECLINED,Lolita,2026-09-04,candidate report tier A; declined - STK facet holds the actor concepts,absent,"no - absent, as decided",CANDIDATES_FOR_ADDITION.csv,"YES - absent, so the pipeline could still propose it"
Positive deviance,positive deviance,CONCEPT-DECLINED,Lolita,2026-09-04,candidate report tier A; declined this round,absent,"no - absent, as decided",CANDIDATES_FOR_ADDITION.csv,"YES - absent, so the pipeline could still propose it"
Presentation,presentation,CONCEPT-DECLINED,Lolita,2026-09-04,candidate report tier A; declined as a generic document word,absent,"no - absent, as decided",CANDIDATES_FOR_ADDITION.csv,"YES - absent, so the pipeline could still propose it"
Recovery,recovery,CONCEPT-DECLINED,Lolita,2026-09-04,"needs-care table; declined as too broad - economic, post-disaster and data recovery all match. Post-disaster recovery would be its own concept",absent,"no - absent, as decided",CANDIDATES_FOR_ADDITION.csv,"YES - absent, so the pipeline could still propose it"
School,school,CONCEPT-DECLINED,Lolita,2026-09-04,needs-care table; declined - would match every school. OUT_102 Farmer field school carries the specific sense,absent,"no - absent, as decided",CANDIDATES_FOR_ADDITION.csv,"YES - absent, so the pipeline could still propose it"
Soil fertility,soil fertility,CONCEPT-DECLINED,Lolita,2026-09-04,"same - declined this round. Currently a synonym of INT_030 Nutrient management, which is the activity not the state",present as SYNONYM of INT_030,no - declined as a CONCEPT; presence as a synonym is the decision,REMEDIATION_2026-09-04.md,"NO - already matches the taxonomy, so it cannot be proposed"
Stakeholder,stakeholder,CONCEPT-DECLINED,Lolita,2026-09-04,"needs-care table; declined - it is a FACET name, so as a concept it would collide with the structural vocabulary and match everything",absent,"no - absent, as decided",CANDIDATES_FOR_ADDITION.csv,"YES - absent, so the pipeline could still propose it"
Sustainable agriculture,sustainable agriculture,CONCEPT-DECLINED,Lolita,2026-09-04,"candidate report tier A; declined - overlaps Climate-smart agriculture, Agroecology and Sustainable intensification",absent,"no - absent, as decided",CANDIDATES_FOR_ADDITION.csv,"YES - absent, so the pipeline could still propose it"
Technical assistance,technical assistance,CONCEPT-DECLINED,Lolita,2026-09-04,candidate report tier A; declined as too generic,absent,"no - absent, as decided",CANDIDATES_FOR_ADDITION.csv,"YES - absent, so the pipeline could still propose it"
Update,update,CONCEPT-DECLINED,Lolita,2026-09-04,candidate report tier A; declined as a generic document word,absent,"no - absent, as decided",CANDIDATES_FOR_ADDITION.csv,"YES - absent, so the pipeline could still propose it"
Water infrastructure,water infrastructure,CONCEPT-DECLINED,Lolita,2026-09-04,"candidate report 5 units; not approved - covers dams, canals and urban supply, adaptation-conditional at best",absent,"no - absent, as decided",CANDIDATES_FOR_ADDITION.csv,"YES - absent, so the pipeline could still propose it"
4R nutrient stewardship,4r nutrient stewardship,NOT-AS-CONCEPT-STAYS-SYNONYM,Lolita,2026-09-04,promotion candidate reviewed and closed: stays a synonym of INT_033. The word remains taggable; what was declined is giving it its own row,present as SYNONYM of INT_033,"no - kept as a synonym, which is the recorded decision",CANDIDATES_FOR_ADDITION.csv,"NO - already matches the taxonomy, so it cannot be proposed"
biogas digester,bioga digester,NOT-AS-CONCEPT-STAYS-SYNONYM,Lolita,2026-09-04,promotion candidate reviewed and closed: stays a synonym of INT_265. The word remains taggable; what was declined is giving it its own row,present as SYNONYM of INT_265,"no - kept as a synonym, which is the recorded decision",CANDIDATES_FOR_ADDITION.csv,"NO - already matches the taxonomy, so it cannot be proposed"
biogas plant,bioga plant,NOT-AS-CONCEPT-STAYS-SYNONYM,Lolita,2026-09-04,promotion candidate reviewed and closed: stays a synonym of INT_265. The word remains taggable; what was declined is giving it its own row,present as SYNONYM of INT_265,"no - kept as a synonym, which is the recorded decision",CANDIDATES_FOR_ADDITION.csv,"NO - already matches the taxonomy, so it cannot be proposed"
Blue food system,blue food system,NOT-AS-CONCEPT-STAYS-SYNONYM,Lolita,2026-09-04,promotion candidate reviewed and closed: stays a synonym of SYS_055. The word remains taggable; what was declined is giving it its own row,present as SYNONYM of SYS_055,"no - kept as a synonym, which is the recorded decision",CANDIDATES_FOR_ADDITION.csv,"NO - already matches the taxonomy, so it cannot be proposed"
carbon capture and storage,carbon capture and storage,NOT-AS-CONCEPT-STAYS-SYNONYM,Lolita,2026-09-04,promotion candidate reviewed and closed: stays a synonym of INT_252. The word remains taggable; what was declined is giving it its own row,present as SYNONYM of INT_252,"no - kept as a synonym, which is the recorded decision",CANDIDATES_FOR_ADDITION.csv,"NO - already matches the taxonomy, so it cannot be proposed"
Climate advisory system,climate advisory system,NOT-AS-CONCEPT-STAYS-SYNONYM,Lolita,2026-09-04,promotion candidate reviewed and closed: stays a synonym of INT_098. The word remains taggable; what was declined is giving it its own row,present as SYNONYM of INT_098,"no - kept as a synonym, which is the recorded decision",CANDIDATES_FOR_ADDITION.csv,"NO - already matches the taxonomy, so it cannot be proposed"
Climate finance information system,climate finance information system,NOT-AS-CONCEPT-STAYS-SYNONYM,Lolita,2026-09-04,promotion candidate reviewed and closed: stays a synonym of INT_113. The word remains taggable; what was declined is giving it its own row,present as SYNONYM of INT_113,"no - kept as a synonym, which is the recorded decision",CANDIDATES_FOR_ADDITION.csv,"NO - already matches the taxonomy, so it cannot be proposed"
climate-security nexus,climate security nexu,NOT-AS-CONCEPT-STAYS-SYNONYM,Lolita,2026-09-04,promotion candidate reviewed and closed: stays a synonym of CRK_166. The word remains taggable; what was declined is giving it its own row,present as SYNONYM of CRK_166,"no - kept as a synonym, which is the recorded decision",CANDIDATES_FOR_ADDITION.csv,"NO - already matches the taxonomy, so it cannot be proposed"
Climate-smart livestock system,climate smart livestock system,NOT-AS-CONCEPT-STAYS-SYNONYM,Lolita,2026-09-04,promotion candidate reviewed and closed: stays a synonym of SYS_018. The word remains taggable; what was declined is giving it its own row,present as SYNONYM of SYS_018,"no - kept as a synonym, which is the recorded decision",CANDIDATES_FOR_ADDITION.csv,"NO - already matches the taxonomy, so it cannot be proposed"
common bean,common bean,NOT-AS-CONCEPT-STAYS-SYNONYM,Lolita,2026-09-04,promotion candidate reviewed and closed: stays a synonym of SYS_095. The word remains taggable; what was declined is giving it its own row,present as SYNONYM of SYS_095,"no - kept as a synonym, which is the recorded decision",CANDIDATES_FOR_ADDITION.csv,"NO - already matches the taxonomy, so it cannot be proposed"
Faba bean,faba bean,NOT-AS-CONCEPT-STAYS-SYNONYM,Lolita,2026-09-04,promotion candidate reviewed and closed: stays a synonym of SYS_095. The word remains taggable; what was declined is giving it its own row,present as SYNONYM of SYS_095,"no - kept as a synonym, which is the recorded decision",CANDIDATES_FOR_ADDITION.csv,"NO - already matches the taxonomy, so it cannot be proposed"
Floodplain ecosystem,floodplain ecosystem,NOT-AS-CONCEPT-STAYS-SYNONYM,Lolita,2026-09-04,promotion candidate reviewed and closed: stays a synonym of SYS_106. The word remains taggable; what was declined is giving it its own row,present as SYNONYM of SYS_106,"no - kept as a synonym, which is the recorded decision",CANDIDATES_FOR_ADDITION.csv,"NO - already matches the taxonomy, so it cannot be proposed"
Forest landscape,forest landscape,NOT-AS-CONCEPT-STAYS-SYNONYM,Lolita,2026-09-04,promotion candidate reviewed and closed: stays a synonym of SYS_040. The word remains taggable; what was declined is giving it its own row,present as SYNONYM of SYS_040,"no - kept as a synonym, which is the recorded decision",CANDIDATES_FOR_ADDITION.csv,"NO - already matches the taxonomy, so it cannot be proposed"
Homestead agroforestry,homestead agroforestry,NOT-AS-CONCEPT-STAYS-SYNONYM,Lolita,2026-09-04,promotion candidate reviewed and closed: stays a synonym of INT_060. The word remains taggable; what was declined is giving it its own row,present as SYNONYM of INT_060,"no - kept as a synonym, which is the recorded decision",CANDIDATES_FOR_ADDITION.csv,"NO - already matches the taxonomy, so it cannot be proposed"
in situ on-farm conservation,in situ on farm conservation,NOT-AS-CONCEPT-STAYS-SYNONYM,Lolita,2026-09-04,promotion candidate reviewed and closed: stays a synonym of INT_197. The word remains taggable; what was declined is giving it its own row,present as SYNONYM of INT_197,"no - kept as a synonym, which is the recorded decision",CANDIDATES_FOR_ADDITION.csv,"NO - already matches the taxonomy, so it cannot be proposed"
income resilience,income resilience,NOT-AS-CONCEPT-STAYS-SYNONYM,Lolita,2026-09-04,promotion candidate reviewed and closed: stays a synonym of OTC_005. The word remains taggable; what was declined is giving it its own row,present as SYNONYM of OTC_005,"no - kept as a synonym, which is the recorded decision",CANDIDATES_FOR_ADDITION.csv,"NO - already matches the taxonomy, so it cannot be proposed"
Manure nutrient management,manure nutrient management,NOT-AS-CONCEPT-STAYS-SYNONYM,Lolita,2026-09-04,promotion candidate reviewed and closed: stays a synonym of INT_030. The word remains taggable; what was declined is giving it its own row,present as SYNONYM of INT_030,"no - kept as a synonym, which is the recorded decision",CANDIDATES_FOR_ADDITION.csv,"NO - already matches the taxonomy, so it cannot be proposed"
multi-level governance,multi level governance,NOT-AS-CONCEPT-STAYS-SYNONYM,Lolita,2026-09-04,promotion candidate reviewed and closed: stays a synonym of OTC_046. The word remains taggable; what was declined is giving it its own row,present as SYNONYM of OTC_046,"no - kept as a synonym, which is the recorded decision",CANDIDATES_FOR_ADDITION.csv,"NO - already matches the taxonomy, so it cannot be proposed"
polycentric governance,polycentric governance,NOT-AS-CONCEPT-STAYS-SYNONYM,Lolita,2026-09-04,promotion candidate reviewed and closed: stays a synonym of OTC_046. The word remains taggable; what was declined is giving it its own row,present as SYNONYM of OTC_046,"no - kept as a synonym, which is the recorded decision",CANDIDATES_FOR_ADDITION.csv,"NO - already matches the taxonomy, so it cannot be proposed"
Carbon dioxide removal,carbon dioxide removal,NOT-AS-SYNONYM-CONCEPT-INSTEAD,Andreea,2026-09-02,Andreea: will be standalone,the label of INT_297 'Carbon dioxide removal' - not present as a synonym,"no - she asked for a concept, and it is one",her diagnostics doc; audited in c3_exclusion_audit.csv,"NO - already matches the taxonomy, so it cannot be proposed"
Climate,climate,NOT-AS-SYNONYM-CONCEPT-INSTEAD,Andreea,2026-09-02,Andreea: will be standalone,the label of CDI_10 'Climate' - not present as a synonym,"no - she asked for a concept, and it is one",her diagnostics doc; audited in c3_exclusion_audit.csv,"NO - already matches the taxonomy, so it cannot be proposed"
Climate impact,climate impact,NOT-AS-SYNONYM-CONCEPT-INSTEAD,Andreea,2026-09-02,Andreea: will be standalone,the label of CRK_167 'Climate impact' - not present as a synonym,"no - she asked for a concept, and it is one",her diagnostics doc; audited in c3_exclusion_audit.csv,"NO - already matches the taxonomy, so it cannot be proposed"
Climate information,climate information,NOT-AS-SYNONYM-CONCEPT-INSTEAD,Andreea,2026-09-02,Andreea: is now standalone concept,the label of INT_264 'Climate information' - not present as a synonym,"no - she asked for a concept, and it is one",her diagnostics doc; audited in c3_exclusion_audit.csv,"NO - already matches the taxonomy, so it cannot be proposed"
Community,community,NOT-AS-SYNONYM-CONCEPT-INSTEAD,Andreea,2026-09-02,Andreea: will be standalone,the label of STK_068 'Community' - not present as a synonym,"no - she asked for a concept, and it is one",her diagnostics doc; audited in c3_exclusion_audit.csv,"NO - already matches the taxonomy, so it cannot be proposed"
Conflict-sensitive climate action,conflict sensitive climate action,NOT-AS-SYNONYM-CONCEPT-INSTEAD,Andreea,2026-09-02,Andreea: will be standalone,the label of INT_304 'Conflict-sensitive climate action' - not present as a synonym,"no - she asked for a concept, and it is one",her diagnostics doc; audited in c3_exclusion_audit.csv,"NO - already matches the taxonomy, so it cannot be proposed"
Credit,credit,NOT-AS-SYNONYM-CONCEPT-INSTEAD,Andreea,2026-09-02,Andreea: new term | should be synonym of “Agricultural credit”,absent,"no - declined (P7): word-ownership collision - OUT_107 Carbon credit is a term, and the word also sits in 'voluntary carbon credit', 'crediting mechanism', 'credit line' and OUT_118 Climate-risk credit score. INT_290 Agricultural credit and OUT_131 Loan hold the finance sense.",her diagnostics doc; audited in c3_exclusion_audit.csv,"YES - absent, so the pipeline could still propose it"
Data system,data system,NOT-AS-SYNONYM-CONCEPT-INSTEAD,Andreea,2026-09-02,Andreea: will be standalone,the label of OUT_124 'Data system' - not present as a synonym,"no - she asked for a concept, and it is one",her diagnostics doc; audited in c3_exclusion_audit.csv,"NO - already matches the taxonomy, so it cannot be proposed"
Digital advisory service,digital advisory service,NOT-AS-SYNONYM-CONCEPT-INSTEAD,Andreea,2026-09-02,Andreea: new term | synonym of digital advisory,absent,"no - covered by the shorter label INT_299 'digital advisory', which the matcher finds inside the phrase",her diagnostics doc; audited in c3_exclusion_audit.csv,"YES - absent, so the pipeline could still propose it"
Ecosystem conservation,ecosystem conservation,NOT-AS-SYNONYM-CONCEPT-INSTEAD,Andreea,2026-09-02,Andreea: will be standalone,the label of INT_289 'Ecosystem conservation' - not present as a synonym,"no - she asked for a concept, and it is one",her diagnostics doc; audited in c3_exclusion_audit.csv,"NO - already matches the taxonomy, so it cannot be proposed"
Emissions database,emission database,NOT-AS-SYNONYM-CONCEPT-INSTEAD,Andreea,2026-09-02,Andreea: new term | synonym of Emissions inventory,present as SYNONYM of OUT_111,"no - her own note asks for the synonym, which is what v5 has",her diagnostics doc; audited in c3_exclusion_audit.csv,"NO - already matches the taxonomy, so it cannot be proposed"
Feed availability,feed availability,NOT-AS-SYNONYM-CONCEPT-INSTEAD,Andreea,2026-09-02,Andreea: will be standalone,the label of OTC_138 'Feed availability' - not present as a synonym,"no - she asked for a concept, and it is one",her diagnostics doc; audited in c3_exclusion_audit.csv,"NO - already matches the taxonomy, so it cannot be proposed"
Fertilizer,fertilizer,NOT-AS-SYNONYM-CONCEPT-INSTEAD,Andreea,2026-09-02,Andreea: will be standalone,the label of INT_282 'Fertilizer' - not present as a synonym,"no - she asked for a concept, and it is one",her diagnostics doc; audited in c3_exclusion_audit.csv,"NO - already matches the taxonomy, so it cannot be proposed"
Financial inclusion,financial inclusion,NOT-AS-SYNONYM-CONCEPT-INSTEAD,Andreea,2026-09-02,Andreea: will be standalone,the label of OTC_130 'Financial inclusion' - not present as a synonym,"no - she asked for a concept, and it is one",her diagnostics doc; audited in c3_exclusion_audit.csv,"NO - already matches the taxonomy, so it cannot be proposed"
Financial service,financial service,NOT-AS-SYNONYM-CONCEPT-INSTEAD,Andreea,2026-09-02,Andreea: will be standalone,the label of INT_305 'Financial service' - not present as a synonym,"no - she asked for a concept, and it is one",her diagnostics doc; audited in c3_exclusion_audit.csv,"NO - already matches the taxonomy, so it cannot be proposed"
Fodder bank,fodder bank,NOT-AS-SYNONYM-CONCEPT-INSTEAD,Andreea,2026-09-02,Andreea: will be standalone,the label of OUT_122 'Fodder bank' - not present as a synonym,"no - she asked for a concept, and it is one",her diagnostics doc; audited in c3_exclusion_audit.csv,"NO - already matches the taxonomy, so it cannot be proposed"
Food system resilience,food system resilience,NOT-AS-SYNONYM-CONCEPT-INSTEAD,Andreea,2026-09-02,Andreea: will be new term,the label of OTC_125 'Food system resilience' - not present as a synonym,"no - she asked for a concept, and it is one",her diagnostics doc; audited in c3_exclusion_audit.csv,"NO - already matches the taxonomy, so it cannot be proposed"
Food system transformation,food system transformation,NOT-AS-SYNONYM-CONCEPT-INSTEAD,Andreea,2026-09-02,Andreea: will be new term,the label of CCC_36 'Food system transformation' - not present as a synonym,"no - she asked for a concept, and it is one",her diagnostics doc; audited in c3_exclusion_audit.csv,"NO - already matches the taxonomy, so it cannot be proposed"
Forage conservation,forage conservation,NOT-AS-SYNONYM-CONCEPT-INSTEAD,Andreea,2026-09-02,Andreea: will be new term,the label of INT_285 'Forage conservation' - not present as a synonym,"no - she asked for a concept, and it is one",her diagnostics doc; audited in c3_exclusion_audit.csv,"NO - already matches the taxonomy, so it cannot be proposed"
Gender Equity,gender equity,NOT-AS-SYNONYM-CONCEPT-INSTEAD,Andreea,2026-09-02,Andreea: will be new term,the label of OTC_139 'Gender equity' - not present as a synonym,"no - she asked for a concept, and it is one",her diagnostics doc; audited in c3_exclusion_audit.csv,"NO - already matches the taxonomy, so it cannot be proposed"
Gender inclusion,gender inclusion,NOT-AS-SYNONYM-CONCEPT-INSTEAD,Andreea,2026-09-02,Andreea: will be new term,the label of OTC_128 'Gender inclusion' - not present as a synonym,"no - she asked for a concept, and it is one",her diagnostics doc; audited in c3_exclusion_audit.csv,"NO - already matches the taxonomy, so it cannot be proposed"
Gender transformative,gender transformative,NOT-AS-SYNONYM-CONCEPT-INSTEAD,Andreea,2026-09-02,Andreea: will be new term,the label of CCC_30 'Gender-transformative' - not present as a synonym,"no - she asked for a concept, and it is one",her diagnostics doc; audited in c3_exclusion_audit.csv,"NO - already matches the taxonomy, so it cannot be proposed"
Inclusive finance,inclusive finance,NOT-AS-SYNONYM-CONCEPT-INSTEAD,Andreea,2026-09-02,Andreea: syn of financial inclusion – new term,present as SYNONYM of OTC_130,"no - her own note asks for the synonym, which is what v5 has",her diagnostics doc; audited in c3_exclusion_audit.csv,"NO - already matches the taxonomy, so it cannot be proposed"
Information system,information system,NOT-AS-SYNONYM-CONCEPT-INSTEAD,Andreea,2026-09-02,Andreea: syn of data system – new term,absent,"no - declined: matches any hospital, payroll or GIS system. OUT_124 Data system holds the concept; the phrase is left to a tagging guard if she wants it.",her diagnostics doc; audited in c3_exclusion_audit.csv,"YES - absent, so the pipeline could still propose it"
Innovation,innovation,NOT-AS-SYNONYM-CONCEPT-INSTEAD,Andreea,2026-09-02,Andreea: will be new term,the label of OUT_121 'Innovation' - not present as a synonym,"no - she asked for a concept, and it is one",her diagnostics doc; audited in c3_exclusion_audit.csv,"NO - already matches the taxonomy, so it cannot be proposed"
Integrated soil fertility management,integrated soil fertility management,NOT-AS-SYNONYM-CONCEPT-INSTEAD,Andreea,2026-09-02,Andreea: is now standalone concept,the label of INT_284 'Integrated soil fertility management' - not present as a synonym,"no - she asked for a concept, and it is one",her diagnostics doc; audited in c3_exclusion_audit.csv,"NO - already matches the taxonomy, so it cannot be proposed"
Landscape resilience,landscape resilience,NOT-AS-SYNONYM-CONCEPT-INSTEAD,Andreea,2026-09-02,Andreea: will be new term,the label of OTC_124 'Landscape resilience' - not present as a synonym,"no - she asked for a concept, and it is one",her diagnostics doc; audited in c3_exclusion_audit.csv,"NO - already matches the taxonomy, so it cannot be proposed"
Livestock nutrition,livestock nutrition,NOT-AS-SYNONYM-CONCEPT-INSTEAD,Andreea,2026-09-02,Andreea: is now standalone concept,the label of INT_295 'Livestock nutrition' - not present as a synonym,"no - she asked for a concept, and it is one",her diagnostics doc; audited in c3_exclusion_audit.csv,"NO - already matches the taxonomy, so it cannot be proposed"
Mitigation action,mitigation action,NOT-AS-SYNONYM-CONCEPT-INSTEAD,Andreea,2026-09-02,Andreea: will be new term,the label of INT_302 'Mitigation action' - not present as a synonym,"no - she asked for a concept, and it is one",her diagnostics doc; audited in c3_exclusion_audit.csv,"NO - already matches the taxonomy, so it cannot be proposed"
Mitigation plan,mitigation plan,NOT-AS-SYNONYM-CONCEPT-INSTEAD,Andreea,2026-09-02,"Andreea: not a synonym, but standalone concept",the label of OUT_126 'Mitigation plan' - not present as a synonym,"no - she asked for a concept, and it is one",her diagnostics doc; audited in c3_exclusion_audit.csv,"NO - already matches the taxonomy, so it cannot be proposed"
Rainfall,rainfall,NOT-AS-SYNONYM-CONCEPT-INSTEAD,Andreea,2026-09-02,Andreea: will be new term,the label of CDI_18 'Rainfall' - not present as a synonym,"no - she asked for a concept, and it is one",her diagnostics doc; audited in c3_exclusion_audit.csv,"NO - already matches the taxonomy, so it cannot be proposed"
Research network,research network,NOT-AS-SYNONYM-CONCEPT-INSTEAD,Andreea,2026-09-02,Andreea: is now standalone concept,the label of OUT_129 'Research network' - not present as a synonym,"no - she asked for a concept, and it is one",her diagnostics doc; audited in c3_exclusion_audit.csv,"NO - already matches the taxonomy, so it cannot be proposed"
Responsible scaling,responsible scaling,NOT-AS-SYNONYM-CONCEPT-INSTEAD,Andreea,2026-09-02,Andreea: will be new term,the label of INT_293 'Responsible scaling' - not present as a synonym,"no - she asked for a concept, and it is one",her diagnostics doc; audited in c3_exclusion_audit.csv,"NO - already matches the taxonomy, so it cannot be proposed"
Seed bank,seed bank,NOT-AS-SYNONYM-CONCEPT-INSTEAD,Andreea,2026-09-02,Andreea: will be new term,the label of OUT_123 'Seed bank' - not present as a synonym,"no - she asked for a concept, and it is one",her diagnostics doc; audited in c3_exclusion_audit.csv,"NO - already matches the taxonomy, so it cannot be proposed"
Seed system,seed system,NOT-AS-SYNONYM-CONCEPT-INSTEAD,Andreea,2026-09-02,Andreea: will be new term,the label of SYS_107 'Seed system' - not present as a synonym,"no - she asked for a concept, and it is one",her diagnostics doc; audited in c3_exclusion_audit.csv,"NO - already matches the taxonomy, so it cannot be proposed"
Solar irrigation,solar irrigation,NOT-AS-SYNONYM-CONCEPT-INSTEAD,Andreea,2026-09-02,"Andreea: not a synonym, is now standalone concept",the label of INT_286 'Solar irrigation' - not present as a synonym,"no - she asked for a concept, and it is one",her diagnostics doc; audited in c3_exclusion_audit.csv,"NO - already matches the taxonomy, so it cannot be proposed"
Transboundary water management,transboundary water management,NOT-AS-SYNONYM-CONCEPT-INSTEAD,Andreea,2026-09-02,"Andreea: not a synonym, but standalone concept",the label of INT_287 'Transboundary water management' - not present as a synonym,"no - she asked for a concept, and it is one",her diagnostics doc; audited in c3_exclusion_audit.csv,"NO - already matches the taxonomy, so it cannot be proposed"
Water conservation,water conservation,NOT-AS-SYNONYM-CONCEPT-INSTEAD,Andreea,2026-09-02,Andreea: will be new term,the label of INT_288 'Water conservation' - not present as a synonym,"no - she asked for a concept, and it is one",her diagnostics doc; audited in c3_exclusion_audit.csv,"NO - already matches the taxonomy, so it cannot be proposed"
Water management organization,water management organization,NOT-AS-SYNONYM-CONCEPT-INSTEAD,Andreea,2026-09-02,Andreea: will be new term,the label of STK_069 'Water management organization' - not present as a synonym,"no - she asked for a concept, and it is one",her diagnostics doc; audited in c3_exclusion_audit.csv,"NO - already matches the taxonomy, so it cannot be proposed"
Commercialization model,commercialization model,REDIRECT,Andreea,2026-09-02,Andreea: now synonym of “Business model”,present as SYNONYM of OUT_019,"no - she named a different owner, and the word sits there",her diagnostics doc; audited in c3_exclusion_audit.csv,"NO - already matches the taxonomy, so it cannot be proposed"
Ecosystem management,ecosystem management,REDIRECT,Andreea,2026-09-02,Andreea: synonym of Landscape management,present as SYNONYM of INT_059,"no - she named a different owner, and the word sits there",her diagnostics doc; audited in c3_exclusion_audit.csv,"NO - already matches the taxonomy, so it cannot be proposed"
Emission mitigation,emission mitigation,REDIRECT,Andreea,2026-09-02,Andreea: syn of Greenhouse gas emissions,present as SYNONYM of OTC_105,"no - she named a different owner, and the word sits there",her diagnostics doc; audited in c3_exclusion_audit.csv,"NO - already matches the taxonomy, so it cannot be proposed"
Flooding,flooding,REDIRECT,Andreea,2026-09-02,Andreea: synonym of flood,present as SYNONYM of CRK_122,"no - she named a different owner, and the word sits there",her diagnostics doc; audited in c3_exclusion_audit.csv,"NO - already matches the taxonomy, so it cannot be proposed"
Food-water system transition,food water system transition,REDIRECT,Andreea,2026-09-02,Andreea: synonym of “Water-energy-food nexus” not of “Food system”,present as SYNONYM of CCC_25,"no - she named a different owner, and the word sits there",her diagnostics doc; audited in c3_exclusion_audit.csv,"NO - already matches the taxonomy, so it cannot be proposed"
Greenhouse gas emissions accounting,greenhouse ga emission accounting,REDIRECT,Andreea,2026-09-02,Andreea: synonym of carbon accounting,absent,no - covered by the shorter label OTC_105 'greenhouse ga emission',her diagnostics doc; audited in c3_exclusion_audit.csv,"YES - absent, so the pipeline could still propose it"
Husbandry,husbandry,REDIRECT,Andreea,2026-09-02,Andreea: synonym of Lvestock management,absent,"no - declined: the bare word is ambiguous between livestock and crop husbandry. INT_048 Livestock management carries 'animal husbandry', which is unambiguous.",her diagnostics doc; audited in c3_exclusion_audit.csv,"YES - absent, so the pipeline could still propose it"
Land conservation,land conservation,REDIRECT,Andreea,2026-09-02,Andreea: syn of Landscape management,present as SYNONYM of INT_289,"no - she named a different owner, and the word sits there",her diagnostics doc; audited in c3_exclusion_audit.csv,"NO - already matches the taxonomy, so it cannot be proposed"
Land management,land management,REDIRECT,Andreea,2026-09-02,Andreea: syn of Landscape management,present as SYNONYM of INT_059,"no - she named a different owner, and the word sits there",her diagnostics doc; audited in c3_exclusion_audit.csv,"NO - already matches the taxonomy, so it cannot be proposed"
Landscape restoration,landscape restoration,REDIRECT,Andreea,2026-09-02,Andreea: syn of Ecosystem restoration,present as SYNONYM of INT_066,"no - she named a different owner, and the word sits there",her diagnostics doc; audited in c3_exclusion_audit.csv,"NO - already matches the taxonomy, so it cannot be proposed"
Livelihood,livelihood,REDIRECT,Andreea,2026-09-02,Andreea: syn of Livelihood system,absent,"no - declined, confirmed by Lolita 2026-09-04: the bare word is near-universal in this literature. The eight qualified forms (rural, pastoral, fishing, forest-dependent, smallholder, aquaculture) stay on their own concepts.",her diagnostics doc; audited in c3_exclusion_audit.csv,"YES - absent, so the pipeline could still propose it"
Low-emission food system,low emission food system,REDIRECT,Andreea,2026-09-02,Andreea: syn of Low-emission development,present as SYNONYM of INT_279,"no - she named a different owner, and the word sits there",her diagnostics doc; audited in c3_exclusion_audit.csv,"NO - already matches the taxonomy, so it cannot be proposed"
Production system,production system,REDIRECT,Andreea,2026-09-02,"Andreea: also syn of Crop system, Livestock system, Aquatic system",the label of SYS_115 'Production system' - not present as a synonym,"no - she named a different owner, and the word sits there",her diagnostics doc; audited in c3_exclusion_audit.csv,"NO - already matches the taxonomy, so it cannot be proposed"
Agronomic,agronomic,REMOVED-TOO-BROAD-OR-WRONG-OWNER,Lolita (remediation),2026-09-04,"audit T2.10: a qualifier, not a concept | removed: ['Agronomic']",absent,"no - absent, as excluded",decision_log.csv row for INT_022,"YES - absent, so the pipeline could still propose it"
CO2,co2,REMOVED-TOO-BROAD-OR-WRONG-OWNER,Lolita (remediation),2026-09-04,audit: duplicate of 'CO₂' within the same cell | removed: ['CO2'],present as SYNONYM of CDI_02,no - re-homed to the canonical greenhouse-gas concept,decision_log.csv row for CDI_02,"NO - already matches the taxonomy, so it cannot be proposed"
coefficient of variation,coefficient of variation,REMOVED-TOO-BROAD-OR-WRONG-OWNER,Lolita (remediation),2026-09-04,"audit T2.10 TOO-BROAD: generic statistic / different construct | removed: ['coefficient of variation', 'production stability']",absent,"no - absent, as excluded",decision_log.csv row for OTC_121,"YES - absent, so the pipeline could still propose it"
Company,company,REMOVED-TOO-BROAD-OR-WRONG-OWNER,Lolita (remediation),2026-09-04,audit T2.10 TOO-BROAD: fires on any company in any sector | removed: ['Company'],absent,"no - absent, as excluded",decision_log.csv row for STK_028,"YES - absent, so the pipeline could still propose it"
de-risking instrument,de risking instrument,REMOVED-TOO-BROAD-OR-WRONG-OWNER,Lolita (remediation),2026-09-04,"removed: ['de-risking instrument'] - the concept is 'Climate de-risking instrument' and this synonym drops 'climate', which is the word that puts it in scope. The short form does not mean the same thing, so it matches text that is not about climate at all. Owner is Adaptation-specific (no hazard gat",absent,"no - absent, as excluded",decision_log.csv row for OUT_071,"YES - absent, so the pipeline could still propose it"
Diversification,diversification,REMOVED-TOO-BROAD-OR-WRONG-OWNER,Lolita (remediation),2026-09-04,"audit T2.10 TOO-BROAD: applies to livelihoods, income, markets | removed: ['Diversification']",absent,"no - absent, as excluded",decision_log.csv row for INT_026,"YES - absent, so the pipeline could still propose it"
ENSO,enso,REMOVED-TOO-BROAD-OR-WRONG-OWNER,Lolita (remediation),2026-09-04,audit T2.10 TOO-BROAD: ENSO is the whole oscillation | removed: ['ENSO'],present as SYNONYM of CDI_19,"no - acronym of the canonical label, restored deliberately",decision_log.csv row for CDI_11,"NO - already matches the taxonomy, so it cannot be proposed"
erosion,erosion,REMOVED-TOO-BROAD-OR-WRONG-OWNER,Lolita (remediation),2026-09-04,audit T2.10 TOO-BROAD: erosion is the genus | removed: ['erosion'],absent,"no - absent, as excluded",decision_log.csv row for CRK_145,"YES - absent, so the pipeline could still propose it"
Forage,forage,REMOVED-TOO-BROAD-OR-WRONG-OWNER,Lolita (remediation),2026-09-04,audit T2.10 R7: an input as a synonym of a practice | removed: ['Forage'],absent,"no - absent, as excluded",decision_log.csv row for INT_049,"YES - absent, so the pipeline could still propose it"
Genetic resources,genetic resource,REMOVED-TOO-BROAD-OR-WRONG-OWNER,Lolita (remediation),2026-09-04,audit T2.10 R7: a thing as a synonym of an activity | removed: ['Genetic resources'],absent,"no - absent, as excluded",decision_log.csv row for INT_001,"YES - absent, so the pipeline could still propose it"
Heat,heat,REMOVED-TOO-BROAD-OR-WRONG-OWNER,Lolita (remediation),2026-09-04,"audit T2.10 TOO-BROAD: heat stress needs a tolerance threshold | removed: ['Heat', 'High temperature']",absent,"no - absent, as excluded",decision_log.csv row for CRK_106,"YES - absent, so the pipeline could still propose it"
High temperature,high temperature,REMOVED-TOO-BROAD-OR-WRONG-OWNER,Lolita (remediation),2026-09-04,"audit T2.10 TOO-BROAD: heat stress needs a tolerance threshold | removed: ['Heat', 'High temperature']",absent,"no - absent, as excluded",decision_log.csv row for CRK_106,"YES - absent, so the pipeline could still propose it"
manure,manure,REMOVED-TOO-BROAD-OR-WRONG-OWNER,Lolita (remediation),2026-09-04,audit T2.10 R7: an input as a synonym of a practice | removed: ['manure'],absent,"no - absent, as excluded",decision_log.csv row for INT_056,"YES - absent, so the pipeline could still propose it"
offset,offset,REMOVED-TOO-BROAD-OR-WRONG-OWNER,Lolita (remediation),2026-09-04,"removed: ['offset'] - the concept is 'Carbon offset' and this synonym drops 'carbon', which is the word that puts it in scope. The short form does not mean the same thing, so it matches text that is not about carbon at all. Owner is Mitigation-specific (no hazard gate), so the conditional hazard che",absent,"no - absent, as excluded",decision_log.csv row for OUT_109,"YES - absent, so the pipeline could still propose it"
Pest management,pest management,REMOVED-TOO-BROAD-OR-WRONG-OWNER,Lolita (remediation),2026-09-04,audit T2.10 TOO-BROAD: the genus of IPM | removed: ['Pest management'],absent,"no - absent, as excluded",decision_log.csv row for INT_029,"YES - absent, so the pipeline could still propose it"
production stability,production stability,REMOVED-TOO-BROAD-OR-WRONG-OWNER,Lolita (remediation),2026-09-04,"audit T2.10 TOO-BROAD: generic statistic / different construct | removed: ['coefficient of variation', 'production stability']",absent,"no - absent, as excluded",decision_log.csv row for OTC_121,"YES - absent, so the pipeline could still propose it"
risk management,risk management,REMOVED-TOO-BROAD-OR-WRONG-OWNER,Lolita (remediation),2026-09-04,"removed: ['risk management'] - the concept is 'Climate risk management' and this synonym drops 'climate', which is the word that puts it in scope. The short form does not mean the same thing, so it matches text that is not about climate at all. Owner is Adaptation-specific (no hazard gate), so the c",absent,"no - absent, as excluded",decision_log.csv row for INT_229,"YES - absent, so the pipeline could still propose it"
risk reduction,risk reduction,REMOVED-TOO-BROAD-OR-WRONG-OWNER,Lolita (remediation),2026-09-04,"removed: ['risk reduction'] - the concept is 'Climate risk reduction' and this synonym drops 'climate', which is the word that puts it in scope. The short form does not mean the same thing, so it matches text that is not about climate at all. Owner is Adaptation-specific (no hazard gate), so the con",absent,"no - absent, as excluded",decision_log.csv row for OTC_101,"YES - absent, so the pipeline could still propose it"
risk transfer,risk transfer,REMOVED-TOO-BROAD-OR-WRONG-OWNER,Lolita (remediation),2026-09-04,"removed: ['risk transfer'] - the concept is 'Climate risk transfer' and this synonym drops 'climate', which is the word that puts it in scope. The short form does not mean the same thing, so it matches text that is not about climate at all. Owner is Adaptation-specific (no hazard gate), so the condi",absent,"no - absent, as excluded",decision_log.csv row for INT_231,"YES - absent, so the pipeline could still propose it"
Social protection,social protection,REMOVED-TOO-BROAD-OR-WRONG-OWNER,Lolita (remediation),2026-09-04,audit T2.10 TOO-BROAD: an entire policy field | removed: ['Social protection'],absent,"no - absent, as excluded",decision_log.csv row for INT_112,"YES - absent, so the pipeline could still propose it"
subsidy,subsidy,REMOVED-TOO-BROAD-OR-WRONG-OWNER,Lolita (remediation),2026-09-04,"audit T2.10 TOO-BROAD: the instrument, not its reform | removed: ['subsidy']",absent,"no - absent, as excluded",decision_log.csv row for INT_136,"YES - absent, so the pipeline could still propose it"
Accelerated breeding,accelerated breeding,REDUNDANT-LABEL-ALREADY-MATCHES,Lolita (remediation),2026-09-04,"the concept's own label already appears inside this phrase, so the entry adds no recall. If it names something narrower it should be a child concept, not a synonym",absent,"no - absent, as excluded",decision_log.csv row for INT_002,"YES - absent, so the pipeline could still propose it"
agri-food system,agri food system,REDUNDANT-LABEL-ALREADY-MATCHES,Lolita (remediation),2026-09-04,"the concept's own label already appears inside this phrase, so the entry adds no recall. If it names something narrower it should be a child concept, not a synonym",absent,"no - absent, as excluded",decision_log.csv row for SYS_055,"YES - absent, so the pipeline could still propose it"
agri-food trade,agri food trade,REDUNDANT-LABEL-ALREADY-MATCHES,Lolita (remediation),2026-09-04,"the concept's own label already appears inside this phrase, so the entry adds no recall. If it names something narrower it should be a child concept, not a synonym",absent,"no - absent, as excluded",decision_log.csv row for SYS_084,"YES - absent, so the pipeline could still propose it"
agri-food waste,agri food waste,REDUNDANT-LABEL-ALREADY-MATCHES,Lolita (remediation),2026-09-04,"the concept's own label already appears inside this phrase, so the entry adds no recall. If it names something narrower it should be a child concept, not a synonym",absent,"no - absent, as excluded",decision_log.csv row for OTC_098,"YES - absent, so the pipeline could still propose it"
agricultural carbon market,agricultural carbon market,REDUNDANT-LABEL-ALREADY-MATCHES,Lolita (remediation),2026-09-04,"the concept's own label already appears inside this phrase, so the entry adds no recall. If it names something narrower it should be a child concept, not a synonym",absent,"no - absent, as excluded",decision_log.csv row for INT_254,"YES - absent, so the pipeline could still propose it"
agricultural insurance,agricultural insurance,REDUNDANT-LABEL-ALREADY-MATCHES,Lolita (remediation),2026-09-04,"the concept's own label already appears inside this phrase, so the entry adds no recall. If it names something narrower it should be a child concept, not a synonym",absent,"no - absent, as excluded",decision_log.csv row for INT_306,"YES - absent, so the pipeline could still propose it"
agricultural production system,agricultural production system,REDUNDANT-LABEL-ALREADY-MATCHES,Lolita (remediation),2026-09-04,"the concept's own label already appears inside this phrase, so the entry adds no recall. If it names something narrower it should be a child concept, not a synonym",absent,"no - absent, as excluded",decision_log.csv row for SYS_115,"YES - absent, so the pipeline could still propose it"
agricultural productivity,agricultural productivity,REDUNDANT-LABEL-ALREADY-MATCHES,Lolita (remediation),2026-09-04,"the concept's own label already appears inside this phrase, so the entry adds no recall. If it names something narrower it should be a child concept, not a synonym",absent,"no - absent, as excluded",decision_log.csv row for OTC_102,"YES - absent, so the pipeline could still propose it"
agricultural water management,agricultural water management,REDUNDANT-LABEL-ALREADY-MATCHES,Lolita (remediation),2026-09-04,"the concept's own label already appears inside this phrase, so the entry adds no recall. If it names something narrower it should be a child concept, not a synonym",absent,"no - absent, as excluded",decision_log.csv row for INT_038,"YES - absent, so the pipeline could still propose it"
agro-climate advisory service,agro climate advisory service,REDUNDANT-LABEL-ALREADY-MATCHES,Lolita (remediation),2026-09-04,"the concept's own label already appears inside this phrase, so the entry adds no recall. If it names something narrower it should be a child concept, not a synonym",absent,"no - absent, as excluded",decision_log.csv row for INT_232,"YES - absent, so the pipeline could still propose it"
agro-met bulletin,agro met bulletin,REDUNDANT-LABEL-ALREADY-MATCHES,Lolita (remediation),2026-09-04,"the concept's own label already appears inside this phrase, so the entry adds no recall. If it names something narrower it should be a child concept, not a synonym",absent,"no - absent, as excluded",decision_log.csv row for OUT_029,"YES - absent, so the pipeline could still propose it"
Agroforestry system,agroforestry system,REDUNDANT-LABEL-ALREADY-MATCHES,Lolita (remediation),2026-09-04,"the concept's own label already appears inside this phrase, so the entry adds no recall. If it names something narrower it should be a child concept, not a synonym",absent,"no - absent, as excluded",decision_log.csv row for INT_060,"YES - absent, so the pipeline could still propose it"
agronomic management,agronomic management,REDUNDANT-LABEL-ALREADY-MATCHES,Lolita (remediation),2026-09-04,"the concept's own label already appears inside this phrase, so the entry adds no recall. If it names something narrower it should be a child concept, not a synonym",the label of INT_022 'Agronomic management' - not present as a synonym,no - not a synonym; the word is this concept's own label,decision_log.csv row for INT_022,"NO - already matches the taxonomy, so it cannot be proposed"
animal breed,animal breed,REDUNDANT-LABEL-ALREADY-MATCHES,Lolita (remediation),2026-09-04,"the concept's own label already appears inside this phrase, so the entry adds no recall. If it names something narrower it should be a child concept, not a synonym",absent,"no - absent, as excluded",decision_log.csv row for OUT_056,"YES - absent, so the pipeline could still propose it"
anthropogenic climate change,anthropogenic climate change,REDUNDANT-LABEL-ALREADY-MATCHES,Lolita (remediation),2026-09-04,"the concept's own label already appears inside this phrase, so the entry adds no recall. If it names something narrower it should be a child concept, not a synonym",absent,"no - absent, as excluded",decision_log.csv row for CDI_08,"YES - absent, so the pipeline could still propose it"
biochar amendment,biochar amendment,REDUNDANT-LABEL-ALREADY-MATCHES,Lolita (remediation),2026-09-04,"the concept's own label already appears inside this phrase, so the entry adds no recall. If it names something narrower it should be a child concept, not a synonym",absent,"no - absent, as excluded",decision_log.csv row for INT_323,"YES - absent, so the pipeline could still propose it"
biological nitrogen fixation,biological nitrogen fixation,REDUNDANT-LABEL-ALREADY-MATCHES,Lolita (remediation),2026-09-04,"the concept's own label already appears inside this phrase, so the entry adds no recall. If it names something narrower it should be a child concept, not a synonym",absent,"no - absent, as excluded",decision_log.csv row for CDI_07,"YES - absent, so the pipeline could still propose it"
carbon accounting methodology,carbon accounting methodology,REDUNDANT-LABEL-ALREADY-MATCHES,Lolita (remediation),2026-09-04,"the concept's own label already appears inside this phrase, so the entry adds no recall. If it names something narrower it should be a child concept, not a synonym",the label of OUT_110 'Carbon accounting methodology' - not present as a synonym,no - not a synonym; the word is this concept's own label,decision_log.csv row for OUT_110,"NO - already matches the taxonomy, so it cannot be proposed"
carbon additionality,carbon additionality,REDUNDANT-LABEL-ALREADY-MATCHES,Lolita (remediation),2026-09-04,"the concept's own label already appears inside this phrase, so the entry adds no recall. If it names something narrower it should be a child concept, not a synonym",absent,"no - absent, as excluded",decision_log.csv row for CCC_09,"YES - absent, so the pipeline could still propose it"
civil society organization,civil society organization,REDUNDANT-LABEL-ALREADY-MATCHES,Lolita (remediation),2026-09-04,"the concept's own label already appears inside this phrase, so the entry adds no recall. If it names something narrower it should be a child concept, not a synonym",absent,"no - absent, as excluded",decision_log.csv row for STK_039,"YES - absent, so the pipeline could still propose it"
climate adaptation policy,climate adaptation policy,REDUNDANT-LABEL-ALREADY-MATCHES,Lolita (remediation),2026-09-04,"the concept's own label already appears inside this phrase, so the entry adds no recall. If it names something narrower it should be a child concept, not a synonym",absent,"no - absent, as excluded",decision_log.csv row for OUT_095,"YES - absent, so the pipeline could still propose it"
climate-adapted variety,climate adapted variety,REDUNDANT-LABEL-ALREADY-MATCHES,Lolita (remediation),2026-09-04,"the concept's own label already appears inside this phrase, so the entry adds no recall. If it names something narrower it should be a child concept, not a synonym",absent,"no - absent, as excluded",decision_log.csv row for OUT_002,"YES - absent, so the pipeline could still propose it"
Climate dataset,climate dataset,REDUNDANT-LABEL-ALREADY-MATCHES,Lolita (remediation),2026-09-04,"the concept's own label already appears inside this phrase, so the entry adds no recall. If it names something narrower it should be a child concept, not a synonym",absent,"no - absent, as excluded",decision_log.csv row for OUT_021,"YES - absent, so the pipeline could still propose it"
climate governance,climate governance,REDUNDANT-LABEL-ALREADY-MATCHES,Lolita (remediation),2026-09-04,"the concept's own label already appears inside this phrase, so the entry adds no recall. If it names something narrower it should be a child concept, not a synonym",absent,"no - absent, as excluded",decision_log.csv row for OTC_046,"YES - absent, so the pipeline could still propose it"
Climate information bulletin,climate information bulletin,REDUNDANT-LABEL-ALREADY-MATCHES,Lolita (remediation),2026-09-04,"the concept's own label already appears inside this phrase, so the entry adds no recall. If it names something narrower it should be a child concept, not a synonym",absent,"no - absent, as excluded",decision_log.csv row for OUT_029,"YES - absent, so the pipeline could still propose it"
climate resilience,climate resilience,REDUNDANT-LABEL-ALREADY-MATCHES,Lolita (remediation),2026-09-04,"the concept's own label already appears inside this phrase, so the entry adds no recall. If it names something narrower it should be a child concept, not a synonym",the label of OTC_114 'Climate resilience' - not present as a synonym,no - not a synonym; the word is this concept's own label,decision_log.csv row for OTC_114,"NO - already matches the taxonomy, so it cannot be proposed"
climate risks,climate risk,REDUNDANT-LABEL-ALREADY-MATCHES,Lolita (remediation),2026-09-04,"the concept's own label already appears inside this phrase, so the entry adds no recall. If it names something narrower it should be a child concept, not a synonym",the label of CRK_01 'Climate risk' - not present as a synonym,no - not a synonym; the word is this concept's own label,decision_log.csv row for CRK_01,"NO - already matches the taxonomy, so it cannot be proposed"
climate security risk,climate security risk,REDUNDANT-LABEL-ALREADY-MATCHES,Lolita (remediation),2026-09-04,"the concept's own label already appears inside this phrase, so the entry adds no recall. If it names something narrower it should be a child concept, not a synonym",absent,"no - absent, as excluded",decision_log.csv row for CRK_166,"YES - absent, so the pipeline could still propose it"
climate sensitivity of the system,climate sensitivity of the system,REDUNDANT-LABEL-ALREADY-MATCHES,Lolita (remediation),2026-09-04,"the concept's own label already appears inside this phrase, so the entry adds no recall. If it names something narrower it should be a child concept, not a synonym",absent,"no - absent, as excluded",decision_log.csv row for CRK_165,"YES - absent, so the pipeline could still propose it"
climate services,climate service,REDUNDANT-LABEL-ALREADY-MATCHES,Lolita (remediation),2026-09-04,"the concept's own label already appears inside this phrase, so the entry adds no recall. If it names something narrower it should be a child concept, not a synonym",the label of INT_091 'Climate service' - not present as a synonym,no - not a synonym; the word is this concept's own label,decision_log.csv row for INT_091,"NO - already matches the taxonomy, so it cannot be proposed"
climate smart agriculture,climate smart agriculture,REDUNDANT-LABEL-ALREADY-MATCHES,Lolita (remediation),2026-09-04,"the concept's own label already appears inside this phrase, so the entry adds no recall. If it names something narrower it should be a child concept, not a synonym",the label of INT_269 'Climate-smart agriculture' - not present as a synonym,no - not a synonym; the word is this concept's own label,decision_log.csv row for INT_269,"NO - already matches the taxonomy, so it cannot be proposed"
climate vulnerability,climate vulnerability,REDUNDANT-LABEL-ALREADY-MATCHES,Lolita (remediation),2026-09-04,"the concept's own label already appears inside this phrase, so the entry adds no recall. If it names something narrower it should be a child concept, not a synonym",the label of CRK_164 'Climate vulnerability' - not present as a synonym,no - not a synonym; the word is this concept's own label,decision_log.csv row for CRK_164,"NO - already matches the taxonomy, so it cannot be proposed"
community-of-practice,community of practice,REDUNDANT-LABEL-ALREADY-MATCHES,Lolita (remediation),2026-09-04,"the concept's own label already appears inside this phrase, so the entry adds no recall. If it names something narrower it should be a child concept, not a synonym",the label of OUT_038 'Community of practice' - not present as a synonym,no - not a synonym; the word is this concept's own label,decision_log.csv row for INT_160,"NO - already matches the taxonomy, so it cannot be proposed"
community seed exchange,community seed exchange,REDUNDANT-LABEL-ALREADY-MATCHES,Lolita (remediation),2026-09-04,"the concept's own label already appears inside this phrase, so the entry adds no recall. If it names something narrower it should be a child concept, not a synonym",absent,"no - absent, as excluded",decision_log.csv row for INT_268,"YES - absent, so the pipeline could still propose it"
conceptual framework,conceptual framework,REDUNDANT-LABEL-ALREADY-MATCHES,Lolita (remediation),2026-09-04,"the concept's own label already appears inside this phrase, so the entry adds no recall. If it names something narrower it should be a child concept, not a synonym",absent,"no - absent, as excluded",decision_log.csv row for OUT_083,"YES - absent, so the pipeline could still propose it"
consumer food environment,consumer food environment,REDUNDANT-LABEL-ALREADY-MATCHES,Lolita (remediation),2026-09-04,"the concept's own label already appears inside this phrase, so the entry adds no recall. If it names something narrower it should be a child concept, not a synonym",absent,"no - absent, as excluded",decision_log.csv row for SYS_074,"YES - absent, so the pipeline could still propose it"
consumer food waste,consumer food waste,REDUNDANT-LABEL-ALREADY-MATCHES,Lolita (remediation),2026-09-04,"the concept's own label already appears inside this phrase, so the entry adds no recall. If it names something narrower it should be a child concept, not a synonym",absent,"no - absent, as excluded",decision_log.csv row for OTC_098,"YES - absent, so the pipeline could still propose it"
cross-breeding,cros breeding,REDUNDANT-LABEL-ALREADY-MATCHES,Lolita (remediation),2026-09-04,"the concept's own label already appears inside this phrase, so the entry adds no recall. If it names something narrower it should be a child concept, not a synonym",absent,"no - absent, as excluded",decision_log.csv row for INT_002,"YES - absent, so the pipeline could still propose it"
curriculum design,curriculum design,REDUNDANT-LABEL-ALREADY-MATCHES,Lolita (remediation),2026-09-04,"the concept's own label already appears inside this phrase, so the entry adds no recall. If it names something narrower it should be a child concept, not a synonym",absent,"no - absent, as excluded",decision_log.csv row for INT_151,"YES - absent, so the pipeline could still propose it"
data platform,data platform,REDUNDANT-LABEL-ALREADY-MATCHES,Lolita (remediation),2026-09-04,"the concept's own label already appears inside this phrase, so the entry adds no recall. If it names something narrower it should be a child concept, not a synonym",the label of OUT_040 'Data platform' - not present as a synonym,no - not a synonym; the word is this concept's own label,decision_log.csv row for OUT_040,"NO - already matches the taxonomy, so it cannot be proposed"
decentralized renewable energy,decentralized renewable energy,REDUNDANT-LABEL-ALREADY-MATCHES,Lolita (remediation),2026-09-04,"the concept's own label already appears inside this phrase, so the entry adds no recall. If it names something narrower it should be a child concept, not a synonym",absent,"no - absent, as excluded",decision_log.csv row for INT_248,"YES - absent, so the pipeline could still propose it"
displaced populations,displaced population,REDUNDANT-LABEL-ALREADY-MATCHES,Lolita (remediation),2026-09-04,"the concept's own label already appears inside this phrase, so the entry adds no recall. If it names something narrower it should be a child concept, not a synonym",the label of STK_055 'Displaced population' - not present as a synonym,no - not a synonym; the word is this concept's own label,decision_log.csv row for STK_055,"NO - already matches the taxonomy, so it cannot be proposed"
drainage water management,drainage water management,REDUNDANT-LABEL-ALREADY-MATCHES,Lolita (remediation),2026-09-04,"the concept's own label already appears inside this phrase, so the entry adds no recall. If it names something narrower it should be a child concept, not a synonym",absent,"no - absent, as excluded",decision_log.csv row for INT_044,"YES - absent, so the pipeline could still propose it"
dry bean,dry bean,REDUNDANT-LABEL-ALREADY-MATCHES,Lolita (remediation),2026-09-04,"the concept's own label already appears inside this phrase, so the entry adds no recall. If it names something narrower it should be a child concept, not a synonym",absent,"no - absent, as excluded",decision_log.csv row for SYS_095,"YES - absent, so the pipeline could still propose it"
dry direct seeding,dry direct seeding,REDUNDANT-LABEL-ALREADY-MATCHES,Lolita (remediation),2026-09-04,"the concept's own label already appears inside this phrase, so the entry adds no recall. If it names something narrower it should be a child concept, not a synonym",absent,"no - absent, as excluded",decision_log.csv row for INT_266,"YES - absent, so the pipeline could still propose it"
dry-season,dry season,REDUNDANT-LABEL-ALREADY-MATCHES,Lolita (remediation),2026-09-04,"the concept's own label already appears inside this phrase, so the entry adds no recall. If it names something narrower it should be a child concept, not a synonym",the label of CDI_16 'Dry season' - not present as a synonym,no - not a synonym; the word is this concept's own label,decision_log.csv row for CDI_16,"NO - already matches the taxonomy, so it cannot be proposed"
El Nino Southern Oscillation,el nino southern oscillation,REDUNDANT-LABEL-ALREADY-MATCHES,Lolita (remediation),2026-09-04,"the concept's own label already appears inside this phrase, so the entry adds no recall. If it names something narrower it should be a child concept, not a synonym",the label of CDI_19 'El Nino-Southern Oscillation' - not present as a synonym,no - not a synonym; the word is this concept's own label,decision_log.csv row for CDI_19,"NO - already matches the taxonomy, so it cannot be proposed"
farm worker,farm worker,REDUNDANT-LABEL-ALREADY-MATCHES,Lolita (remediation),2026-09-04,"the concept's own label already appears inside this phrase, so the entry adds no recall. If it names something narrower it should be a child concept, not a synonym",absent,"no - absent, as excluded",decision_log.csv row for STK_067,"YES - absent, so the pipeline could still propose it"
farmed fish species,farmed fish specie,REDUNDANT-LABEL-ALREADY-MATCHES,Lolita (remediation),2026-09-04,"the concept's own label already appears inside this phrase, so the entry adds no recall. If it names something narrower it should be a child concept, not a synonym",absent,"no - absent, as excluded",decision_log.csv row for SYS_103,"YES - absent, so the pipeline could still propose it"
farmer cooperative,farmer cooperative,REDUNDANT-LABEL-ALREADY-MATCHES,Lolita (remediation),2026-09-04,"the concept's own label already appears inside this phrase, so the entry adds no recall. If it names something narrower it should be a child concept, not a synonym",absent,"no - absent, as excluded",decision_log.csv row for STK_044,"YES - absent, so the pipeline could still propose it"
farmer field schools,farmer field school,REDUNDANT-LABEL-ALREADY-MATCHES,Lolita (remediation),2026-09-04,"the concept's own label already appears inside this phrase, so the entry adds no recall. If it names something narrower it should be a child concept, not a synonym",the label of OUT_102 'Farmer field school' - not present as a synonym,no - not a synonym; the word is this concept's own label,decision_log.csv row for OUT_102,"NO - already matches the taxonomy, so it cannot be proposed"
farmer seed exchange,farmer seed exchange,REDUNDANT-LABEL-ALREADY-MATCHES,Lolita (remediation),2026-09-04,"the concept's own label already appears inside this phrase, so the entry adds no recall. If it names something narrower it should be a child concept, not a synonym",absent,"no - absent, as excluded",decision_log.csv row for INT_268,"YES - absent, so the pipeline could still propose it"
farmer-to-farmer seed exchange,farmer to farmer seed exchange,REDUNDANT-LABEL-ALREADY-MATCHES,Lolita (remediation),2026-09-04,"the concept's own label already appears inside this phrase, so the entry adds no recall. If it names something narrower it should be a child concept, not a synonym",absent,"no - absent, as excluded",decision_log.csv row for INT_268,"YES - absent, so the pipeline could still propose it"
farming practices,farming practice,REDUNDANT-LABEL-ALREADY-MATCHES,Lolita (remediation),2026-09-04,"the concept's own label already appears inside this phrase, so the entry adds no recall. If it names something narrower it should be a child concept, not a synonym",the label of INT_319 'Farming practice' - not present as a synonym,no - not a synonym; the word is this concept's own label,decision_log.csv row for INT_319,"NO - already matches the taxonomy, so it cannot be proposed"
feed and forage management,feed and forage management,REDUNDANT-LABEL-ALREADY-MATCHES,Lolita (remediation),2026-09-04,"the concept's own label already appears inside this phrase, so the entry adds no recall. If it names something narrower it should be a child concept, not a synonym",absent,"no - absent, as excluded",decision_log.csv row for INT_049,"YES - absent, so the pipeline could still propose it"
fellowship programme,fellowship programme,REDUNDANT-LABEL-ALREADY-MATCHES,Lolita (remediation),2026-09-04,"the concept's own label already appears inside this phrase, so the entry adds no recall. If it names something narrower it should be a child concept, not a synonym",absent,"no - absent, as excluded",decision_log.csv row for INT_153,"YES - absent, so the pipeline could still propose it"
fire weather,fire weather,REDUNDANT-LABEL-ALREADY-MATCHES,Lolita (remediation),2026-09-04,"the concept's own label already appears inside this phrase, so the entry adds no recall. If it names something narrower it should be a child concept, not a synonym",the label of CRK_158 'Fire-weather' - not present as a synonym,no - not a synonym; the word is this concept's own label,decision_log.csv row for CRK_158,"NO - already matches the taxonomy, so it cannot be proposed"
food loss and waste reduction,food los and waste reduction,REDUNDANT-LABEL-ALREADY-MATCHES,Lolita (remediation),2026-09-04,"the concept's own label already appears inside this phrase, so the entry adds no recall. If it names something narrower it should be a child concept, not a synonym",absent,"no - absent, as excluded",decision_log.csv row for INT_089,"YES - absent, so the pipeline could still propose it"
food system worker,food system worker,REDUNDANT-LABEL-ALREADY-MATCHES,Lolita (remediation),2026-09-04,"the concept's own label already appears inside this phrase, so the entry adds no recall. If it names something narrower it should be a child concept, not a synonym",absent,"no - absent, as excluded",decision_log.csv row for STK_067,"YES - absent, so the pipeline could still propose it"
forage management,forage management,REDUNDANT-LABEL-ALREADY-MATCHES,Lolita (remediation),2026-09-04,"the concept's own label already appears inside this phrase, so the entry adds no recall. If it names something narrower it should be a child concept, not a synonym",the label of INT_049 'Forage management' - not present as a synonym,no - not a synonym; the word is this concept's own label,decision_log.csv row for INT_049,"NO - already matches the taxonomy, so it cannot be proposed"
forest system,forest system,REDUNDANT-LABEL-ALREADY-MATCHES,Lolita (remediation),2026-09-04,"the concept's own label already appears inside this phrase, so the entry adds no recall. If it names something narrower it should be a child concept, not a synonym",absent,"no - absent, as excluded",decision_log.csv row for SYS_040,"YES - absent, so the pipeline could still propose it"
fruit crop,fruit crop,REDUNDANT-LABEL-ALREADY-MATCHES,Lolita (remediation),2026-09-04,"the concept's own label already appears inside this phrase, so the entry adds no recall. If it names something narrower it should be a child concept, not a synonym",absent,"no - absent, as excluded",decision_log.csv row for SYS_013,"YES - absent, so the pipeline could still propose it"
gender-transformative adaptation,gender transformative adaptation,REDUNDANT-LABEL-ALREADY-MATCHES,Lolita (remediation),2026-09-04,"the concept's own label already appears inside this phrase, so the entry adds no recall. If it names something narrower it should be a child concept, not a synonym",absent,"no - absent, as excluded",decision_log.csv row for CCC_30,"YES - absent, so the pipeline could still propose it"
gender transformative approach,gender transformative approach,REDUNDANT-LABEL-ALREADY-MATCHES,Lolita (remediation),2026-09-04,"the concept's own label already appears inside this phrase, so the entry adds no recall. If it names something narrower it should be a child concept, not a synonym",absent,"no - absent, as excluded",decision_log.csv row for CCC_30,"YES - absent, so the pipeline could still propose it"
good agricultural practices,good agricultural practice,REDUNDANT-LABEL-ALREADY-MATCHES,Lolita (remediation),2026-09-04,"the concept's own label already appears inside this phrase, so the entry adds no recall. If it names something narrower it should be a child concept, not a synonym",the label of INT_321 'Good agricultural practice' - not present as a synonym,no - not a synonym; the word is this concept's own label,decision_log.csv row for INT_321,"NO - already matches the taxonomy, so it cannot be proposed"
Green Climate Fund,green climate fund,REDUNDANT-LABEL-ALREADY-MATCHES,Lolita (remediation),2026-09-04,"the concept's own label already appears inside this phrase, so the entry adds no recall. If it names something narrower it should be a child concept, not a synonym",absent,"no - absent, as excluded",decision_log.csv row for STK_049,"YES - absent, so the pipeline could still propose it"
healthy diet promotion,healthy diet promotion,REDUNDANT-LABEL-ALREADY-MATCHES,Lolita (remediation),2026-09-04,"the concept's own label already appears inside this phrase, so the entry adds no recall. If it names something narrower it should be a child concept, not a synonym",absent,"no - absent, as excluded",decision_log.csv row for INT_192,"YES - absent, so the pipeline could still propose it"
highland area,highland area,REDUNDANT-LABEL-ALREADY-MATCHES,Lolita (remediation),2026-09-04,"the concept's own label already appears inside this phrase, so the entry adds no recall. If it names something narrower it should be a child concept, not a synonym",absent,"no - absent, as excluded",decision_log.csv row for SYS_082,"YES - absent, so the pipeline could still propose it"
horticultural crop,horticultural crop,REDUNDANT-LABEL-ALREADY-MATCHES,Lolita (remediation),2026-09-04,"the concept's own label already appears inside this phrase, so the entry adds no recall. If it names something narrower it should be a child concept, not a synonym",the label of SYS_011 'Horticultural crop' - not present as a synonym,no - not a synonym; the word is this concept's own label,decision_log.csv row for SYS_011,"NO - already matches the taxonomy, so it cannot be proposed"
human wellbeing,human wellbeing,REDUNDANT-LABEL-ALREADY-MATCHES,Lolita (remediation),2026-09-04,"the concept's own label already appears inside this phrase, so the entry adds no recall. If it names something narrower it should be a child concept, not a synonym",absent,"no - absent, as excluded",decision_log.csv row for OTC_096,"YES - absent, so the pipeline could still propose it"
Income generation,income generation,REDUNDANT-LABEL-ALREADY-MATCHES,Lolita (remediation),2026-09-04,"the concept's own label already appears inside this phrase, so the entry adds no recall. If it names something narrower it should be a child concept, not a synonym",absent,"no - absent, as excluded",decision_log.csv row for OTC_005,"YES - absent, so the pipeline could still propose it"
indigenous knowledge integration,indigenou knowledge integration,REDUNDANT-LABEL-ALREADY-MATCHES,Lolita (remediation),2026-09-04,"the concept's own label already appears inside this phrase, so the entry adds no recall. If it names something narrower it should be a child concept, not a synonym",absent,"no - absent, as excluded",decision_log.csv row for INT_161,"YES - absent, so the pipeline could still propose it"
Indigenous Peoples engagement,indigenou people engagement,REDUNDANT-LABEL-ALREADY-MATCHES,Lolita (remediation),2026-09-04,"the concept's own label already appears inside this phrase, so the entry adds no recall. If it names something narrower it should be a child concept, not a synonym",absent,"no - absent, as excluded",decision_log.csv row for STK_065,"YES - absent, so the pipeline could still propose it"
institutional coordination,institutional coordination,REDUNDANT-LABEL-ALREADY-MATCHES,Lolita (remediation),2026-09-04,"the concept's own label already appears inside this phrase, so the entry adds no recall. If it names something narrower it should be a child concept, not a synonym",absent,"no - absent, as excluded",decision_log.csv row for OTC_044,"YES - absent, so the pipeline could still propose it"
insurance scheme,insurance scheme,REDUNDANT-LABEL-ALREADY-MATCHES,Lolita (remediation),2026-09-04,"the concept's own label already appears inside this phrase, so the entry adds no recall. If it names something narrower it should be a child concept, not a synonym",absent,"no - absent, as excluded",decision_log.csv row for INT_306,"YES - absent, so the pipeline could still propose it"
integrated landscape management,integrated landscape management,REDUNDANT-LABEL-ALREADY-MATCHES,Lolita (remediation),2026-09-04,"the concept's own label already appears inside this phrase, so the entry adds no recall. If it names something narrower it should be a child concept, not a synonym",absent,"no - absent, as excluded",decision_log.csv row for INT_059,"YES - absent, so the pipeline could still propose it"
investment concept note,investment concept note,REDUNDANT-LABEL-ALREADY-MATCHES,Lolita (remediation),2026-09-04,"the concept's own label already appears inside this phrase, so the entry adds no recall. If it names something narrower it should be a child concept, not a synonym",absent,"no - absent, as excluded",decision_log.csv row for OUT_050,"YES - absent, so the pipeline could still propose it"
irrigation water management,irrigation water management,REDUNDANT-LABEL-ALREADY-MATCHES,Lolita (remediation),2026-09-04,"the concept's own label already appears inside this phrase, so the entry adds no recall. If it names something narrower it should be a child concept, not a synonym",absent,"no - absent, as excluded",decision_log.csv row for INT_039,"YES - absent, so the pipeline could still propose it"
local knowledge integration,local knowledge integration,REDUNDANT-LABEL-ALREADY-MATCHES,Lolita (remediation),2026-09-04,"the concept's own label already appears inside this phrase, so the entry adds no recall. If it names something narrower it should be a child concept, not a synonym",absent,"no - absent, as excluded",decision_log.csv row for INT_161,"YES - absent, so the pipeline could still propose it"
local supply chain,local supply chain,REDUNDANT-LABEL-ALREADY-MATCHES,Lolita (remediation),2026-09-04,"the concept's own label already appears inside this phrase, so the entry adds no recall. If it names something narrower it should be a child concept, not a synonym",absent,"no - absent, as excluded",decision_log.csv row for SYS_113,"YES - absent, so the pipeline could still propose it"
mechanised direct seeding,mechanised direct seeding,REDUNDANT-LABEL-ALREADY-MATCHES,Lolita (remediation),2026-09-04,"the concept's own label already appears inside this phrase, so the entry adds no recall. If it names something narrower it should be a child concept, not a synonym",absent,"no - absent, as excluded",decision_log.csv row for INT_266,"YES - absent, so the pipeline could still propose it"
mechanized direct seeding,mechanized direct seeding,REDUNDANT-LABEL-ALREADY-MATCHES,Lolita (remediation),2026-09-04,"the concept's own label already appears inside this phrase, so the entry adds no recall. If it names something narrower it should be a child concept, not a synonym",absent,"no - absent, as excluded",decision_log.csv row for INT_266,"YES - absent, so the pipeline could still propose it"
migration intervention,migration intervention,REDUNDANT-LABEL-ALREADY-MATCHES,Lolita (remediation),2026-09-04,"the concept's own label already appears inside this phrase, so the entry adds no recall. If it names something narrower it should be a child concept, not a synonym",absent,"no - absent, as excluded",decision_log.csv row for INT_194,"YES - absent, so the pipeline could still propose it"
mountain system,mountain system,REDUNDANT-LABEL-ALREADY-MATCHES,Lolita (remediation),2026-09-04,"the concept's own label already appears inside this phrase, so the entry adds no recall. If it names something narrower it should be a child concept, not a synonym",absent,"no - absent, as excluded",decision_log.csv row for SYS_051,"YES - absent, so the pipeline could still propose it"
national statistics office,national statistic office,REDUNDANT-LABEL-ALREADY-MATCHES,Lolita (remediation),2026-09-04,"the concept's own label already appears inside this phrase, so the entry adds no recall. If it names something narrower it should be a child concept, not a synonym",absent,"no - absent, as excluded",decision_log.csv row for STK_027,"YES - absent, so the pipeline could still propose it"
nitrogen-use efficiency,nitrogen use efficiency,REDUNDANT-LABEL-ALREADY-MATCHES,Lolita (remediation),2026-09-04,"the concept's own label already appears inside this phrase, so the entry adds no recall. If it names something narrower it should be a child concept, not a synonym",the label of OTC_112 'Nitrogen use efficiency' - not present as a synonym,no - not a synonym; the word is this concept's own label,decision_log.csv row for OTC_112,"NO - already matches the taxonomy, so it cannot be proposed"
nutritional biofortification,nutritional biofortification,REDUNDANT-LABEL-ALREADY-MATCHES,Lolita (remediation),2026-09-04,"the concept's own label already appears inside this phrase, so the entry adds no recall. If it names something narrower it should be a child concept, not a synonym",absent,"no - absent, as excluded",decision_log.csv row for INT_035,"YES - absent, so the pipeline could still propose it"
oilseed crop,oilseed crop,REDUNDANT-LABEL-ALREADY-MATCHES,Lolita (remediation),2026-09-04,"the concept's own label already appears inside this phrase, so the entry adds no recall. If it names something narrower it should be a child concept, not a synonym",absent,"no - absent, as excluded",decision_log.csv row for SYS_014,"YES - absent, so the pipeline could still propose it"
olive tree,olive tree,REDUNDANT-LABEL-ALREADY-MATCHES,Lolita (remediation),2026-09-04,"the concept's own label already appears inside this phrase, so the entry adds no recall. If it names something narrower it should be a child concept, not a synonym",absent,"no - absent, as excluded",decision_log.csv row for SYS_101,"YES - absent, so the pipeline could still propose it"
on farm trial,on farm trial,REDUNDANT-LABEL-ALREADY-MATCHES,Lolita (remediation),2026-09-04,"the concept's own label already appears inside this phrase, so the entry adds no recall. If it names something narrower it should be a child concept, not a synonym",the label of INT_316 'On-farm trial' - not present as a synonym,no - not a synonym; the word is this concept's own label,decision_log.csv row for INT_316,"NO - already matches the taxonomy, so it cannot be proposed"
orange-fleshed sweet potato,orange fleshed sweet potato,REDUNDANT-LABEL-ALREADY-MATCHES,Lolita (remediation),2026-09-04,"the concept's own label already appears inside this phrase, so the entry adds no recall. If it names something narrower it should be a child concept, not a synonym",absent,"no - absent, as excluded",decision_log.csv row for SYS_094,"YES - absent, so the pipeline could still propose it"
Participatory rangeland management,participatory rangeland management,REDUNDANT-LABEL-ALREADY-MATCHES,Lolita (remediation),2026-09-04,"the concept's own label already appears inside this phrase, so the entry adds no recall. If it names something narrower it should be a child concept, not a synonym",absent,"no - absent, as excluded",decision_log.csv row for INT_228,"YES - absent, so the pipeline could still propose it"
physical water scarcity,physical water scarcity,REDUNDANT-LABEL-ALREADY-MATCHES,Lolita (remediation),2026-09-04,"the concept's own label already appears inside this phrase, so the entry adds no recall. If it names something narrower it should be a child concept, not a synonym",absent,"no - absent, as excluded",decision_log.csv row for CRK_169,"YES - absent, so the pipeline could still propose it"
pilot project,pilot project,REDUNDANT-LABEL-ALREADY-MATCHES,Lolita (remediation),2026-09-04,"the concept's own label already appears inside this phrase, so the entry adds no recall. If it names something narrower it should be a child concept, not a synonym",absent,"no - absent, as excluded",decision_log.csv row for INT_318,"YES - absent, so the pipeline could still propose it"
plant breeding,plant breeding,REDUNDANT-LABEL-ALREADY-MATCHES,Lolita (remediation),2026-09-04,"the concept's own label already appears inside this phrase, so the entry adds no recall. If it names something narrower it should be a child concept, not a synonym",absent,"no - absent, as excluded",decision_log.csv row for INT_002,"YES - absent, so the pipeline could still propose it"
plant genetic resources policy,plant genetic resource policy,REDUNDANT-LABEL-ALREADY-MATCHES,Lolita (remediation),2026-09-04,"the concept's own label already appears inside this phrase, so the entry adds no recall. If it names something narrower it should be a child concept, not a synonym",absent,"no - absent, as excluded",decision_log.csv row for INT_021,"YES - absent, so the pipeline could still propose it"
poultry flock,poultry flock,REDUNDANT-LABEL-ALREADY-MATCHES,Lolita (remediation),2026-09-04,"the concept's own label already appears inside this phrase, so the entry adds no recall. If it names something narrower it should be a child concept, not a synonym",absent,"no - absent, as excluded",decision_log.csv row for SYS_023,"YES - absent, so the pipeline could still propose it"
recirculating aquaculture system,recirculating aquaculture system,REDUNDANT-LABEL-ALREADY-MATCHES,Lolita (remediation),2026-09-04,"the concept's own label already appears inside this phrase, so the entry adds no recall. If it names something narrower it should be a child concept, not a synonym",absent,"no - absent, as excluded",decision_log.csv row for SYS_035,"YES - absent, so the pipeline could still propose it"
renewable energy in agriculture,renewable energy in agriculture,REDUNDANT-LABEL-ALREADY-MATCHES,Lolita (remediation),2026-09-04,"the concept's own label already appears inside this phrase, so the entry adds no recall. If it names something narrower it should be a child concept, not a synonym",absent,"no - absent, as excluded",decision_log.csv row for INT_248,"YES - absent, so the pipeline could still propose it"
research and evidence synthesis,research and evidence synthesi,REDUNDANT-LABEL-ALREADY-MATCHES,Lolita (remediation),2026-09-04,"the concept's own label already appears inside this phrase, so the entry adds no recall. If it names something narrower it should be a child concept, not a synonym",absent,"no - absent, as excluded",decision_log.csv row for INT_181,"YES - absent, so the pipeline could still propose it"
Rice water management,rice water management,REDUNDANT-LABEL-ALREADY-MATCHES,Lolita (remediation),2026-09-04,"the concept's own label already appears inside this phrase, so the entry adds no recall. If it names something narrower it should be a child concept, not a synonym",absent,"no - absent, as excluded",decision_log.csv row for INT_038,"YES - absent, so the pipeline could still propose it"
river delta,river delta,REDUNDANT-LABEL-ALREADY-MATCHES,Lolita (remediation),2026-09-04,"the concept's own label already appears inside this phrase, so the entry adds no recall. If it names something narrower it should be a child concept, not a synonym",absent,"no - absent, as excluded",decision_log.csv row for SYS_081,"YES - absent, so the pipeline could still propose it"
scaling up,scaling up,REDUNDANT-LABEL-ALREADY-MATCHES,Lolita (remediation),2026-09-04,"the concept's own label already appears inside this phrase, so the entry adds no recall. If it names something narrower it should be a child concept, not a synonym",absent,"no - absent, as excluded",decision_log.csv row for INT_166,"YES - absent, so the pipeline could still propose it"
scholarship programme,scholarship programme,REDUNDANT-LABEL-ALREADY-MATCHES,Lolita (remediation),2026-09-04,"the concept's own label already appears inside this phrase, so the entry adds no recall. If it names something narrower it should be a child concept, not a synonym",absent,"no - absent, as excluded",decision_log.csv row for INT_223,"YES - absent, so the pipeline could still propose it"
sea level rise,sea level rise,REDUNDANT-LABEL-ALREADY-MATCHES,Lolita (remediation),2026-09-04,"the concept's own label already appears inside this phrase, so the entry adds no recall. If it names something narrower it should be a child concept, not a synonym",the label of CRK_127 'Sea-level rise' - not present as a synonym,no - not a synonym; the word is this concept's own label,decision_log.csv row for CRK_127,"NO - already matches the taxonomy, so it cannot be proposed"
seasonal bulletin,seasonal bulletin,REDUNDANT-LABEL-ALREADY-MATCHES,Lolita (remediation),2026-09-04,"the concept's own label already appears inside this phrase, so the entry adds no recall. If it names something narrower it should be a child concept, not a synonym",absent,"no - absent, as excluded",decision_log.csv row for OUT_029,"YES - absent, so the pipeline could still propose it"
Seed safety duplication,seed safety duplication,REDUNDANT-LABEL-ALREADY-MATCHES,Lolita (remediation),2026-09-04,"the concept's own label already appears inside this phrase, so the entry adds no recall. If it names something narrower it should be a child concept, not a synonym",absent,"no - absent, as excluded",decision_log.csv row for INT_013,"YES - absent, so the pipeline could still propose it"
Seed variety,seed variety,REDUNDANT-LABEL-ALREADY-MATCHES,Lolita (remediation),2026-09-04,"the concept's own label already appears inside this phrase, so the entry adds no recall. If it names something narrower it should be a child concept, not a synonym",absent,"no - absent, as excluded",decision_log.csv row for OUT_002,"YES - absent, so the pipeline could still propose it"
severe storm,severe storm,REDUNDANT-LABEL-ALREADY-MATCHES,Lolita (remediation),2026-09-04,"the concept's own label already appears inside this phrase, so the entry adds no recall. If it names something narrower it should be a child concept, not a synonym",absent,"no - absent, as excluded",decision_log.csv row for CRK_113,"YES - absent, so the pipeline could still propose it"
simulation model,simulation model,REDUNDANT-LABEL-ALREADY-MATCHES,Lolita (remediation),2026-09-04,"the concept's own label already appears inside this phrase, so the entry adds no recall. If it names something narrower it should be a child concept, not a synonym",absent,"no - absent, as excluded",decision_log.csv row for OUT_012,"YES - absent, so the pipeline could still propose it"
Soil salinity tolerance,soil salinity tolerance,REDUNDANT-LABEL-ALREADY-MATCHES,Lolita (remediation),2026-09-04,"the concept's own label already appears inside this phrase, so the entry adds no recall. If it names something narrower it should be a child concept, not a synonym",absent,"no - absent, as excluded",decision_log.csv row for TRT_04,"YES - absent, so the pipeline could still propose it"
staff secondment,staff secondment,REDUNDANT-LABEL-ALREADY-MATCHES,Lolita (remediation),2026-09-04,"the concept's own label already appears inside this phrase, so the entry adds no recall. If it names something narrower it should be a child concept, not a synonym",absent,"no - absent, as excluded",decision_log.csv row for INT_224,"YES - absent, so the pipeline could still propose it"
standard protocol,standard protocol,REDUNDANT-LABEL-ALREADY-MATCHES,Lolita (remediation),2026-09-04,"the concept's own label already appears inside this phrase, so the entry adds no recall. If it names something narrower it should be a child concept, not a synonym",absent,"no - absent, as excluded",decision_log.csv row for OUT_014,"YES - absent, so the pipeline could still propose it"
strategic partnership,strategic partnership,REDUNDANT-LABEL-ALREADY-MATCHES,Lolita (remediation),2026-09-04,"the concept's own label already appears inside this phrase, so the entry adds no recall. If it names something narrower it should be a child concept, not a synonym",absent,"no - absent, as excluded",decision_log.csv row for OUT_052,"YES - absent, so the pipeline could still propose it"
stress-tolerant variety,stres tolerant variety,REDUNDANT-LABEL-ALREADY-MATCHES,Lolita (remediation),2026-09-04,"the concept's own label already appears inside this phrase, so the entry adds no recall. If it names something narrower it should be a child concept, not a synonym",absent,"no - absent, as excluded",decision_log.csv row for OUT_002,"YES - absent, so the pipeline could still propose it"
sustainable energy management,sustainable energy management,REDUNDANT-LABEL-ALREADY-MATCHES,Lolita (remediation),2026-09-04,"the concept's own label already appears inside this phrase, so the entry adds no recall. If it names something narrower it should be a child concept, not a synonym",absent,"no - absent, as excluded",decision_log.csv row for INT_247,"YES - absent, so the pipeline could still propose it"
technical report,technical report,REDUNDANT-LABEL-ALREADY-MATCHES,Lolita (remediation),2026-09-04,"the concept's own label already appears inside this phrase, so the entry adds no recall. If it names something narrower it should be a child concept, not a synonym",absent,"no - absent, as excluded",decision_log.csv row for OUT_026,"YES - absent, so the pipeline could still propose it"
temperature extremes,temperature extreme,REDUNDANT-LABEL-ALREADY-MATCHES,Lolita (remediation),2026-09-04,"the concept's own label already appears inside this phrase, so the entry adds no recall. If it names something narrower it should be a child concept, not a synonym",the label of CRK_162 'Temperature extreme' - not present as a synonym,no - not a synonym; the word is this concept's own label,decision_log.csv row for CRK_162,"NO - already matches the taxonomy, so it cannot be proposed"
thematic map,thematic map,REDUNDANT-LABEL-ALREADY-MATCHES,Lolita (remediation),2026-09-04,"the concept's own label already appears inside this phrase, so the entry adds no recall. If it names something narrower it should be a child concept, not a synonym",absent,"no - absent, as excluded",decision_log.csv row for OUT_087,"YES - absent, so the pipeline could still propose it"
training delivery,training delivery,REDUNDANT-LABEL-ALREADY-MATCHES,Lolita (remediation),2026-09-04,"the concept's own label already appears inside this phrase, so the entry adds no recall. If it names something narrower it should be a child concept, not a synonym",absent,"no - absent, as excluded",decision_log.csv row for INT_150,"YES - absent, so the pipeline could still propose it"
training-of-trainers,training of trainer,REDUNDANT-LABEL-ALREADY-MATCHES,Lolita (remediation),2026-09-04,"the concept's own label already appears inside this phrase, so the entry adds no recall. If it names something narrower it should be a child concept, not a synonym",the label of INT_309 'Training of trainers' - not present as a synonym,no - not a synonym; the word is this concept's own label,decision_log.csv row for INT_309,"NO - already matches the taxonomy, so it cannot be proposed"
training provision,training provision,REDUNDANT-LABEL-ALREADY-MATCHES,Lolita (remediation),2026-09-04,"the concept's own label already appears inside this phrase, so the entry adds no recall. If it names something narrower it should be a child concept, not a synonym",absent,"no - absent, as excluded",decision_log.csv row for INT_150,"YES - absent, so the pipeline could still propose it"
true cost accounting,true cost accounting,REDUNDANT-LABEL-ALREADY-MATCHES,Lolita (remediation),2026-09-04,"the concept's own label already appears inside this phrase, so the entry adds no recall. If it names something narrower it should be a child concept, not a synonym",the label of INT_186 'True-cost accounting' - not present as a synonym,no - not a synonym; the word is this concept's own label,decision_log.csv row for INT_186,"NO - already matches the taxonomy, so it cannot be proposed"
vegetable crop,vegetable crop,REDUNDANT-LABEL-ALREADY-MATCHES,Lolita (remediation),2026-09-04,"the concept's own label already appears inside this phrase, so the entry adds no recall. If it names something narrower it should be a child concept, not a synonym",absent,"no - absent, as excluded",decision_log.csv row for SYS_012,"YES - absent, so the pipeline could still propose it"
Vegetable production,vegetable production,REDUNDANT-LABEL-ALREADY-MATCHES,Lolita (remediation),2026-09-04,"the concept's own label already appears inside this phrase, so the entry adds no recall. If it names something narrower it should be a child concept, not a synonym",absent,"no - absent, as excluded",decision_log.csv row for SYS_012,"YES - absent, so the pipeline could still propose it"
voluntary standard,voluntary standard,REDUNDANT-LABEL-ALREADY-MATCHES,Lolita (remediation),2026-09-04,"the concept's own label already appears inside this phrase, so the entry adds no recall. If it names something narrower it should be a child concept, not a synonym",absent,"no - absent, as excluded",decision_log.csv row for OUT_082,"YES - absent, so the pipeline could still propose it"
water-use efficiency,water use efficiency,REDUNDANT-LABEL-ALREADY-MATCHES,Lolita (remediation),2026-09-04,"the concept's own label already appears inside this phrase, so the entry adds no recall. If it names something narrower it should be a child concept, not a synonym",the label of OTC_113 'Water use efficiency' - not present as a synonym,no - not a synonym; the word is this concept's own label,decision_log.csv row for OTC_113,"NO - already matches the taxonomy, so it cannot be proposed"
wet-season,wet season,REDUNDANT-LABEL-ALREADY-MATCHES,Lolita (remediation),2026-09-04,"the concept's own label already appears inside this phrase, so the entry adds no recall. If it names something narrower it should be a child concept, not a synonym",the label of CDI_17 'Wet season' - not present as a synonym,no - not a synonym; the word is this concept's own label,decision_log.csv row for CDI_17,"NO - already matches the taxonomy, so it cannot be proposed"
women in agriculture,women in agriculture,REDUNDANT-LABEL-ALREADY-MATCHES,Lolita (remediation),2026-09-04,"the concept's own label already appears inside this phrase, so the entry adds no recall. If it names something narrower it should be a child concept, not a synonym",absent,"no - absent, as excluded",decision_log.csv row for STK_010,"YES - absent, so the pipeline could still propose it"
worker on farm,worker on farm,REDUNDANT-LABEL-ALREADY-MATCHES,Lolita (remediation),2026-09-04,"the concept's own label already appears inside this phrase, so the entry adds no recall. If it names something narrower it should be a child concept, not a synonym",absent,"no - absent, as excluded",decision_log.csv row for STK_067,"YES - absent, so the pipeline could still propose it"
Adaptive,adaptive,PARKED-REVISIT,taxonomy review,2026-09-03,"v5 cleanup: lone adjective, would over-fire",absent,"no - absent, as excluded",synonym_review_UPDATED.xlsx,"YES - absent, so the pipeline could still propose it"
Aerosol emissions,aerosol emission,PARKED-REVISIT,taxonomy review,2026-09-03,v5 cleanup: aerosols are not greenhouse gases,absent,"no - absent, as excluded",synonym_review_UPDATED.xlsx,"YES - absent, so the pipeline could still propose it"
Agricultural intensification,agricultural intensification,PARKED-REVISIT,taxonomy review,2026-09-03,v5 cleanup: intensification is not necessarily sustainable intensification,absent,"no - absent, as excluded",synonym_review_UPDATED.xlsx,"YES - absent, so the pipeline could still propose it"
Article,article,PARKED-REVISIT,taxonomy review,2026-09-03,v5 cleanup: generic word (clashes with Article 6),absent,"no - absent, as excluded",synonym_review_UPDATED.xlsx,"YES - absent, so the pipeline could still propose it"
Bioeconomy,bioeconomy,PARKED-REVISIT,taxonomy review,2026-09-03,"v5 cleanup: related to, not a synonym of, circular economy",absent,"no - absent, as excluded",synonym_review_UPDATED.xlsx,"YES - absent, so the pipeline could still propose it"
Brief,brief,PARKED-REVISIT,taxonomy review,2026-09-03,v5 cleanup: too generic,absent,"no - absent, as excluded",synonym_review_UPDATED.xlsx,"YES - absent, so the pipeline could still propose it"
Business accelerator,busines accelerator,PARKED-REVISIT,taxonomy review,2026-09-03,v5 cleanup: not a synonym of Private sector; candidate concept for later,absent,"no - absent, as excluded",synonym_review_UPDATED.xlsx,"YES - absent, so the pipeline could still propose it"
Business incubator,busines incubator,PARKED-REVISIT,taxonomy review,2026-09-03,v5 cleanup: not a synonym of Private sector; candidate concept for later,absent,"no - absent, as excluded",synonym_review_UPDATED.xlsx,"YES - absent, so the pipeline could still propose it"
Carbon,carbon,PARKED-REVISIT,taxonomy review,2026-09-03,"v5 cleanup: too generic (carbon market, carbon accounting...)",absent,"no - absent, as excluded",synonym_review_UPDATED.xlsx,"YES - absent, so the pipeline could still propose it"
Climate data integration system,climate data integration system,PARKED-REVISIT,taxonomy review,2026-09-03,v5 cleanup: no clear target concept; later,absent,"no - absent, as excluded",synonym_review_UPDATED.xlsx,"YES - absent, so the pipeline could still propose it"
Coastal erosion,coastal erosion,PARKED-REVISIT,taxonomy review,2026-09-03,Andreea 2026-09: 'remove for now',absent,"no - absent, as excluded",synonym_review_UPDATED.xlsx,"YES - absent, so the pipeline could still propose it"
Coastal hazard,coastal hazard,PARKED-REVISIT,taxonomy review,2026-09-03,Andreea 2026-09: 'remove for now',absent,"no - absent, as excluded",synonym_review_UPDATED.xlsx,"YES - absent, so the pipeline could still propose it"
Coastal protection,coastal protection,PARKED-REVISIT,taxonomy review,2026-09-03,Andreea 2026-09: 'remove for now',absent,"no - absent, as excluded",synonym_review_UPDATED.xlsx,"YES - absent, so the pipeline could still propose it"
Coping,coping,PARKED-REVISIT,taxonomy review,2026-09-03,"v5 cleanup: lone word, too generic",absent,"no - absent, as excluded",synonym_review_UPDATED.xlsx,"YES - absent, so the pipeline could still propose it"
Credit risk scoring tool,credit risk scoring tool,PARKED-REVISIT,taxonomy review,2026-09-03,v5 cleanup: no clear target concept; later,absent,"no - absent, as excluded",synonym_review_UPDATED.xlsx,"YES - absent, so the pipeline could still propose it"
Crop water stress index,crop water stres index,PARKED-REVISIT,taxonomy review,2026-09-03,Andreea 2026-09: 'remove for now',absent,"no - absent, as excluded",synonym_review_UPDATED.xlsx,"YES - absent, so the pipeline could still propose it"
Cropping,cropping,PARKED-REVISIT,taxonomy review,2026-09-03,"v5 cleanup: lone word, too generic",absent,"no - absent, as excluded",synonym_review_UPDATED.xlsx,"YES - absent, so the pipeline could still propose it"
Disease,disease,PARKED-REVISIT,taxonomy review,2026-09-03,v5 cleanup: too generic (fires inside disease resistance),absent,"no - absent, as excluded",synonym_review_UPDATED.xlsx,"YES - absent, so the pipeline could still propose it"
Drying,drying,PARKED-REVISIT,taxonomy review,2026-09-03,"v5 cleanup: post-harvest processing, NOT drought",absent,"no - absent, as excluded",synonym_review_UPDATED.xlsx,"YES - absent, so the pipeline could still propose it"
Ecosystem,ecosystem,PARKED-REVISIT,Lolita (remediation),2026-09-04,"over-broad single word: bare ""ecosystem"" matches ecosystem services, ecosystem restoration and ecosystem-based adaptation, all distinct concepts here",absent,"no - absent, as excluded",parked_words.csv,"YES - absent, so the pipeline could still propose it"
Feed,feed,PARKED-REVISIT,taxonomy review,2026-09-03,"v5 cleanup: lone word, too generic",absent,"no - absent, as excluded",synonym_review_UPDATED.xlsx,"YES - absent, so the pipeline could still propose it"
Gender-responsive,gender responsive,PARKED-REVISIT,taxonomy review,2026-09-03,v5 cleanup: lone adjective; would wrongly imply the adaptation concept,absent,"no - absent, as excluded",synonym_review_UPDATED.xlsx,"YES - absent, so the pipeline could still propose it"
Genomics,genomic,PARKED-REVISIT,taxonomy review,2026-09-03,v5 cleanup: broader than genomic selection,absent,"no - absent, as excluded",synonym_review_UPDATED.xlsx,"YES - absent, so the pipeline could still propose it"
Knowledge dissemination,knowledge dissemination,PARKED-REVISIT,taxonomy review,2026-09-03,"v5 cleanup: activity, not the Knowledge outcome",absent,"no - absent, as excluded",synonym_review_UPDATED.xlsx,"YES - absent, so the pipeline could still propose it"
Knowledge platform,knowledge platform,PARKED-REVISIT,taxonomy review,2026-09-03,"v5 cleanup: output artefact, not the Knowledge outcome",absent,"no - absent, as excluded",synonym_review_UPDATED.xlsx,"YES - absent, so the pipeline could still propose it"
Knowledge product,knowledge product,PARKED-REVISIT,taxonomy review,2026-09-03,"v5 cleanup: output artefact, not the Knowledge outcome",absent,"no - absent, as excluded",synonym_review_UPDATED.xlsx,"YES - absent, so the pipeline could still propose it"
Knowledge sharing,knowledge sharing,PARKED-REVISIT,taxonomy review,2026-09-03,"v5 cleanup: activity, not the Knowledge outcome",absent,"no - absent, as excluded",synonym_review_UPDATED.xlsx,"YES - absent, so the pipeline could still propose it"
Learning,learning,PARKED-REVISIT,taxonomy review,2026-09-03,v5 cleanup: far broader than training material,absent,"no - absent, as excluded",synonym_review_UPDATED.xlsx,"YES - absent, so the pipeline could still propose it"
Livestock,livestock,PARKED-REVISIT,Lolita (remediation),2026-09-04,"over-broad single word: bare ""livestock"" appears in every livestock document, and the file holds Livestock management, Livestock nutrition and Pastoral system separately",absent,"no - absent, as excluded",parked_words.csv,"YES - absent, so the pipeline could still propose it"
Mechanization,mechanization,PARKED-REVISIT,taxonomy review,2026-09-03,v5 cleanup: added as a CONCEPT instead (her to-add list),the label of INT_312 'Mechanization' - not present as a synonym,no - not a synonym; the word is this concept's own label,synonym_review_UPDATED.xlsx,"NO - already matches the taxonomy, so it cannot be proposed"
Monitoring,monitoring,PARKED-REVISIT,taxonomy review,2026-09-03,v5 cleanup: too generic for Adaptation tracking,absent,"no - absent, as excluded",synonym_review_UPDATED.xlsx,"YES - absent, so the pipeline could still propose it"
Monitoring system,monitoring system,PARKED-REVISIT,taxonomy review,2026-09-03,v5 cleanup: not an MRV synonym,absent,"no - absent, as excluded",synonym_review_UPDATED.xlsx,"YES - absent, so the pipeline could still propose it"
Nitrogen use,nitrogen use,PARKED-REVISIT,taxonomy review,2026-09-03,v5 cleanup: not nitrogen fixation,absent,"no - absent, as excluded",synonym_review_UPDATED.xlsx,"YES - absent, so the pipeline could still propose it"
nutrition,nutrition,PARKED-REVISIT,Lolita (remediation),2026-09-04,"over-broad single word: owner is a human-nutrition intervention; bare ""nutrition"" also matches INT_295 Livestock nutrition and nutritional-status outcomes",absent,"no - absent, as excluded",parked_words.csv,"YES - absent, so the pipeline could still propose it"
Pest,pest,PARKED-REVISIT,Lolita (remediation),2026-09-04,"over-broad single word: a hazard about climate-driven shifts in pest distribution; bare ""pest"" matches pest management, pest control and pest resistance - none of them this concept",absent,"no - absent, as excluded",parked_words.csv,"YES - absent, so the pipeline could still propose it"
Production environment,production environment,PARKED-REVISIT,taxonomy review,2026-09-03,v5 cleanup: not controlled-environment production,absent,"no - absent, as excluded",synonym_review_UPDATED.xlsx,"YES - absent, so the pipeline could still propose it"
Seed,seed,PARKED-REVISIT,taxonomy review,2026-09-03,v5 cleanup: far too generic,absent,"no - absent, as excluded",synonym_review_UPDATED.xlsx,"YES - absent, so the pipeline could still propose it"
site-specific management,site specific management,PARKED-REVISIT,Lolita (remediation),2026-09-04,"both-directions test fails: ""site-specific"" is a bare adjective that qualifies advisories, recommendations, nutrient management and breeding - it is not another name for precision agriculture, and it is broader than the concept. Flagged by Lolita.",absent,"no - absent, as excluded",parked_words.csv,"YES - absent, so the pipeline could still propose it"
strategy,strategy,PARKED-REVISIT,Lolita (remediation),2026-09-04,"over-broad single word: bare ""strategy"" is ubiquitous in programme text and rarely denotes a strategy document",absent,"no - absent, as excluded",parked_words.csv,"YES - absent, so the pipeline could still propose it"
Sustainable,sustainable,PARKED-REVISIT,taxonomy review,2026-09-03,v5 cleanup: lone adjective,absent,"no - absent, as excluded",synonym_review_UPDATED.xlsx,"YES - absent, so the pipeline could still propose it"
Temperature,temperature,PARKED-REVISIT,taxonomy review,2026-09-03,v5 cleanup: added as a CONCEPT instead (her cyan list),the label of CDI_13 'Temperature' - not present as a synonym,no - not a synonym; the word is this concept's own label,synonym_review_UPDATED.xlsx,"NO - already matches the taxonomy, so it cannot be proposed"
Adaptation finance index,adaptation finance index,NEVER-ADD-AS-SYNONYM,Andreea,2026-09-02,"on Andreea's do-not-include list, no exception noted",absent,"no - absent, as excluded",her diagnostics doc; audited in c3_exclusion_audit.csv,"YES - absent, so the pipeline could still propose it"
Agricultural,agricultural,NEVER-ADD-AS-SYNONYM,Andreea,2026-09-02,"on Andreea's do-not-include list, no exception noted",absent,"no - absent, as excluded",her diagnostics doc; audited in c3_exclusion_audit.csv,"YES - absent, so the pipeline could still propose it"
Agricultural input use,agricultural input use,NEVER-ADD-AS-SYNONYM,Andreea,2026-09-02,"on Andreea's do-not-include list, no exception noted",absent,"no - absent, as excluded",her diagnostics doc; audited in c3_exclusion_audit.csv,"YES - absent, so the pipeline could still propose it"
Agricultural resilience,agricultural resilience,NEVER-ADD-AS-SYNONYM,Andreea,2026-09-02,"on Andreea's do-not-include list, no exception noted",the label of OTC_123 'Agricultural resilience' - not present as a synonym,no - not a synonym; the word is this concept's own label,her diagnostics doc; audited in c3_exclusion_audit.csv,"NO - already matches the taxonomy, so it cannot be proposed"
Agriculture,agriculture,NEVER-ADD-AS-SYNONYM,Andreea,2026-09-02,"on Andreea's do-not-include list, no exception noted",absent,"no - absent, as excluded",her diagnostics doc; audited in c3_exclusion_audit.csv,"YES - absent, so the pipeline could still propose it"
Agro-climatic bulletin implementation,agro climatic bulletin implementation,NEVER-ADD-AS-SYNONYM,Andreea,2026-09-02,"on Andreea's do-not-include list, no exception noted",absent,"no - absent, as excluded",her diagnostics doc; audited in c3_exclusion_audit.csv,"YES - absent, so the pipeline could still propose it"
Agroecological method,agroecological method,NEVER-ADD-AS-SYNONYM,Andreea,2026-09-02,"on Andreea's do-not-include list, no exception noted",absent,"no - absent, as excluded",her diagnostics doc; audited in c3_exclusion_audit.csv,"YES - absent, so the pipeline could still propose it"
Agroecological principle,agroecological principle,NEVER-ADD-AS-SYNONYM,Andreea,2026-09-02,"on Andreea's do-not-include list, no exception noted",absent,"no - absent, as excluded",her diagnostics doc; audited in c3_exclusion_audit.csv,"YES - absent, so the pipeline could still propose it"
Agroecological stewardship,agroecological stewardship,NEVER-ADD-AS-SYNONYM,Andreea,2026-09-02,"on Andreea's do-not-include list, no exception noted",absent,"no - absent, as excluded",her diagnostics doc; audited in c3_exclusion_audit.csv,"YES - absent, so the pipeline could still propose it"
Agroecological zone,agroecological zone,NEVER-ADD-AS-SYNONYM,Andreea,2026-09-02,"on Andreea's do-not-include list, no exception noted",absent,"no - absent, as excluded",her diagnostics doc; audited in c3_exclusion_audit.csv,"YES - absent, so the pipeline could still propose it"
AI readiness,ai readines,NEVER-ADD-AS-SYNONYM,Andreea,2026-09-02,"on Andreea's do-not-include list, no exception noted",absent,"no - absent, as excluded",her diagnostics doc; audited in c3_exclusion_audit.csv,"YES - absent, so the pipeline could still propose it"
Aquaculture practice,aquaculture practice,NEVER-ADD-AS-SYNONYM,Andreea,2026-09-02,"on Andreea's do-not-include list, no exception noted",present as SYNONYM of INT_210,no - NOT-A-DEFECT: Andreea's own lists contradict (also instructed at docx i75),her diagnostics doc; audited in c3_exclusion_audit.csv,"NO - already matches the taxonomy, so it cannot be proposed"
Behavioral governance,behavioral governance,NEVER-ADD-AS-SYNONYM,Andreea,2026-09-02,"on Andreea's do-not-include list, no exception noted",absent,"no - absent, as excluded",her diagnostics doc; audited in c3_exclusion_audit.csv,"YES - absent, so the pipeline could still propose it"
Biofortified bean,biofortified bean,NEVER-ADD-AS-SYNONYM,Andreea,2026-09-02,"on Andreea's do-not-include list, no exception noted",absent,"no - absent, as excluded",her diagnostics doc; audited in c3_exclusion_audit.csv,"YES - absent, so the pipeline could still propose it"
Biological,biological,NEVER-ADD-AS-SYNONYM,Andreea,2026-09-02,"on Andreea's do-not-include list, no exception noted",absent,"no - absent, as excluded",her diagnostics doc; audited in c3_exclusion_audit.csv,"YES - absent, so the pipeline could still propose it"
Breeding population,breeding population,NEVER-ADD-AS-SYNONYM,Andreea,2026-09-02,"on Andreea's do-not-include list, no exception noted",absent,"no - absent, as excluded",her diagnostics doc; audited in c3_exclusion_audit.csv,"YES - absent, so the pipeline could still propose it"
Capacity scorecard,capacity scorecard,NEVER-ADD-AS-SYNONYM,Andreea,2026-09-02,"on Andreea's do-not-include list, no exception noted",absent,"no - absent, as excluded",her diagnostics doc; audited in c3_exclusion_audit.csv,"YES - absent, so the pipeline could still propose it"
Carbon uptake,carbon uptake,NEVER-ADD-AS-SYNONYM,Andreea,2026-09-02,"on Andreea's do-not-include list, no exception noted",present as SYNONYM of OTC_106,no - NOT-A-DEFECT: Andreea's own lists contradict (also instructed at docx i76),her diagnostics doc; audited in c3_exclusion_audit.csv,"NO - already matches the taxonomy, so it cannot be proposed"
Cattle penning,cattle penning,NEVER-ADD-AS-SYNONYM,Andreea,2026-09-02,"on Andreea's do-not-include list, no exception noted",absent,"no - absent, as excluded",her diagnostics doc; audited in c3_exclusion_audit.csv,"YES - absent, so the pipeline could still propose it"
Cattle practice,cattle practice,NEVER-ADD-AS-SYNONYM,Andreea,2026-09-02,"on Andreea's do-not-include list, no exception noted",absent,"no - absent, as excluded",her diagnostics doc; audited in c3_exclusion_audit.csv,"YES - absent, so the pipeline could still propose it"
Climate advisory,climate advisory,NEVER-ADD-AS-SYNONYM,Andreea,2026-09-02,Andreea: already on the list,the label of INT_098 'Climate advisory' - not present as a synonym,no - not a synonym; the word is this concept's own label,her diagnostics doc; audited in c3_exclusion_audit.csv,"NO - already matches the taxonomy, so it cannot be proposed"
Climate awareness,climate awarenes,NEVER-ADD-AS-SYNONYM,Andreea,2026-09-02,"on Andreea's do-not-include list, no exception noted",absent,"no - absent, as excluded",her diagnostics doc; audited in c3_exclusion_audit.csv,"YES - absent, so the pipeline could still propose it"
Climate change fund,climate change fund,NEVER-ADD-AS-SYNONYM,Andreea,2026-09-02,"on Andreea's do-not-include list, no exception noted",the label of INT_292 'Climate change fund' - not present as a synonym,no - not a synonym; the word is this concept's own label,her diagnostics doc; audited in c3_exclusion_audit.csv,"NO - already matches the taxonomy, so it cannot be proposed"
Climate data,climate data,NEVER-ADD-AS-SYNONYM,Andreea,2026-09-02,"on Andreea's do-not-include list, no exception noted",the label of INT_298 'Climate data' - not present as a synonym,no - not a synonym; the word is this concept's own label,her diagnostics doc; audited in c3_exclusion_audit.csv,"NO - already matches the taxonomy, so it cannot be proposed"
Climate data platform,climate data platform,NEVER-ADD-AS-SYNONYM,Andreea,2026-09-02,"on Andreea's do-not-include list, no exception noted",absent,"no - absent, as excluded",her diagnostics doc; audited in c3_exclusion_audit.csv,"YES - absent, so the pipeline could still propose it"
Climate finance target,climate finance target,NEVER-ADD-AS-SYNONYM,Andreea,2026-09-02,"on Andreea's do-not-include list, no exception noted",absent,"no - absent, as excluded",her diagnostics doc; audited in c3_exclusion_audit.csv,"YES - absent, so the pipeline could still propose it"
Climate risk credit score,climate risk credit score,NEVER-ADD-AS-SYNONYM,Andreea,2026-09-02,"on Andreea's do-not-include list, no exception noted",the label of OUT_118 'Climate-risk credit score' - not present as a synonym,no - not a synonym; the word is this concept's own label,her diagnostics doc; audited in c3_exclusion_audit.csv,"NO - already matches the taxonomy, so it cannot be proposed"
Climate risk financing,climate risk financing,NEVER-ADD-AS-SYNONYM,Andreea,2026-09-02,"Andreea: syn for climate finance, added",present as SYNONYM of INT_113,"no - her own note asks for the synonym, which is what v5 has",her diagnostics doc; audited in c3_exclusion_audit.csv,"NO - already matches the taxonomy, so it cannot be proposed"
Climate risk management training,climate risk management training,NEVER-ADD-AS-SYNONYM,Andreea,2026-09-02,"on Andreea's do-not-include list, no exception noted",absent,"no - absent, as excluded",her diagnostics doc; audited in c3_exclusion_audit.csv,"YES - absent, so the pipeline could still propose it"
Climate security sensitivity tool,climate security sensitivity tool,NEVER-ADD-AS-SYNONYM,Andreea,2026-09-02,"on Andreea's do-not-include list, no exception noted",absent,"no - absent, as excluded",her diagnostics doc; audited in c3_exclusion_audit.csv,"YES - absent, so the pipeline could still propose it"
Climate-smart dairy system,climate smart dairy system,NEVER-ADD-AS-SYNONYM,Andreea,2026-09-02,"on Andreea's do-not-include list, no exception noted",present as SYNONYM of SYS_018,no - NOT-A-DEFECT: Andreea's own lists contradict (also instructed at docx i77),her diagnostics doc; audited in c3_exclusion_audit.csv,"NO - already matches the taxonomy, so it cannot be proposed"
Climate-smart land management,climate smart land management,NEVER-ADD-AS-SYNONYM,Andreea,2026-09-02,"on Andreea's do-not-include list, no exception noted",present as SYNONYM of INT_276,no - NOT-A-DEFECT: Andreea added it herself in the sheet on INT_276,her diagnostics doc; audited in c3_exclusion_audit.csv,"NO - already matches the taxonomy, so it cannot be proposed"
Collective investment,collective investment,NEVER-ADD-AS-SYNONYM,Andreea,2026-09-02,"on Andreea's do-not-include list, no exception noted",absent,"no - absent, as excluded",her diagnostics doc; audited in c3_exclusion_audit.csv,"YES - absent, so the pipeline could still propose it"
Community facilitation,community facilitation,NEVER-ADD-AS-SYNONYM,Andreea,2026-09-02,"on Andreea's do-not-include list, no exception noted",absent,"no - absent, as excluded",her diagnostics doc; audited in c3_exclusion_audit.csv,"YES - absent, so the pipeline could still propose it"
Conservation contract,conservation contract,NEVER-ADD-AS-SYNONYM,Andreea,2026-09-02,"on Andreea's do-not-include list, no exception noted",absent,"no - absent, as excluded",her diagnostics doc; audited in c3_exclusion_audit.csv,"YES - absent, so the pipeline could still propose it"
Conservation farming,conservation farming,NEVER-ADD-AS-SYNONYM,Andreea,2026-09-02,Andreea: should be synomym of “Conservation agriculture”,present as SYNONYM of INT_023,"no - her own note asks for the synonym, which is what v5 has",her diagnostics doc; audited in c3_exclusion_audit.csv,"NO - already matches the taxonomy, so it cannot be proposed"
Crop adoption,crop adoption,NEVER-ADD-AS-SYNONYM,Andreea,2026-09-02,"on Andreea's do-not-include list, no exception noted",absent,"no - absent, as excluded",her diagnostics doc; audited in c3_exclusion_audit.csv,"YES - absent, so the pipeline could still propose it"
Cryopreservation facility,cryopreservation facility,NEVER-ADD-AS-SYNONYM,Andreea,2026-09-02,"on Andreea's do-not-include list, no exception noted",absent,"no - absent, as excluded",her diagnostics doc; audited in c3_exclusion_audit.csv,"YES - absent, so the pipeline could still propose it"
Dairy cattle diet,dairy cattle diet,NEVER-ADD-AS-SYNONYM,Andreea,2026-09-02,"on Andreea's do-not-include list, no exception noted",absent,"no - absent, as excluded",her diagnostics doc; audited in c3_exclusion_audit.csv,"YES - absent, so the pipeline could still propose it"
Deforestation,deforestation,NEVER-ADD-AS-SYNONYM,Andreea,2026-09-02,"on Andreea's do-not-include list, no exception noted",absent,"no - absent, as excluded",her diagnostics doc; audited in c3_exclusion_audit.csv,"YES - absent, so the pipeline could still propose it"
Deforestation-free supply chains,deforestation free supply chain,NEVER-ADD-AS-SYNONYM,Andreea,2026-09-02,"on Andreea's do-not-include list, no exception noted",absent,"no - absent, as excluded",her diagnostics doc; audited in c3_exclusion_audit.csv,"YES - absent, so the pipeline could still propose it"
Development model,development model,NEVER-ADD-AS-SYNONYM,Andreea,2026-09-02,"on Andreea's do-not-include list, no exception noted",absent,"no - absent, as excluded",her diagnostics doc; audited in c3_exclusion_audit.csv,"YES - absent, so the pipeline could still propose it"
Digital,digital,NEVER-ADD-AS-SYNONYM,Andreea,2026-09-02,"on Andreea's do-not-include list, no exception noted",absent,"no - absent, as excluded",her diagnostics doc; audited in c3_exclusion_audit.csv,"YES - absent, so the pipeline could still propose it"
Digital readiness,digital readines,NEVER-ADD-AS-SYNONYM,Andreea,2026-09-02,"on Andreea's do-not-include list, no exception noted",absent,"no - absent, as excluded",her diagnostics doc; audited in c3_exclusion_audit.csv,"YES - absent, so the pipeline could still propose it"
Digital sequence information,digital sequence information,NEVER-ADD-AS-SYNONYM,Andreea,2026-09-02,Andreea: already as term,the label of INT_200 'Digital sequence information' - not present as a synonym,no - not a synonym; the word is this concept's own label,her diagnostics doc; audited in c3_exclusion_audit.csv,"NO - already matches the taxonomy, so it cannot be proposed"
DUS protocol,du protocol,NEVER-ADD-AS-SYNONYM,Andreea,2026-09-02,"on Andreea's do-not-include list, no exception noted",absent,"no - absent, as excluded",her diagnostics doc; audited in c3_exclusion_audit.csv,"YES - absent, so the pipeline could still propose it"
Early finance,early finance,NEVER-ADD-AS-SYNONYM,Andreea,2026-09-02,"on Andreea's do-not-include list, no exception noted",absent,"no - absent, as excluded",her diagnostics doc; audited in c3_exclusion_audit.csv,"YES - absent, so the pipeline could still propose it"
Economic empowerment,economic empowerment,NEVER-ADD-AS-SYNONYM,Andreea,2026-09-02,"on Andreea's do-not-include list, no exception noted",present as SYNONYM of OTC_033,no - NOT-A-DEFECT: Andreea added it herself in the sheet on OTC_033,her diagnostics doc; audited in c3_exclusion_audit.csv,"NO - already matches the taxonomy, so it cannot be proposed"
Emissions inventory,emission inventory,NEVER-ADD-AS-SYNONYM,Andreea,2026-09-02,Andreea: syn for Greenhouse gas inventory,present as SYNONYM of OUT_111,"no - her own note asks for the synonym, which is what v5 has",her diagnostics doc; audited in c3_exclusion_audit.csv,"NO - already matches the taxonomy, so it cannot be proposed"
Evaluation,evaluation,NEVER-ADD-AS-SYNONYM,Andreea,2026-09-02,"on Andreea's do-not-include list, no exception noted",absent,"no - absent, as excluded",her diagnostics doc; audited in c3_exclusion_audit.csv,"YES - absent, so the pipeline could still propose it"
Evidence,evidence,NEVER-ADD-AS-SYNONYM,Andreea,2026-09-02,"on Andreea's do-not-include list, no exception noted",absent,"no - absent, as excluded",her diagnostics doc; audited in c3_exclusion_audit.csv,"YES - absent, so the pipeline could still propose it"
Farm aggregation,farm aggregation,NEVER-ADD-AS-SYNONYM,Andreea,2026-09-02,"on Andreea's do-not-include list, no exception noted",absent,"no - absent, as excluded",her diagnostics doc; audited in c3_exclusion_audit.csv,"YES - absent, so the pipeline could still propose it"
Farmer-herder conflict,farmer herder conflict,NEVER-ADD-AS-SYNONYM,Andreea,2026-09-02,"on Andreea's do-not-include list, no exception noted",absent,"no - absent, as excluded",her diagnostics doc; audited in c3_exclusion_audit.csv,"YES - absent, so the pipeline could still propose it"
Farmer training,farmer training,NEVER-ADD-AS-SYNONYM,Andreea,2026-09-02,"on Andreea's do-not-include list, no exception noted",absent,"no - absent, as excluded",her diagnostics doc; audited in c3_exclusion_audit.csv,"YES - absent, so the pipeline could still propose it"
Fertilizer use,fertilizer use,NEVER-ADD-AS-SYNONYM,Andreea,2026-09-02,"on Andreea's do-not-include list, no exception noted",absent,"no - absent, as excluded",her diagnostics doc; audited in c3_exclusion_audit.csv,"YES - absent, so the pipeline could still propose it"
Field school,field school,NEVER-ADD-AS-SYNONYM,Andreea,2026-09-02,"on Andreea's do-not-include list, no exception noted",absent,"no - absent, as excluded",her diagnostics doc; audited in c3_exclusion_audit.csv,"YES - absent, so the pipeline could still propose it"
Finance tracking,finance tracking,NEVER-ADD-AS-SYNONYM,Andreea,2026-09-02,"on Andreea's do-not-include list, no exception noted",absent,"no - absent, as excluded",her diagnostics doc; audited in c3_exclusion_audit.csv,"YES - absent, so the pipeline could still propose it"
Forage availability,forage availability,NEVER-ADD-AS-SYNONYM,Andreea,2026-09-02,"on Andreea's do-not-include list, no exception noted",present as SYNONYM of OTC_138,"YES - excluded with no exception noted, yet present as a synonym",her diagnostics doc; audited in c3_exclusion_audit.csv,"NO - already matches the taxonomy, so it cannot be proposed"
Gender,gender,NEVER-ADD-AS-SYNONYM,Andreea,2026-09-02,"on Andreea's do-not-include list, no exception noted",absent,"no - absent, as excluded",her diagnostics doc; audited in c3_exclusion_audit.csv,"YES - absent, so the pipeline could still propose it"
Gene bank,gene bank,NEVER-ADD-AS-SYNONYM,Andreea,2026-09-02,"on Andreea's do-not-include list, no exception noted",absent,"no - absent, as excluded",her diagnostics doc; audited in c3_exclusion_audit.csv,"YES - absent, so the pipeline could still propose it"
Genetic erosion,genetic erosion,NEVER-ADD-AS-SYNONYM,Andreea,2026-09-02,"on Andreea's do-not-include list, no exception noted",absent,"no - absent, as excluded",her diagnostics doc; audited in c3_exclusion_audit.csv,"YES - absent, so the pipeline could still propose it"
Genetic map,genetic map,NEVER-ADD-AS-SYNONYM,Andreea,2026-09-02,"on Andreea's do-not-include list, no exception noted",absent,"no - absent, as excluded",her diagnostics doc; audited in c3_exclusion_audit.csv,"YES - absent, so the pipeline could still propose it"
Governance model,governance model,NEVER-ADD-AS-SYNONYM,Andreea,2026-09-02,"on Andreea's do-not-include list, no exception noted",absent,"no - absent, as excluded",her diagnostics doc; audited in c3_exclusion_audit.csv,"YES - absent, so the pipeline could still propose it"
Grazing land degradation,grazing land degradation,NEVER-ADD-AS-SYNONYM,Andreea,2026-09-02,"on Andreea's do-not-include list, no exception noted",absent,"no - absent, as excluded",her diagnostics doc; audited in c3_exclusion_audit.csv,"YES - absent, so the pipeline could still propose it"
Grazing land tenure,grazing land tenure,NEVER-ADD-AS-SYNONYM,Andreea,2026-09-02,"on Andreea's do-not-include list, no exception noted",absent,"no - absent, as excluded",her diagnostics doc; audited in c3_exclusion_audit.csv,"YES - absent, so the pipeline could still propose it"
Green finance,green finance,NEVER-ADD-AS-SYNONYM,Andreea,2026-09-02,"on Andreea's do-not-include list, no exception noted",absent,"no - absent, as excluded",her diagnostics doc; audited in c3_exclusion_audit.csv,"YES - absent, so the pipeline could still propose it"
Greenhouse,greenhouse,NEVER-ADD-AS-SYNONYM,Andreea,2026-09-02,"on Andreea's do-not-include list, no exception noted",absent,"no - absent, as excluded",her diagnostics doc; audited in c3_exclusion_audit.csv,"YES - absent, so the pipeline could still propose it"
Greenhouse gas calculator,greenhouse ga calculator,NEVER-ADD-AS-SYNONYM,Andreea,2026-09-02,"on Andreea's do-not-include list, no exception noted",present as SYNONYM of OUT_110,no - NOT-A-DEFECT: Andreea added it herself in the sheet on OUT_110,her diagnostics doc; audited in c3_exclusion_audit.csv,"NO - already matches the taxonomy, so it cannot be proposed"
Greenhouse gas intensity,greenhouse ga intensity,NEVER-ADD-AS-SYNONYM,Andreea,2026-09-02,Andreea: added | syn for Emission intensity,present as SYNONYM of OTC_108,"no - her own note asks for the synonym, which is what v5 has",her diagnostics doc; audited in c3_exclusion_audit.csv,"NO - already matches the taxonomy, so it cannot be proposed"
Groundwater,groundwater,NEVER-ADD-AS-SYNONYM,Andreea,2026-09-02,"on Andreea's do-not-include list, no exception noted",absent,"no - absent, as excluded",her diagnostics doc; audited in c3_exclusion_audit.csv,"YES - absent, so the pipeline could still propose it"
Groundwater level,groundwater level,NEVER-ADD-AS-SYNONYM,Andreea,2026-09-02,"on Andreea's do-not-include list, no exception noted",absent,"no - absent, as excluded",her diagnostics doc; audited in c3_exclusion_audit.csv,"YES - absent, so the pipeline could still propose it"
Habitat conservation,habitat conservation,NEVER-ADD-AS-SYNONYM,Andreea,2026-09-02,Andreea: already there,absent,"no - absent, as excluded",her diagnostics doc; audited in c3_exclusion_audit.csv,"YES - absent, so the pipeline could still propose it"
Health management,health management,NEVER-ADD-AS-SYNONYM,Andreea,2026-09-02,"on Andreea's do-not-include list, no exception noted",absent,"no - absent, as excluded",her diagnostics doc; audited in c3_exclusion_audit.csv,"YES - absent, so the pipeline could still propose it"
Healthy diet,healthy diet,NEVER-ADD-AS-SYNONYM,Andreea,2026-09-02,Andreea: already there,the label of INT_192 'Healthy diet' - not present as a synonym,no - not a synonym; the word is this concept's own label,her diagnostics doc; audited in c3_exclusion_audit.csv,"NO - already matches the taxonomy, so it cannot be proposed"
Heat-tolerant vaccine,heat tolerant vaccine,NEVER-ADD-AS-SYNONYM,Andreea,2026-09-02,"on Andreea's do-not-include list, no exception noted",absent,"no - absent, as excluded",her diagnostics doc; audited in c3_exclusion_audit.csv,"YES - absent, so the pipeline could still propose it"
Hybrid,hybrid,NEVER-ADD-AS-SYNONYM,Andreea,2026-09-02,"on Andreea's do-not-include list, no exception noted",absent,"no - absent, as excluded",her diagnostics doc; audited in c3_exclusion_audit.csv,"YES - absent, so the pipeline could still propose it"
Hybrid variety,hybrid variety,NEVER-ADD-AS-SYNONYM,Andreea,2026-09-02,"on Andreea's do-not-include list, no exception noted",the label of OUT_119 'Hybrid variety' - not present as a synonym,no - not a synonym; the word is this concept's own label,her diagnostics doc; audited in c3_exclusion_audit.csv,"NO - already matches the taxonomy, so it cannot be proposed"
Hydrology,hydrology,NEVER-ADD-AS-SYNONYM,Andreea,2026-09-02,"on Andreea's do-not-include list, no exception noted",absent,"no - absent, as excluded",her diagnostics doc; audited in c3_exclusion_audit.csv,"YES - absent, so the pipeline could still propose it"
ice straw value chain,ice straw value chain,NEVER-ADD-AS-SYNONYM,Andreea,2026-09-02,"on Andreea's do-not-include list, no exception noted",absent,"no - absent, as excluded",her diagnostics doc; audited in c3_exclusion_audit.csv,"YES - absent, so the pipeline could still propose it"
Impact,impact,NEVER-ADD-AS-SYNONYM,Andreea,2026-09-02,"on Andreea's do-not-include list, no exception noted",absent,"no - absent, as excluded",her diagnostics doc; audited in c3_exclusion_audit.csv,"YES - absent, so the pipeline could still propose it"
Implementation model,implementation model,NEVER-ADD-AS-SYNONYM,Andreea,2026-09-02,"on Andreea's do-not-include list, no exception noted",absent,"no - absent, as excluded",her diagnostics doc; audited in c3_exclusion_audit.csv,"YES - absent, so the pipeline could still propose it"
Inclusion system,inclusion system,NEVER-ADD-AS-SYNONYM,Andreea,2026-09-02,"on Andreea's do-not-include list, no exception noted",absent,"no - absent, as excluded",her diagnostics doc; audited in c3_exclusion_audit.csv,"YES - absent, so the pipeline could still propose it"
Index insurance guide,index insurance guide,NEVER-ADD-AS-SYNONYM,Andreea,2026-09-02,"on Andreea's do-not-include list, no exception noted",absent,"no - absent, as excluded",her diagnostics doc; audited in c3_exclusion_audit.csv,"YES - absent, so the pipeline could still propose it"
Infrastructure investment,infrastructure investment,NEVER-ADD-AS-SYNONYM,Andreea,2026-09-02,"on Andreea's do-not-include list, no exception noted",absent,"no - absent, as excluded",her diagnostics doc; audited in c3_exclusion_audit.csv,"YES - absent, so the pipeline could still propose it"
Institutions,institution,NEVER-ADD-AS-SYNONYM,Andreea,2026-09-02,"on Andreea's do-not-include list, no exception noted",absent,"no - absent, as excluded",her diagnostics doc; audited in c3_exclusion_audit.csv,"YES - absent, so the pipeline could still propose it"
Insurance-backed agricultural credit,insurance backed agricultural credit,NEVER-ADD-AS-SYNONYM,Andreea,2026-09-02,"on Andreea's do-not-include list, no exception noted",absent,"no - absent, as excluded",her diagnostics doc; audited in c3_exclusion_audit.csv,"YES - absent, so the pipeline could still propose it"
Intervention,intervention,NEVER-ADD-AS-SYNONYM,Andreea,2026-09-02,"on Andreea's do-not-include list, no exception noted",absent,"no - absent, as excluded",her diagnostics doc; audited in c3_exclusion_audit.csv,"YES - absent, so the pipeline could still propose it"
Invasive species management,invasive specie management,NEVER-ADD-AS-SYNONYM,Andreea,2026-09-02,"on Andreea's do-not-include list, no exception noted",absent,"no - absent, as excluded",her diagnostics doc; audited in c3_exclusion_audit.csv,"YES - absent, so the pipeline could still propose it"
Irregular migration,irregular migration,NEVER-ADD-AS-SYNONYM,Andreea,2026-09-02,"on Andreea's do-not-include list, no exception noted",absent,"no - absent, as excluded",her diagnostics doc; audited in c3_exclusion_audit.csv,"YES - absent, so the pipeline could still propose it"
Irrigation access,irrigation acces,NEVER-ADD-AS-SYNONYM,Andreea,2026-09-02,"on Andreea's do-not-include list, no exception noted",absent,"no - absent, as excluded",her diagnostics doc; audited in c3_exclusion_audit.csv,"YES - absent, so the pipeline could still propose it"
Irrigation monitoring,irrigation monitoring,NEVER-ADD-AS-SYNONYM,Andreea,2026-09-02,"on Andreea's do-not-include list, no exception noted",absent,"no - absent, as excluded",her diagnostics doc; audited in c3_exclusion_audit.csv,"YES - absent, so the pipeline could still propose it"
Irrigation water use,irrigation water use,NEVER-ADD-AS-SYNONYM,Andreea,2026-09-02,"on Andreea's do-not-include list, no exception noted",absent,"no - absent, as excluded",her diagnostics doc; audited in c3_exclusion_audit.csv,"YES - absent, so the pipeline could still propose it"
Just transition planning,just transition planning,NEVER-ADD-AS-SYNONYM,Andreea,2026-09-02,"on Andreea's do-not-include list, no exception noted",absent,"no - absent, as excluded",her diagnostics doc; audited in c3_exclusion_audit.csv,"YES - absent, so the pipeline could still propose it"
Land degradation monitoring,land degradation monitoring,NEVER-ADD-AS-SYNONYM,Andreea,2026-09-02,"on Andreea's do-not-include list, no exception noted",absent,"no - absent, as excluded",her diagnostics doc; audited in c3_exclusion_audit.csv,"YES - absent, so the pipeline could still propose it"
Land use,land use,NEVER-ADD-AS-SYNONYM,Andreea,2026-09-02,"on Andreea's do-not-include list, no exception noted",absent,"no - absent, as excluded",her diagnostics doc; audited in c3_exclusion_audit.csv,"YES - absent, so the pipeline could still propose it"
Land use change,land use change,NEVER-ADD-AS-SYNONYM,Andreea,2026-09-02,"on Andreea's do-not-include list, no exception noted",absent,"no - absent, as excluded",her diagnostics doc; audited in c3_exclusion_audit.csv,"YES - absent, so the pipeline could still propose it"
Land use planning,land use planning,NEVER-ADD-AS-SYNONYM,Andreea,2026-09-02,"on Andreea's do-not-include list, no exception noted",absent,"no - absent, as excluded",her diagnostics doc; audited in c3_exclusion_audit.csv,"YES - absent, so the pipeline could still propose it"
Landscape,landscape,NEVER-ADD-AS-SYNONYM,Andreea,2026-09-02,"on Andreea's do-not-include list, no exception noted",absent,"no - absent, as excluded",her diagnostics doc; audited in c3_exclusion_audit.csv,"YES - absent, so the pipeline could still propose it"
Learning alliance,learning alliance,NEVER-ADD-AS-SYNONYM,Andreea,2026-09-02,"on Andreea's do-not-include list, no exception noted",absent,"no - absent, as excluded",her diagnostics doc; audited in c3_exclusion_audit.csv,"YES - absent, so the pipeline could still propose it"
Livestock model,livestock model,NEVER-ADD-AS-SYNONYM,Andreea,2026-09-02,"on Andreea's do-not-include list, no exception noted",absent,"no - absent, as excluded",her diagnostics doc; audited in c3_exclusion_audit.csv,"YES - absent, so the pipeline could still propose it"
Local,local,NEVER-ADD-AS-SYNONYM,Andreea,2026-09-02,"on Andreea's do-not-include list, no exception noted",absent,"no - absent, as excluded",her diagnostics doc; audited in c3_exclusion_audit.csv,"YES - absent, so the pipeline could still propose it"
Long-term,long term,NEVER-ADD-AS-SYNONYM,Andreea,2026-09-02,"on Andreea's do-not-include list, no exception noted",absent,"no - absent, as excluded",her diagnostics doc; audited in c3_exclusion_audit.csv,"YES - absent, so the pipeline could still propose it"
Management,management,NEVER-ADD-AS-SYNONYM,Andreea,2026-09-02,"on Andreea's do-not-include list, no exception noted",absent,"no - absent, as excluded",her diagnostics doc; audited in c3_exclusion_audit.csv,"YES - absent, so the pipeline could still propose it"
Market access,market acces,NEVER-ADD-AS-SYNONYM,Andreea,2026-09-02,"on Andreea's do-not-include list, no exception noted",absent,"no - absent, as excluded",her diagnostics doc; audited in c3_exclusion_audit.csv,"YES - absent, so the pipeline could still propose it"
Market intelligence,market intelligence,NEVER-ADD-AS-SYNONYM,Andreea,2026-09-02,"on Andreea's do-not-include list, no exception noted",present as SYNONYM of OUT_068,no - NOT-A-DEFECT: Andreea added it herself in the sheet on OUT_068,her diagnostics doc; audited in c3_exclusion_audit.csv,"NO - already matches the taxonomy, so it cannot be proposed"
Market intelligence system,market intelligence system,NEVER-ADD-AS-SYNONYM,Andreea,2026-09-02,"on Andreea's do-not-include list, no exception noted",absent,"no - absent, as excluded",her diagnostics doc; audited in c3_exclusion_audit.csv,"YES - absent, so the pipeline could still propose it"
Marketing,marketing,NEVER-ADD-AS-SYNONYM,Andreea,2026-09-02,"on Andreea's do-not-include list, no exception noted",absent,"no - absent, as excluded",her diagnostics doc; audited in c3_exclusion_audit.csv,"YES - absent, so the pipeline could still propose it"
Meteorological agency 0 syn for Nat met service,meteorological agency 0 syn for nat met service,NEVER-ADD-AS-SYNONYM,Andreea,2026-09-02,"on Andreea's do-not-include list, no exception noted",absent,"no - absent, as excluded",her diagnostics doc; audited in c3_exclusion_audit.csv,"YES - absent, so the pipeline could still propose it"
Mobility corridor,mobility corridor,NEVER-ADD-AS-SYNONYM,Andreea,2026-09-02,Andreea: added as syn,present as SYNONYM of INT_194,"no - her own note asks for the synonym, which is what v5 has",her diagnostics doc; audited in c3_exclusion_audit.csv,"NO - already matches the taxonomy, so it cannot be proposed"
Model application,model application,NEVER-ADD-AS-SYNONYM,Andreea,2026-09-02,"on Andreea's do-not-include list, no exception noted",absent,"no - absent, as excluded",her diagnostics doc; audited in c3_exclusion_audit.csv,"YES - absent, so the pipeline could still propose it"
Moisture conservation,moisture conservation,NEVER-ADD-AS-SYNONYM,Andreea,2026-09-02,"on Andreea's do-not-include list, no exception noted",absent,"no - absent, as excluded",her diagnostics doc; audited in c3_exclusion_audit.csv,"YES - absent, so the pipeline could still propose it"
Non-market,non market,NEVER-ADD-AS-SYNONYM,Andreea,2026-09-02,"on Andreea's do-not-include list, no exception noted",absent,"no - absent, as excluded",her diagnostics doc; audited in c3_exclusion_audit.csv,"YES - absent, so the pipeline could still propose it"
Outcome,outcome,NEVER-ADD-AS-SYNONYM,Andreea,2026-09-02,"on Andreea's do-not-include list, no exception noted",absent,"no - absent, as excluded",her diagnostics doc; audited in c3_exclusion_audit.csv,"YES - absent, so the pipeline could still propose it"
Pastoral mobility,pastoral mobility,NEVER-ADD-AS-SYNONYM,Andreea,2026-09-02,Andreea: added as syn,present as SYNONYM of INT_194,"no - her own note asks for the synonym, which is what v5 has",her diagnostics doc; audited in c3_exclusion_audit.csv,"NO - already matches the taxonomy, so it cannot be proposed"
Policy,policy,NEVER-ADD-AS-SYNONYM,Andreea,2026-09-02,"on Andreea's do-not-include list, no exception noted",absent,"no - absent, as excluded",her diagnostics doc; audited in c3_exclusion_audit.csv,"YES - absent, so the pipeline could still propose it"
Policy adoption,policy adoption,NEVER-ADD-AS-SYNONYM,Andreea,2026-09-02,"on Andreea's do-not-include list, no exception noted",absent,"no - absent, as excluded",her diagnostics doc; audited in c3_exclusion_audit.csv,"YES - absent, so the pipeline could still propose it"
Policy network,policy network,NEVER-ADD-AS-SYNONYM,Andreea,2026-09-02,"on Andreea's do-not-include list, no exception noted",absent,"no - absent, as excluded",her diagnostics doc; audited in c3_exclusion_audit.csv,"YES - absent, so the pipeline could still propose it"
Potato psyllid,potato psyllid,NEVER-ADD-AS-SYNONYM,Andreea,2026-09-02,"on Andreea's do-not-include list, no exception noted",absent,"no - absent, as excluded",her diagnostics doc; audited in c3_exclusion_audit.csv,"YES - absent, so the pipeline could still propose it"
Protection,protection,NEVER-ADD-AS-SYNONYM,Andreea,2026-09-02,"on Andreea's do-not-include list, no exception noted",absent,"no - absent, as excluded",her diagnostics doc; audited in c3_exclusion_audit.csv,"YES - absent, so the pipeline could still propose it"
Publication,publication,NEVER-ADD-AS-SYNONYM,Andreea,2026-09-02,"on Andreea's do-not-include list, no exception noted",absent,"no - absent, as excluded",her diagnostics doc; audited in c3_exclusion_audit.csv,"YES - absent, so the pipeline could still propose it"
Rainfall change,rainfall change,NEVER-ADD-AS-SYNONYM,Andreea,2026-09-02,"on Andreea's do-not-include list, no exception noted",absent,"no - absent, as excluded",her diagnostics doc; audited in c3_exclusion_audit.csv,"YES - absent, so the pipeline could still propose it"
Rangeland conversion,rangeland conversion,NEVER-ADD-AS-SYNONYM,Andreea,2026-09-02,"on Andreea's do-not-include list, no exception noted",absent,"no - absent, as excluded",her diagnostics doc; audited in c3_exclusion_audit.csv,"YES - absent, so the pipeline could still propose it"
Rangeland degradation,rangeland degradation,NEVER-ADD-AS-SYNONYM,Andreea,2026-09-02,"on Andreea's do-not-include list, no exception noted",absent,"no - absent, as excluded",her diagnostics doc; audited in c3_exclusion_audit.csv,"YES - absent, so the pipeline could still propose it"
Rangeland monitoring,rangeland monitoring,NEVER-ADD-AS-SYNONYM,Andreea,2026-09-02,"on Andreea's do-not-include list, no exception noted",absent,"no - absent, as excluded",her diagnostics doc; audited in c3_exclusion_audit.csv,"YES - absent, so the pipeline could still propose it"
Rangeland rehabilitation,rangeland rehabilitation,NEVER-ADD-AS-SYNONYM,Andreea,2026-09-02,Andreea: syn for Rangeland restorestoration,present as SYNONYM of INT_072,"no - her own note asks for the synonym, which is what v5 has",her diagnostics doc; audited in c3_exclusion_audit.csv,"NO - already matches the taxonomy, so it cannot be proposed"
Resilience building,resilience building,NEVER-ADD-AS-SYNONYM,Andreea,2026-09-02,"on Andreea's do-not-include list, no exception noted",absent,"no - absent, as excluded",her diagnostics doc; audited in c3_exclusion_audit.csv,"YES - absent, so the pipeline could still propose it"
Resilience finance,resilience finance,NEVER-ADD-AS-SYNONYM,Andreea,2026-09-02,"on Andreea's do-not-include list, no exception noted",absent,"no - absent, as excluded",her diagnostics doc; audited in c3_exclusion_audit.csv,"YES - absent, so the pipeline could still propose it"
Restoration,restoration,NEVER-ADD-AS-SYNONYM,Andreea,2026-09-02,"on Andreea's do-not-include list, no exception noted",absent,"no - absent, as excluded",her diagnostics doc; audited in c3_exclusion_audit.csv,"YES - absent, so the pipeline could still propose it"
Result,result,NEVER-ADD-AS-SYNONYM,Andreea,2026-09-02,"on Andreea's do-not-include list, no exception noted",absent,"no - absent, as excluded",her diagnostics doc; audited in c3_exclusion_audit.csv,"YES - absent, so the pipeline could still propose it"
Rice farmer,rice farmer,NEVER-ADD-AS-SYNONYM,Andreea,2026-09-02,"on Andreea's do-not-include list, no exception noted",absent,"no - absent, as excluded",her diagnostics doc; audited in c3_exclusion_audit.csv,"YES - absent, so the pipeline could still propose it"
Rice straw value chain,rice straw value chain,NEVER-ADD-AS-SYNONYM,taxonomy review,2026-09-03,Andreea 2026-09: do-not-include,absent,"no - absent, as excluded",synonym_review_UPDATED.xlsx,"YES - absent, so the pipeline could still propose it"
Seed governance,seed governance,NEVER-ADD-AS-SYNONYM,Andreea,2026-09-02,"on Andreea's do-not-include list, no exception noted",absent,"no - absent, as excluded",her diagnostics doc; audited in c3_exclusion_audit.csv,"YES - absent, so the pipeline could still propose it"
Seed producer,seed producer,NEVER-ADD-AS-SYNONYM,Andreea,2026-09-02,"on Andreea's do-not-include list, no exception noted",absent,"no - absent, as excluded",her diagnostics doc; audited in c3_exclusion_audit.csv,"YES - absent, so the pipeline could still propose it"
Sensor network,sensor network,NEVER-ADD-AS-SYNONYM,Andreea,2026-09-02,"on Andreea's do-not-include list, no exception noted",absent,"no - absent, as excluded",her diagnostics doc; audited in c3_exclusion_audit.csv,"YES - absent, so the pipeline could still propose it"
Social norm,social norm,NEVER-ADD-AS-SYNONYM,Andreea,2026-09-02,"on Andreea's do-not-include list, no exception noted",absent,"no - absent, as excluded",her diagnostics doc; audited in c3_exclusion_audit.csv,"YES - absent, so the pipeline could still propose it"
Soil,soil,NEVER-ADD-AS-SYNONYM,Andreea,2026-09-02,"on Andreea's do-not-include list, no exception noted",absent,"no - absent, as excluded",her diagnostics doc; audited in c3_exclusion_audit.csv,"YES - absent, so the pipeline could still propose it"
Soil data,soil data,NEVER-ADD-AS-SYNONYM,Andreea,2026-09-02,"on Andreea's do-not-include list, no exception noted",absent,"no - absent, as excluded",her diagnostics doc; audited in c3_exclusion_audit.csv,"YES - absent, so the pipeline could still propose it"
Soil erosion estimate,soil erosion estimate,NEVER-ADD-AS-SYNONYM,Andreea,2026-09-02,"on Andreea's do-not-include list, no exception noted",absent,"no - absent, as excluded",her diagnostics doc; audited in c3_exclusion_audit.csv,"YES - absent, so the pipeline could still propose it"
Soil moisture,soil moisture,NEVER-ADD-AS-SYNONYM,Andreea,2026-09-02,"on Andreea's do-not-include list, no exception noted",the label of CDI_15 'Soil moisture' - not present as a synonym,no - not a synonym; the word is this concept's own label,her diagnostics doc; audited in c3_exclusion_audit.csv,"NO - already matches the taxonomy, so it cannot be proposed"
Soil organic carbon sequestration,soil organic carbon sequestration,NEVER-ADD-AS-SYNONYM,Andreea,2026-09-02,"on Andreea's do-not-include list, no exception noted",absent,"no - absent, as excluded",her diagnostics doc; audited in c3_exclusion_audit.csv,"YES - absent, so the pipeline could still propose it"
Sorghum system,sorghum system,NEVER-ADD-AS-SYNONYM,Andreea,2026-09-02,"on Andreea's do-not-include list, no exception noted",absent,"no - absent, as excluded",her diagnostics doc; audited in c3_exclusion_audit.csv,"YES - absent, so the pipeline could still propose it"
Speed breeding,speed breeding,NEVER-ADD-AS-SYNONYM,Andreea,2026-09-02,"on Andreea's do-not-include list, no exception noted",absent,"no - absent, as excluded",her diagnostics doc; audited in c3_exclusion_audit.csv,"YES - absent, so the pipeline could still propose it"
Straw mulch,straw mulch,NEVER-ADD-AS-SYNONYM,Andreea,2026-09-02,"on Andreea's do-not-include list, no exception noted",absent,"no - absent, as excluded",her diagnostics doc; audited in c3_exclusion_audit.csv,"YES - absent, so the pipeline could still propose it"
Sustainable diet,sustainable diet,NEVER-ADD-AS-SYNONYM,Andreea,2026-09-02,Andreea: syn for Healthy diet,present as SYNONYM of INT_192,"no - her own note asks for the synonym, which is what v5 has",her diagnostics doc; audited in c3_exclusion_audit.csv,"NO - already matches the taxonomy, so it cannot be proposed"
Sustainable management,sustainable management,NEVER-ADD-AS-SYNONYM,Andreea,2026-09-02,"on Andreea's do-not-include list, no exception noted",absent,"no - absent, as excluded",her diagnostics doc; audited in c3_exclusion_audit.csv,"YES - absent, so the pipeline could still propose it"
Systems,system,NEVER-ADD-AS-SYNONYM,Andreea,2026-09-02,"on Andreea's do-not-include list, no exception noted",absent,"no - absent, as excluded",her diagnostics doc; audited in c3_exclusion_audit.csv,"YES - absent, so the pipeline could still propose it"
Technological,technological,NEVER-ADD-AS-SYNONYM,Andreea,2026-09-02,"on Andreea's do-not-include list, no exception noted",absent,"no - absent, as excluded",her diagnostics doc; audited in c3_exclusion_audit.csv,"YES - absent, so the pipeline could still propose it"
Territorial capacity,territorial capacity,NEVER-ADD-AS-SYNONYM,Andreea,2026-09-02,"on Andreea's do-not-include list, no exception noted",absent,"no - absent, as excluded",her diagnostics doc; audited in c3_exclusion_audit.csv,"YES - absent, so the pipeline could still propose it"
Tilapia strain,tilapia strain,NEVER-ADD-AS-SYNONYM,Andreea,2026-09-02,"on Andreea's do-not-include list, no exception noted",absent,"no - absent, as excluded",her diagnostics doc; audited in c3_exclusion_audit.csv,"YES - absent, so the pipeline could still propose it"
Transparency framework,transparency framework,NEVER-ADD-AS-SYNONYM,Andreea,2026-09-02,"on Andreea's do-not-include list, no exception noted",absent,"no - absent, as excluded",her diagnostics doc; audited in c3_exclusion_audit.csv,"YES - absent, so the pipeline could still propose it"
Value chain stakeholder,value chain stakeholder,NEVER-ADD-AS-SYNONYM,Andreea,2026-09-02,"on Andreea's do-not-include list, no exception noted",absent,"no - absent, as excluded",her diagnostics doc; audited in c3_exclusion_audit.csv,"YES - absent, so the pipeline could still propose it"
VIPPT-CA,vippt ca,NEVER-ADD-AS-SYNONYM,Andreea,2026-09-02,"on Andreea's do-not-include list, no exception noted",absent,"no - absent, as excluded",her diagnostics doc; audited in c3_exclusion_audit.csv,"YES - absent, so the pipeline could still propose it"
Warming,warming,NEVER-ADD-AS-SYNONYM,Andreea,2026-09-02,"on Andreea's do-not-include list, no exception noted",absent,"no - absent, as excluded",her diagnostics doc; audited in c3_exclusion_audit.csv,"YES - absent, so the pipeline could still propose it"
Water access,water acces,NEVER-ADD-AS-SYNONYM,Andreea,2026-09-02,"on Andreea's do-not-include list, no exception noted",absent,"no - absent, as excluded",her diagnostics doc; audited in c3_exclusion_audit.csv,"YES - absent, so the pipeline could still propose it"
Water governance,water governance,NEVER-ADD-AS-SYNONYM,Andreea,2026-09-02,"on Andreea's do-not-include list, no exception noted",absent,"no - absent, as excluded",her diagnostics doc; audited in c3_exclusion_audit.csv,"YES - absent, so the pipeline could still propose it"
Water productivity,water productivity,NEVER-ADD-AS-SYNONYM,Andreea,2026-09-02,"on Andreea's do-not-include list, no exception noted",the label of OTC_122 'Water productivity' - not present as a synonym,no - not a synonym; the word is this concept's own label,her diagnostics doc; audited in c3_exclusion_audit.csv,"NO - already matches the taxonomy, so it cannot be proposed"
Water resource,water resource,NEVER-ADD-AS-SYNONYM,Andreea,2026-09-02,"on Andreea's do-not-include list, no exception noted",absent,"no - absent, as excluded",her diagnostics doc; audited in c3_exclusion_audit.csv,"YES - absent, so the pipeline could still propose it"
Water use,water use,NEVER-ADD-AS-SYNONYM,Andreea,2026-09-02,"on Andreea's do-not-include list, no exception noted",absent,"no - absent, as excluded",her diagnostics doc; audited in c3_exclusion_audit.csv,"YES - absent, so the pipeline could still propose it"
Water user association reform,water user association reform,NEVER-ADD-AS-SYNONYM,Andreea,2026-09-02,"on Andreea's do-not-include list, no exception noted",absent,"no - absent, as excluded",her diagnostics doc; audited in c3_exclusion_audit.csv,"YES - absent, so the pipeline could still propose it"
Weather,weather,NEVER-ADD-AS-SYNONYM,Andreea,2026-09-02,"on Andreea's do-not-include list, no exception noted",absent,"no - absent, as excluded",her diagnostics doc; audited in c3_exclusion_audit.csv,"YES - absent, so the pipeline could still propose it"
Wheat blast,wheat blast,NEVER-ADD-AS-SYNONYM,Andreea,2026-09-02,"on Andreea's do-not-include list, no exception noted",absent,"no - absent, as excluded",her diagnostics doc; audited in c3_exclusion_audit.csv,"YES - absent, so the pipeline could still propose it"
Yield decline,yield decline,NEVER-ADD-AS-SYNONYM,Andreea,2026-09-02,"on Andreea's do-not-include list, no exception noted",absent,"no - absent, as excluded",her diagnostics doc; audited in c3_exclusion_audit.csv,"YES - absent, so the pipeline could still propose it"
