change,ID,term,facet,level (v5),parent (v5),field changed,value in v4,value in v5,why
ADDED,CCC_36,Food system transformation,Outcome,L1,(top level),(new concept),(not present in v4),"Cross-cutting concept denoting deep, systemic change in how food is produced, distributed and consumed, beyond incremental improvement.  [source: FAO/HLPE (food system transformation)]",added by the 3 Sep cleanup from Andreea's lists
ADDED,CCC_37,Environmental damage,Outcome,L1,(top level),(new concept),(not present in v4),"Cross-cutting concept denoting harm to ecosystems, natural resources or environmental quality.  [source: UNEP (environmental damage)]",added by the 3 Sep cleanup from Andreea's lists
ADDED,CCC_38,Resource recovery,Intervention,L2,INT_278 Circular economy,(new concept),(not present in v4),"Circular economy that recovers and reuses materials, nutrients, water or energy from waste streams.  [source: Ellen MacArthur Foundation (circular economy / resource recovery)]",added by the 3 Sep cleanup from Andreea's lists
ADDED,CCC_47,Peacebuilding,Intervention,L1,(top level),(new concept),(not present in v4),Cross-cutting concept denoting activities that reduce conflict drivers and strengthen the conditions for peace.  [source: UN (peacebuilding); CGIAR Climate Security],added by the 3 Sep cleanup from Andreea's lists
ADDED,CCC_48,Co-design,Intervention,L1,(top level),(new concept),(not present in v4),Cross-cutting concept denoting the joint development of interventions with their intended users and stakeholders.  [source: participatory design literature (co-design); CGIAR],added by the 3 Sep cleanup from Andreea's lists
ADDED,CDI_10,Climate,Climate driver,L1,(top level),(new concept),(not present in v4),"Average weather, or more rigorously, the statistical description in terms of the mean and variability of relevant quantities over a period of time ranging from months to thousands or millions of years.  [source: IPCC AR6 WGI Annex VII Glossary: Climate]",added by the 3 Sep cleanup from Andreea's lists
ADDED,CDI_11,El Nino,Climate driver,L3,CDI_19 El Nino-Southern Oscillation,(new concept),(not present in v4),"Warm phase of the El Nino-Southern Oscillation, in which weakened trade winds and warm sea-surface temperatures in the central and eastern equatorial Pacific shift rainfall and temperature patterns worldwide.  [source: IPCC AR6 WGI Annex VII Glossary: El Niño-Southern Oscillation (ENSO)]",added by the 3 Sep cleanup from Andreea's lists
ADDED,CDI_12,La Nina,Climate driver,L3,CDI_19 El Nino-Southern Oscillation,(new concept),(not present in v4),"Cold phase of the El Nino-Southern Oscillation, in which strengthened trade winds and cool sea-surface temperatures in the central and eastern equatorial Pacific shift rainfall and temperature patterns worldwide.  [source: IPCC AR6 WGI Annex VII Glossary: El Niño-Southern Oscillation (ENSO)]",added by the 3 Sep cleanup from Andreea's lists
ADDED,CDI_13,Temperature,Climate driver,L1,(top level),(new concept),(not present in v4),"Climate variable measuring the degree of atmospheric or surface heat, whose averages, extremes and trends condition agricultural production and climate risk.  [source: WMO/GCOS Essential Climate Variables (temperature)]",added by the 3 Sep cleanup from Andreea's lists
ADDED,CDI_14,Humidity,Climate driver,L1,(top level),(new concept),(not present in v4),"Climate variable measuring the water-vapour content of the air, influencing heat stress, evapotranspiration, and pest and disease dynamics.  [source: WMO/GCOS Essential Climate Variables (humidity)]",added by the 3 Sep cleanup from Andreea's lists
ADDED,CDI_15,Soil moisture,Climate driver,L1,(top level),(new concept),(not present in v4),"Climate-related variable measuring the water held in soil, linking rainfall and temperature to crop water availability and drought development.  [source: WMO/GCOS Essential Climate Variables (soil moisture)]",added by the 3 Sep cleanup from Andreea's lists
ADDED,CDI_16,Dry season,Climate driver,L1,(top level),(new concept),(not present in v4),"Recurring period of the year with little or no rainfall, whose timing, length and intensity structure agricultural calendars and water availability.  [source: WMO (climatological seasons); AGROVOC: dry season]",added by the 3 Sep cleanup from Andreea's lists
ADDED,CDI_17,Wet season,Climate driver,L1,(top level),(new concept),(not present in v4),"Recurring period of the year concentrating most annual rainfall, whose onset, length and intensity structure planting decisions and flood risk.  [source: WMO (climatological seasons); AGROVOC: rainy season]",added by the 3 Sep cleanup from Andreea's lists
ADDED,CDI_18,Rainfall,Climate driver,L1,(top level),(new concept),(not present in v4),"Climate variable measuring the depth of water reaching the ground as rain, whose totals, timing and intensity determine crop water availability.  [source: WMO/GCOS Essential Climate Variables (precipitation); AGROVOC: rainfall]",Lolita's decision: the one term to add. Family pattern and source copied from CDI_13/14/15 (WMO/GCOS Essential Climate Variables)
ADDED,CDI_19,El Nino-Southern Oscillation,Climate driver,L2,CDI_09 Climate variability,(new concept),(not present in v4),Climate variability comprising the coupled ocean-atmosphere oscillation in the tropical Pacific that alternates between warm and cold phases on an interannual timescale.  [source: IPCC AR6 WGI Annex VII Glossary: El Nino-Southern Oscillation (ENSO)],"ENSO restored per Lolita. It could not go back on CDI_11 El Nino because ENSO is the whole oscillation and El Nino only its warm phase, so the word was broader than the concept. Both phase definitions already open ""Warm/Cold phase of the El Nino-Southern Oscillation"", so the oscillation was the genus their own text named - it just had no row."
ADDED,CRK_167,Climate impact,Climate risk,L1,(top level),(new concept),(not present in v4),"Consequence of realised climate-related risks on natural and human systems, referring to effects on lives, livelihoods, health and well-being, ecosystems and species, economic, social and cultural assets, services and infrastructure; impacts may be adverse or beneficial.  [source: IPCC AR6 WGII Glossary: Impacts]",added by the 3 Sep cleanup from Andreea's lists
ADDED,CRK_168,Health risk,Climate risk,L1,(top level),(new concept),(not present in v4),"Potential for adverse health consequences - disease, injury, malnutrition or death - in human populations, treated as climate-related when attributable to climate hazards or climate-sensitive transmission pathways.  [source: WHO (environmental health risks); IPCC AR6 WGII Ch.7]",added by the 3 Sep cleanup from Andreea's lists
ADDED,CRK_169,Water scarcity,Climate risk,L4,CRK_121 Hydrological hazard,(new concept),(not present in v4),"Hydrological hazard in which the demand for freshwater exceeds the available supply within a given geographic area and time period, intensifying as demand grows or as the quantity or quality of water resources declines.  [source: FAO / UN-Water (water scarcity); IPCC AR6 WGII Ch.4]",42 of the 2025 results wanted it and nothing in v5 matched 'scarcity'
ADDED,INT_280,Breeding pipeline,Intervention,L2,INT_002 Breeding,(new concept),(not present in v4),Breeding organised as a staged pipeline that advances candidate varieties or breeds from crossing and selection through testing to release.  [source: CGIAR Excellence in Breeding (breeding pipelines)],added by the 3 Sep cleanup from Andreea's lists
ADDED,INT_281,Breeding network,Intervention,L2,INT_002 Breeding,(new concept),(not present in v4),"Breeding conducted through a coordinated network of programmes, stations and partners that share germplasm, trials and data across locations.  [source: CGIAR breeding networks (portfolio category; no external reference)]",added by the 3 Sep cleanup from Andreea's lists
ADDED,INT_282,Fertilizer,Intervention,L2,INT_283 Agricultural input,(new concept),(not present in v4),"Agricultural input that supplies plant nutrients to crops and soils to sustain or increase production, in mineral or organic form.  [source: AGROVOC: fertilizers]",added by the 3 Sep cleanup from Andreea's lists
ADDED,INT_283,Agricultural input,Intervention,L1,(top level),(new concept),(not present in v4),"Intervention comprising the material inputs applied in crop and livestock production, on which yields and system performance depend.  [source: FAO (agricultural inputs); AGROVOC]",added by the 3 Sep cleanup from Andreea's lists
ADDED,INT_284,Integrated soil fertility management,Intervention,L3,INT_212 Soil management,(new concept),(not present in v4),"Soil management that combines organic and mineral nutrient sources with improved germplasm, adapted to local conditions, to sustain soil fertility and productivity.  [source: Vanlauwe et al. (2010) Integrated Soil Fertility Management]",added by the 3 Sep cleanup from Andreea's lists
ADDED,INT_285,Forage conservation,Intervention,L3,INT_049 Forage management,(new concept),(not present in v4),"Forage management that preserves surplus forage as hay, silage or stored residues for feeding during scarcity periods.  [source: FAO (forage conservation); AGROVOC: silage]",added by the 3 Sep cleanup from Andreea's lists
ADDED,INT_286,Solar irrigation,Intervention,L4,INT_039 Irrigation,(new concept),(not present in v4),"Irrigation powered by solar photovoltaic pumping, decoupling water lifting from fossil fuel and grid constraints.  [source: FAO/IWMI (solar-powered irrigation)]",added by the 3 Sep cleanup from Andreea's lists
ADDED,INT_287,Transboundary water management,Intervention,L3,INT_038 Water management,(new concept),(not present in v4),"Water management coordinated across national or administrative boundaries for shared rivers, lakes and aquifers.  [source: UNECE Water Convention; Global Water Partnership]",added by the 3 Sep cleanup from Andreea's lists
ADDED,INT_288,Water conservation,Intervention,L2,INT_235 Natural resource management,(new concept),(not present in v4),"Natural resource management that reduces water losses and demand through storage, soil-moisture retention and efficient use.  [source: AGROVOC: water conservation]",added by the 3 Sep cleanup from Andreea's lists
ADDED,INT_289,Ecosystem conservation,Intervention,L3,INT_059 Landscape management,(new concept),(not present in v4),Landscape management that maintains ecosystems and their species and services by preventing conversion and degradation.  [source: CBD; AGROVOC: nature conservation],added by the 3 Sep cleanup from Andreea's lists
ADDED,INT_290,Agricultural credit,Intervention,L2,INT_305 Financial service,(new concept),(not present in v4),Financial service providing loans and credit tailored to agricultural production cycles and investment needs.  [source: AGROVOC: agricultural credit; FAO],added by the 3 Sep cleanup from Andreea's lists
ADDED,INT_291,Mitigation finance,Intervention,L2,INT_113 Climate finance,(new concept),(not present in v4),Climate finance directed to activities that reduce greenhouse gas emissions or enhance carbon sinks.  [source: UNFCCC (climate finance for mitigation)],added by the 3 Sep cleanup from Andreea's lists
ADDED,INT_292,Climate change fund,Intervention,L2,INT_113 Climate finance,(new concept),(not present in v4),"Climate finance channelled through a dedicated fund established to finance climate action.  [source: UNFCCC financial mechanism (GCF, Adaptation Fund)]",added by the 3 Sep cleanup from Andreea's lists
ADDED,INT_293,Responsible scaling,Intervention,L2,INT_166 Scaling,(new concept),(not present in v4),"Scaling that anticipates and manages the social, environmental and equity consequences of expanding an innovation.  [source: CGIAR Scaling Readiness (responsible scaling)]",added by the 3 Sep cleanup from Andreea's lists
ADDED,INT_294,Cost-benefit analysis,Intervention,L2,INT_184 Economic analysis,(new concept),(not present in v4),Economic analysis that compares the monetised costs and benefits of an intervention to assess its net value.  [source: OECD (cost-benefit analysis)],added by the 3 Sep cleanup from Andreea's lists
ADDED,INT_295,Livestock nutrition,Intervention,L2,INT_048 Livestock management,(new concept),(not present in v4),"Livestock management concerned with the feeding and nutrition of animals - diets, rations and supplements - for health and productivity.  [source: FAO (animal feeding and nutrition)]",added by the 3 Sep cleanup from Andreea's lists
ADDED,INT_296,Human nutrition,Intervention,L1,(top level),(new concept),(not present in v4),Intervention that improves the dietary intake and nutritional status of people through food-based approaches.  [source: FAO/WHO (human nutrition)],added by the 3 Sep cleanup from Andreea's lists
ADDED,INT_297,Carbon dioxide removal,Intervention,L1,(top level),(new concept),(not present in v4),"Intervention comprising anthropogenic activities that remove carbon dioxide from the atmosphere and durably store it in geological, terrestrial or ocean reservoirs, or in products.  [source: IPCC AR6 Glossary: Carbon dioxide removal (CDR)]",added by the 3 Sep cleanup from Andreea's lists
ADDED,INT_298,Climate data,Intervention,L1,(top level),(new concept),(not present in v4),"Intervention encompassing the generation, curation and provision of observational and model data on climate variables for research and climate services.  [source: WMO GCOS; AGROVOC: climatic data]",added by the 3 Sep cleanup from Andreea's lists
ADDED,INT_299,Digital advisory,Intervention,L1,(top level),(new concept),(not present in v4),"Intervention that delivers advisory content to producers through digital channels such as mobile applications, SMS and interactive voice response.  [source: CGIAR/WMO Digital Climate Advisory Services]",added by the 3 Sep cleanup from Andreea's lists
ADDED,INT_300,"Monitoring, evaluation, learning",Intervention,L1,(top level),(new concept),(not present in v4),"Intervention encompassing the monitoring, evaluation and learning functions that track implementation, assess results and feed lessons back into decision-making.  [source: CGIAR MEL framework (no external reference)]",added by the 3 Sep cleanup from Andreea's lists
ADDED,INT_301,Adaptation action,Intervention,L2,INT_303 Climate action,(new concept),(not present in v4),"Climate action comprising the process of adjustment to actual or expected climate and its effects, in order to moderate harm or exploit beneficial opportunities.  [source: IPCC AR6 Glossary: Adaptation]",added by the 3 Sep cleanup from Andreea's lists
ADDED,INT_302,Mitigation action,Intervention,L2,INT_303 Climate action,(new concept),(not present in v4),Climate action that reduces emissions or enhances the sinks of greenhouse gases.  [source: IPCC AR6 Glossary: Mitigation],added by the 3 Sep cleanup from Andreea's lists
ADDED,INT_303,Climate action,Intervention,L1,(top level),(new concept),(not present in v4),"Intervention undertaken to address climate change or its impacts, spanning adaptation, mitigation and enabling measures.  [source: UNFCCC (climate action)]",added by the 3 Sep cleanup from Andreea's lists
ADDED,INT_304,Conflict-sensitive climate action,Intervention,L2,INT_303 Climate action,(new concept),(not present in v4),"Climate action designed and delivered with explicit attention to conflict dynamics, avoiding harm and contributing to peace where possible.  [source: CGIAR Climate Security (conflict-sensitive climate action)]",added by the 3 Sep cleanup from Andreea's lists
ADDED,INT_305,Financial service,Intervention,L1,(top level),(new concept),(not present in v4),"Intervention comprising the provision of financial products and services - credit, savings, insurance and payments - to producers and agri-food actors.  [source: World Bank (financial services); FAO rural finance]",added by the 3 Sep cleanup from Andreea's lists
ADDED,INT_306,Insurance,Intervention,L2,INT_305 Financial service,(new concept),(not present in v4),Financial service providing contractual indemnification of producers or institutions against specified losses in exchange for a premium.  [source: AGROVOC: insurance; World Bank (agricultural insurance)],added by the 3 Sep cleanup from Andreea's lists
ADDED,INT_307,Participatory workshop,Intervention,L2,INT_329 Workshop,(new concept),(not present in v4),"Workshop that convenes stakeholders to deliberate and co-produce outputs jointly, rather than to receive instruction.  [source: FAO (participatory approaches)]",added by the 3 Sep cleanup from Andreea's lists
ADDED,INT_308,Participatory monitoring,Intervention,L2,"INT_300 Monitoring, evaluation, learning",(new concept),(not present in v4),"Monitoring, evaluation, learning that engages local stakeholders in collecting and interpreting monitoring data about conditions, resources or interventions.  [source: FAO (participatory monitoring and evaluation)]",added by the 3 Sep cleanup from Andreea's lists
ADDED,INT_309,Training of trainers,Intervention,L2,INT_150 Training,(new concept),(not present in v4),Training that equips selected trainers to cascade knowledge and skills onward to further trainers or end users.  [source: FAO (training of trainers)],added by the 3 Sep cleanup from Andreea's lists
ADDED,INT_310,Consultation,Intervention,L1,(top level),(new concept),(not present in v4),"Intervention that elicits the views of stakeholders on plans, policies or technologies before decisions are taken.  [source: OECD (stakeholder consultation)]",added by the 3 Sep cleanup from Andreea's lists
ADDED,INT_311,Permaculture,Intervention,L2,INT_022 Agronomic management,(new concept),(not present in v4),"Agronomic management that designs cultivation around perennial, self-maintaining plant-animal assemblages mimicking natural ecosystems.  [source: AGROVOC: permaculture]",added by the 3 Sep cleanup from Andreea's lists
ADDED,INT_312,Mechanization,Intervention,L1,(top level),(new concept),(not present in v4),Intervention that introduces or expands the use of machinery and powered equipment in agricultural operations.  [source: AGROVOC: agricultural machinery; FAO Sustainable Agricultural Mechanization],added by the 3 Sep cleanup from Andreea's lists
ADDED,INT_313,Commercialization,Intervention,L1,(top level),(new concept),(not present in v4),"Intervention that moves products, services or innovations into commercial markets and revenue-generating use.  [source: CGIAR commercialization and scaling literature]",added by the 3 Sep cleanup from Andreea's lists
ADDED,INT_314,Demonstration farm,Intervention,L1,(top level),(new concept),(not present in v4),Intervention that operates a farm or plot to showcase practices and technologies to producers for learning and adoption.  [source: FAO (extension demonstration plots); AGROVOC: agricultural extension (c_37834)],added by the 3 Sep cleanup from Andreea's lists
ADDED,INT_315,Field trial,Intervention,L1,(top level),(new concept),(not present in v4),"Intervention that tests technologies, varieties or practices under field conditions to evaluate their performance.  [source: AGROVOC: field experimentation]",added by the 3 Sep cleanup from Andreea's lists
ADDED,INT_316,On-farm trial,Intervention,L2,INT_315 Field trial,(new concept),(not present in v4),Field trial conducted on producers' own farms under their management conditions.  [source: AGROVOC: on-farm research],added by the 3 Sep cleanup from Andreea's lists
ADDED,INT_317,Long-term experiment,Intervention,L2,INT_315 Field trial,(new concept),(not present in v4),"Field trial maintained over many seasons or years to measure slow or cumulative effects, such as on soils and system resilience.  [source: Rothamsted long-term experiments literature]",added by the 3 Sep cleanup from Andreea's lists
ADDED,INT_318,Pilot,Intervention,L1,(top level),(new concept),(not present in v4),Intervention that implements an approach at limited scale to test feasibility and generate learning before wider rollout.  [source: CGIAR portfolio activity category (no external reference)],added by the 3 Sep cleanup from Andreea's lists
ADDED,INT_319,Farming practice,Intervention,L1,(top level),(new concept),(not present in v4),"Intervention comprising the recurrent crop, livestock and land operations that producers apply in production.  [source: FAO (agricultural practices)]",added by the 3 Sep cleanup from Andreea's lists
ADDED,INT_320,Sustainable agricultural practice,Intervention,L1,(top level),(new concept),(not present in v4),Intervention that maintains production while conserving the natural resource base and limiting environmental pressure.  [source: FAO (sustainable agriculture)],added by the 3 Sep cleanup from Andreea's lists
ADDED,INT_321,Good agricultural practice,Intervention,L1,(top level),(new concept),(not present in v4),"Intervention comprising agricultural operations codified in recognised standards addressing food safety, environmental management and worker welfare.  [source: FAO Good Agricultural Practices]",added by the 3 Sep cleanup from Andreea's lists
ADDED,INT_322,Vector control,Intervention,L3,INT_029 Integrated pest management,(new concept),(not present in v4),"Integrated pest management that targets disease-transmitting organisms - insects, ticks, snails - through environmental, biological or chemical measures.  [source: WHO (vector control)]",added by the 3 Sep cleanup from Andreea's lists
ADDED,INT_323,Biochar,Intervention,L2,INT_283 Agricultural input,(new concept),(not present in v4),"Agricultural input that is a by-product of the pyrolysis of residual biomass, a stable carbonate derivative produced from plant and/or animal biomass for application in agriculture.  [source: IPCC AR6 WGIII Ch.7; AGROVOC: biochar (c_e25876d3)]",11 results; a named material input whose claim is durable soil carbon
ADDED,INT_324,Weather data,Intervention,L1,(top level),(new concept),(not present in v4),"Intervention encompassing the generation, curation and provision of data on atmospheric conditions at a particular time in a particular location, including temperature, humidity, precipitation, wind and visibility.  [source: AGROVOC: weather data (c_29564); AGROVOC: weather (c_15292); WMO Technical Regulations WMO]","Was a synonym of INT_298 Climate data, which it is not: WMO separates weather (hours to days) from climate (multi-decadal statistics). Andreea's list excludes the word as a synonym, which is satisfied by removing it from INT_298; the concept is a separate question her list does not address."
ADDED,INT_325,Seed distribution,Intervention,L1,(top level),(new concept),(not present in v4),Intervention that supplies seed and planting material to farmers through organised public or commercial channels.  [source: FAO Seed Security Assessment (seed distribution channels)],"Was a synonym of INT_111 Emergency seed distribution, where it is broader than the concept: routine distribution is not anticipatory action. Fills a real gap between INT_016 (to breeders), INT_268 (farmer-to-farmer) and INT_111 (emergency only)."
ADDED,INT_326,Carbon finance,Intervention,L3,INT_291 Mitigation finance,(new concept),(not present in v4),Mitigation finance raised through the sale or transfer of carbon credits generated by emission reduction or removal activities.  [source: World Bank (carbon finance); UNFCCC Paris Agreement Article 6],"Andreea asked for it standalone and the substance agrees: carbon finance is revenue from selling credits, narrower than mitigation finance, so R14 fails one way."
ADDED,INT_327,Sustainable forest management,Intervention,L3,INT_064 Forest management,(new concept),(not present in v4),"Forest management comprising the sustainable use and conservation of forests with the aim of maintaining and enhancing multiple forest values through human interventions, assessed against the seven thematic elements of the UN Forest Instrument.  [source: FAO (sustainable forest management); UN Forest Instrument (seven thematic elements)]","A named practice with its own criteria and indicators, not a wording of generic forest management. Approved from the promotion table (row 2)."
ADDED,INT_328,Weather-index insurance,Intervention,L5,INT_122 Index insurance,(new concept),(not present in v4),Index insurance whose payouts are triggered by measured weather variables such as rainfall or temperature recorded at a reference station.  [source: World Bank / IFAD weather index insurance guidance],A kind of index insurance - the index is a weather variable - so a child rather than a wording of it. Approved from the promotion table (row 3).
ADDED,INT_329,Workshop,Intervention,L1,(top level),(new concept),(not present in v4),"Intervention comprising a time-bound facilitated meeting convened to share knowledge, build skills or reach agreement among participants.  [source: CGIAR Capacity Development Framework (workshops listed among ""software"" capacity-developme]",23 tagged units asked for the bare word - second highest demand in the 2025 ledger - while INT_307 Participatory workshop sat childless at L1. Missing genus. Approved from the needs-care table (23u).
ADDED,OTC_121,Yield stability,Outcome,L1,(top level),(new concept),(not present in v4),"Outcome construct denoting the constancy of yield across seasons and stress conditions, treated neutrally as the result whose direction is assessed at tagging.  [source: crop yield-stability literature (Becker & Léon 1988); AGROVOC]",added by the 3 Sep cleanup from Andreea's lists
ADDED,OTC_122,Water productivity,Outcome,L2,OTC_102 Productivity,(new concept),(not present in v4),Productivity expressed as agricultural output per unit of water used.  [source: FAO (water productivity)],added by the 3 Sep cleanup from Andreea's lists
ADDED,OTC_123,Agricultural resilience,Outcome,L2,OTC_050 Resilience,(new concept),(not present in v4),Resilience of agricultural production and livelihoods to shocks and stresses.  [source: IPCC AR6 WGII Glossary: Resilience (scoped to agriculture)],added by the 3 Sep cleanup from Andreea's lists
ADDED,OTC_124,Landscape resilience,Outcome,L2,OTC_050 Resilience,(new concept),(not present in v4),Resilience of landscape-level ecological and social functions to shocks and stresses.  [source: IPCC AR6 WGII Glossary: Resilience (scoped to landscapes)],added by the 3 Sep cleanup from Andreea's lists
ADDED,OTC_125,Food system resilience,Outcome,L2,OTC_050 Resilience,(new concept),(not present in v4),"Resilience of food systems to shocks and stresses affecting production, supply chains and access.  [source: IPCC AR6 WGII Glossary: Resilience (scoped to food systems); HLPE]",added by the 3 Sep cleanup from Andreea's lists
ADDED,OTC_126,Economic resilience,Outcome,L2,OTC_050 Resilience,(new concept),(not present in v4),"Resilience of incomes, assets and economic activity to shocks and stresses.  [source: IPCC AR6 WGII Glossary: Resilience (scoped to economies)]",added by the 3 Sep cleanup from Andreea's lists
ADDED,OTC_127,Social equity,Outcome,L2,OTC_115 Equity,(new concept),(not present in v4),"Equity in the distribution of resources, opportunities and benefits across social groups.  [source: IPCC AR6 WGII (equity and justice in adaptation)]",added by the 3 Sep cleanup from Andreea's lists
ADDED,OTC_128,Gender inclusion,Outcome,L2,OTC_116 Inclusion,(new concept),(not present in v4),"Inclusion of women and men on equitable terms in activities, institutions and benefits.  [source: CGIAR GENDER Impact Platform; IPCC AR6 WGII (inclusion)]",added by the 3 Sep cleanup from Andreea's lists
ADDED,OTC_129,Social inclusion,Outcome,L2,OTC_116 Inclusion,(new concept),(not present in v4),"Inclusion of marginalised or disadvantaged social groups in activities, institutions and benefits.  [source: IPCC AR6 WGII (inclusion); CGIAR GENDER]",added by the 3 Sep cleanup from Andreea's lists
ADDED,OTC_130,Financial inclusion,Outcome,L2,OTC_116 Inclusion,(new concept),(not present in v4),Inclusion of individuals and enterprises in access to and use of affordable formal financial services.  [source: World Bank (financial inclusion)],added by the 3 Sep cleanup from Andreea's lists
ADDED,OTC_131,Agronomic performance,Outcome,L1,(top level),(new concept),(not present in v4),"Outcome construct denoting the field performance of crops or practices - establishment, growth and yield components.  [source: AGROVOC: agronomic characters]",added by the 3 Sep cleanup from Andreea's lists
ADDED,OTC_132,Behavioural change,Outcome,L1,(top level),(new concept),(not present in v4),"Outcome construct denoting changes in the practices, decisions or habits of individuals or organisations.  [source: behaviour-change literature; WHO]",added by the 3 Sep cleanup from Andreea's lists
ADDED,OTC_133,Employment,Outcome,L1,(top level),(new concept),(not present in v4),Outcome construct denoting paid work and jobs generated or sustained.  [source: ILO (decent work and employment)],added by the 3 Sep cleanup from Andreea's lists
ADDED,OTC_134,Rate of return,Outcome,L1,(top level),(new concept),(not present in v4),Outcome construct denoting the financial or economic return generated per unit invested.  [source: CIMMYT (1988) From Agronomic Data to Farmer Recommendations; OECD],added by the 3 Sep cleanup from Andreea's lists
ADDED,OTC_135,Marginal rate of return,Outcome,L2,OTC_134 Rate of return,(new concept),(not present in v4),Rate of return on an additional unit of investment.  [source: CIMMYT (1988) From Agronomic Data to Farmer Recommendations (marginal rate of return)],added by the 3 Sep cleanup from Andreea's lists
ADDED,OTC_136,Return on investment,Outcome,L2,OTC_134 Rate of return,(new concept),(not present in v4),Rate of return expressing net benefit as a share of investment cost.  [source: OECD (return on investment)],added by the 3 Sep cleanup from Andreea's lists
ADDED,OTC_137,Food access,Outcome,L1,(top level),(new concept),(not present in v4),"Outcome construct denoting the physical, social and economic access of people to sufficient, safe and nutritious food that meets their dietary needs.  [source: FAO (food access; World Food Summit 1996)]",added by the 3 Sep cleanup from Andreea's lists
ADDED,OTC_138,Feed availability,Outcome,L1,(top level),(new concept),(not present in v4),Outcome construct denoting the sufficiency of feed and forage supply for livestock across seasons.  [source: FAO (livestock feed security)],added by the 3 Sep cleanup from Andreea's lists
ADDED,OTC_139,Gender equity,Outcome,L2,OTC_115 Equity,(new concept),(not present in v4),"Equity between women and men in the distribution of resources, opportunities and benefits.  [source: CGIAR GENDER Impact Platform; FAO]",added by the 3 Sep cleanup from Andreea's lists
ADDED,OUT_117,Germplasm,Output,L1,(top level),(new concept),(not present in v4),"Output comprising any material of plant or animal origin containing functional units of heredity, conserved and exchanged as a resource for breeding.  [source: ITPGRFA Art. 2 (genetic material); FAO]",added by the 3 Sep cleanup from Andreea's lists
ADDED,OUT_118,Climate-risk credit score,Output,L2,OUT_011 Composite index,(new concept),(not present in v4),Composite index that scores the climate-related risk of borrowers or portfolios to inform lending decisions.  [source: climate risk finance literature (no established authority)],added by the 3 Sep cleanup from Andreea's lists
ADDED,OUT_119,Hybrid variety,Output,L2,OUT_002 Variety,(new concept),(not present in v4),"Variety that results from crossing two genetically distinct parent lines, exploiting the vigour expressed in the first filial generation.  [source: AGROVOC: hybrids]",added by the 3 Sep cleanup from Andreea's lists
ADDED,OUT_120,Improved variety,Output,L2,OUT_002 Variety,(new concept),(not present in v4),Variety that has been developed through selection or breeding for defined agronomic or quality characteristics.  [source: FAO (improved varieties); AGROVOC],added by the 3 Sep cleanup from Andreea's lists
ADDED,OUT_121,Innovation,Output,L1,(top level),(new concept),(not present in v4),"Output comprising a new or improved product or process, or a combination thereof, that differs significantly from previous products or processes and has been made available to potential users or brought into use.  [source: OECD/Eurostat Oslo Manual (2018)]",added by the 3 Sep cleanup from Andreea's lists
ADDED,OUT_122,Fodder bank,Output,L1,(top level),(new concept),(not present in v4),Output comprising an established reserve of cultivated forage or stored feed maintained to supply livestock through scarcity periods.  [source: ILRI/FAO (fodder banks)],added by the 3 Sep cleanup from Andreea's lists
ADDED,OUT_123,Seed bank,Output,L1,(top level),(new concept),(not present in v4),"Output comprising a facility that stores, maintains, and distributes seed varieties to support farmer, pastoralist, and producer access to appropriate planting material  [source: FAO (community seed banks)]",added by the 3 Sep cleanup from Andreea's lists
ADDED,OUT_124,Data system,Output,L1,(top level),(new concept),(not present in v4),"Output comprising an organised infrastructure for collecting, storing, managing and sharing data.  [source: CGIAR portfolio output category (no external reference)]",added by the 3 Sep cleanup from Andreea's lists
ADDED,OUT_125,Sustainable livelihoods framework,Output,L2,OUT_083 Framework,(new concept),(not present in v4),"Framework that analyses livelihoods through capital assets, vulnerability context and institutions to guide development and resilience interventions.  [source: DFID Sustainable Livelihoods Framework (1999)]",added by the 3 Sep cleanup from Andreea's lists
ADDED,OUT_126,Mitigation plan,Output,L1,(top level),(new concept),(not present in v4),"Output comprising a plan that sets out measures, targets and responsibilities for reducing greenhouse gas emissions.  [source: UNFCCC (mitigation planning)]",added by the 3 Sep cleanup from Andreea's lists
ADDED,OUT_127,Mitigation policy,Output,L2,OUT_048 Climate policy,(new concept),(not present in v4),Climate policy directed at reducing greenhouse gas emissions or enhancing their sinks.  [source: UNFCCC; IPCC AR6 WGIII (mitigation policy)],added by the 3 Sep cleanup from Andreea's lists
ADDED,OUT_128,Enhanced Transparency Framework,Output,L2,OUT_083 Framework,(new concept),(not present in v4),"Framework under the Paris Agreement through which countries report greenhouse gas inventories, progress on their NDCs and support, subject to international review.  [source: UNFCCC Paris Agreement Art. 13 (Enhanced Transparency Framework)]",added by the 3 Sep cleanup from Andreea's lists
ADDED,OUT_129,Research network,Output,L2,OUT_039 Network,(new concept),(not present in v4),"Network that connects researchers and institutions for joint studies, shared data and coordinated agendas.  [source: AGROVOC: research networks]",added by the 3 Sep cleanup from Andreea's lists
ADDED,OUT_130,Financial product,Output,L1,(top level),(new concept),(not present in v4),"Output comprising a packaged financial offering - loans, insurance, savings or guarantees - made available to clients.  [source: World Bank/OECD (financial products)]",added by the 3 Sep cleanup from Andreea's lists
ADDED,OUT_131,Loan,Output,L2,OUT_130 Financial product,(new concept),(not present in v4),Financial product providing borrowed capital to be repaid with interest over an agreed term.  [source: OECD/World Bank (credit and lending)],added by the 3 Sep cleanup from Andreea's lists
ADDED,OUT_132,Monitoring tool,Output,L1,(top level),(new concept),(not present in v4),"Output comprising a tool for systematic tracking of conditions, implementation or results.  [source: CGIAR portfolio output category (no external reference)]",added by the 3 Sep cleanup from Andreea's lists
ADDED,OUT_133,Dashboard,Output,L1,(top level),(new concept),(not present in v4),Output comprising a visual interface that consolidates indicators and data streams for at-a-glance monitoring and decision support.  [source: CGIAR portfolio output category (no external reference)],added by the 3 Sep cleanup from Andreea's lists
ADDED,OUT_134,Repository,Output,L1,(top level),(new concept),(not present in v4),"Output comprising a curated store where datasets, documents or materials are deposited, preserved and made accessible.  [source: AGROVOC: databases; FAIR data repositories]",added by the 3 Sep cleanup from Andreea's lists
ADDED,OUT_135,Agro-climatic bulletin,Output,L2,OUT_029 Bulletin,(new concept),(not present in v4),Bulletin that communicates weather and climate information tailored to agricultural decisions for a season or locality.  [source: WMO (agrometeorological bulletins); FAO],added by the 3 Sep cleanup from Andreea's lists
ADDED,STK_066,Farmer,Stakeholder,L2,STK_001 Producer,(new concept),(not present in v4),Producer who cultivates crops or raises livestock on a farm holding.  [source: AGROVOC: farmers],added by the 3 Sep cleanup from Andreea's lists
ADDED,STK_067,Worker,Stakeholder,L1,(top level),(new concept),(not present in v4),"Actor category comprising people employed for labour in agri-food systems - on farms, in processing, distribution and services.  [source: ILO (agricultural workers / decent work)]",added by the 3 Sep cleanup from Andreea's lists
ADDED,STK_068,Community,Stakeholder,L2,STK_009 Social group,(new concept),(not present in v4),Social group comprising communities with high exposure or sensitivity to climate hazards and limited adaptive capacity.  [source: AGROVOC: communities],added by the 3 Sep cleanup from Andreea's lists
ADDED,STK_069,Water management organization,Stakeholder,L2,STK_039 Civil society,(new concept),(not present in v4),"Civil society organisation that manages water allocation, infrastructure or use on behalf of its members, such as a water user association.  [source: IWRM (water users' associations)]",added by the 3 Sep cleanup from Andreea's lists
ADDED,STK_070,Scaling partner,Stakeholder,L1,(top level),(new concept),(not present in v4),"Actor category comprising organisations that carry innovations to scale through delivery networks, investment or policy channels.  [source: CGIAR partnership category (no external reference)]",added by the 3 Sep cleanup from Andreea's lists
ADDED,STK_071,Public partner,Stakeholder,L1,(top level),(new concept),(not present in v4),Actor category comprising government and public-sector organisations engaged as partners in research or delivery.  [source: CGIAR partnership category (no external reference)],added by the 3 Sep cleanup from Andreea's lists
ADDED,STK_072,Private partner,Stakeholder,L1,(top level),(new concept),(not present in v4),Actor category comprising private-sector companies engaged as partners in research or delivery.  [source: CGIAR partnership category (no external reference)],added by the 3 Sep cleanup from Andreea's lists
ADDED,STK_073,Service provider,Stakeholder,L1,(top level),(new concept),(not present in v4),"Actor category comprising organisations or individuals supplying services - advisory, financial, mechanisation or veterinary - to producers.  [source: FAO (pluralistic advisory services)]",added by the 3 Sep cleanup from Andreea's lists
ADDED,STK_074,Research institution,Stakeholder,L1,(top level),(new concept),(not present in v4),"Actor category comprising universities, institutes and centres conducting research.  [source: UN/FAO (research institutions; CGIAR)]",added by the 3 Sep cleanup from Andreea's lists
ADDED,SYS_106,Floodplain,System,L2,SYS_039 Natural ecosystem,(new concept),(not present in v4),"Natural ecosystem comprising low-lying land adjacent to rivers or lakes that is periodically inundated, supporting flood-recession agriculture, grazing and fisheries.  [source: AGROVOC: floodplains]",added by the 3 Sep cleanup from Andreea's lists
ADDED,SYS_107,Seed system,System,L1,(top level),(new concept),(not present in v4),"System comprising the actors, channels and institutions through which seed of crop varieties is produced, multiplied, distributed and accessed by farmers, spanning formal and informal channels.  [source: FAO; Integrated Seed Sector Development (ISSD)]",added by the 3 Sep cleanup from Andreea's lists
ADDED,SYS_108,Irrigated cropland,System,L1,(top level),(new concept),(not present in v4),"Agricultural land equipped for and cultivated under irrigation, where water control shapes cropping intensity and climate exposure.  [source: AGROVOC: irrigated land; FAO AQUASTAT]",added by the 3 Sep cleanup from Andreea's lists
ADDED,SYS_109,Farming system,System,L2,SYS_115 Production system,(new concept),(not present in v4),"Production system comprising the crops, livestock, trees, labour and resources that a farm household combines and manages as one production and livelihood unit.  [source: FAO (farming systems; Dixon et al. 2001)]",added by the 3 Sep cleanup from Andreea's lists
ADDED,SYS_110,Multifunctional landscape,System,L1,(top level),(new concept),(not present in v4),"Landscape managed to deliver multiple functions simultaneously - agricultural production, ecosystem services, biodiversity and livelihoods.  [source: FAO (multifunctional landscapes); landscape approach literature]",added by the 3 Sep cleanup from Andreea's lists
ADDED,SYS_111,Apiculture,System,L2,SYS_115 Production system,(new concept),(not present in v4),"Production system based on keeping honey-bee colonies for honey, other hive products and pollination services.  [source: AGROVOC: apiculture]",added by the 3 Sep cleanup from Andreea's lists
ADDED,SYS_112,Rangeland,System,L1,(top level),(new concept),(not present in v4),"Land system dominated by natural or semi-natural grasses, shrubs and open woodland, used primarily for extensive grazing of livestock.  [source: AGROVOC: rangelands; FAO]",added by the 3 Sep cleanup from Andreea's lists
ADDED,SYS_113,Supply chain,System,L1,(top level),(new concept),(not present in v4),"System comprising the sequence of actors and activities that move an agricultural product from input supply and production through aggregation, processing and distribution to consumption.  [source: FAO food value chains]",added by the 3 Sep cleanup from Andreea's lists
ADDED,SYS_114,Black soldier fly system,System,L3,SYS_018 Livestock system,(new concept),(not present in v4),Livestock system based on rearing black soldier fly larvae on organic residues to produce animal-feed protein and frass fertilizer.  [source: FAO (insects as food and feed); AGROVOC: Hermetia illucens (c_6d9f26e7)],added by the 3 Sep cleanup from Andreea's lists
ADDED,SYS_115,Production system,System,L1,(top level),(new concept),(not present in v4),"System organised to produce crops, livestock, fish or other agricultural outputs, combining land, water, labour and inputs.  [source: FAO (production systems)]",added by the 3 Sep cleanup from Andreea's lists
ADDED,SYS_116,Silvopastoral system,System,L4,SYS_076 Mixed crop-tree system,(new concept),(not present in v4),"Mixed crop-tree system including trees or shrubs, and pastures or animals, in some form of spatial arrangement or temporal sequence.  [source: AGROVOC: silvopastoral systems (c_16097) - scope note]",14 results; the trees-plus-livestock case of SYS_076
ADDED,SYS_117,Constructed wetland,System,L3,SYS_045 Wetland,(new concept),(not present in v4),"Wetland engineered to mimic natural wetland processes, using vegetation, soils and microbial assemblages to treat wastewater, manage stormwater runoff, create wildlife habitats and provide other ecosystem services.  [source: AGROVOC: constructed wetlands (c_331329); Ramsar Convention Art. 1.1 (wetland)]","Engineered, not natural. SYS_045 is explicitly defined as a NATURAL ecosystem, so the phrase contradicted its own owner's definition. Approved (row 5)."
ADDED,SYS_118,Seed supply chain,System,L2,SYS_113 Supply chain,(new concept),(not present in v4),"Supply chain comprising the network that produces, handles and distributes seed and planting material, encompassing the steps it takes to get it from supplier to farmer.  [source: AGROVOC: supply chains (c_9fbe9719); FAO seed systems (formal and informal seed supply)]",A distinct chain with its own actors. Approved (row 8).
RETIRED,ADP_06,Scaling,Adoption pathway,L1,(top level),(concept retired),"Stage of the adoption pathway at which the reach of an adaptation product, practice, service, or technology is expanded to more users, places, or scales beyond initial adoption.",successor: dropped,removed by Andreea in v5 draft
RETIRED,CRK_03,Exposure,Climate risk,L1,(top level),(concept retired),"Dimension of climate risk referring to the presence of people, livelihoods, species or ecosystems, environmental functions, services and resources, infrastructure, or economic, social, or cultural assets in places and settings that could be adversely affected by a climate hazard.",successor: CRK_163,removed by Andreea in v5 draft
RETIRED,CRK_04,Vulnerability,Climate risk,L1,(top level),(concept retired),"Dimension of climate risk referring to the propensity or predisposition to be adversely affected, encompassing sensitivity or susceptibility to harm and lack of capacity to cope and adapt.",successor: CRK_164,removed by Andreea in v5 draft
RETIRED,CRK_05,Sensitivity,Climate risk,L1,(top level),(concept retired),"Component of vulnerability referring to the degree to which a system is affected, either adversely or beneficially, by climate variability or change; effects may be direct, such as a change in crop yield in response to temperature, or indirect, such as damages from more frequent ",successor: CRK_165,removed by Andreea in v5 draft
RETIRED,INT_092,Climate data generation,Intervention,L2,INT_091 Climate service,(concept retired),"Climate service that observes, measures, and compiles climate and weather data to provide the foundation for climate analysis, forecasting, and services.",successor: dropped,removed by Andreea in v5 draft
RETIRED,INT_157,National research and extension system strengthening,Intervention,L2,INT_149 Capacity sharing,(concept retired),"Capacity sharing that builds the institutional capacity, staffing, and linkages of national agricultural research and extension systems to generate and deliver climate adaptation knowledge and services.",successor: dropped,removed by Andreea in v5 draft
RETIRED,INT_190,Climate-health programming,Intervention,L2,INT_189 Health and nutrition,(concept retired),"Health and nutrition that builds climate-resilient health systems and services to anticipate, prevent, and respond to climate-sensitive health risks.",successor: dropped,removed by Andreea in v5 draft
RETIRED,INT_195,Climate-mobility programming,Intervention,L2,INT_194 Migration,(concept retired),"Migration that designs and delivers programmes supporting people who move in the context of climate change, reducing risks and enabling migration as adaptation.",successor: dropped,removed by Andreea in v5 draft
RETIRED,INT_196,Planned relocation support,Intervention,L2,INT_194 Migration,(concept retired),"Migration that assists the planned, managed movement of people and communities away from areas of high climate risk to safer locations, with measures to protect their rights and livelihoods.",successor: dropped,removed by Andreea in v5 draft
RETIRED,INT_201,Intellectual property and licensing,Intervention,L3,INT_021 Genetic resource policy,(concept retired),"Genetic resource policy that governs intellectual property rights and licensing arrangements over plant varieties and other genetic materials, balancing innovation incentives with access for adaptation.",successor: dropped,removed by Andreea in v5 draft
RETIRED,OUT_006,Insurance product,Output,L1,(top level),(concept retired),"Output comprising a contractual financial product that indemnifies producers or institutions against climate-related agricultural losses in exchange for a premium, transferring weather and climate risk away from the insured party.",successor: INT_306 Insurance,removed by Andreea in v5 draft
RETIRED,OUT_042,Plan,Output,L1,(top level),(concept retired),"Output comprising a structured document that sets out objectives, actions, responsibilities, and resources for achieving a defined adaptation goal over a given period and scope.",successor: dropped (children promoted to L1),removed by Andreea in v5 draft
RETIRED,OUT_054,Market intelligence platform,Output,L1,(top level),(concept retired),"Software platform that collects, analyses, and disseminates information on agricultural markets - prices, demand, supply, and trade flows - to support climate-adaptive production, marketing, and investment decisions by producers and value-chain actors.",successor: dropped,removed by Andreea in v5 draft
RETIRED,OUT_065,Climate information product,Output,L1,(top level),(concept retired),"Output comprising a tool, service, or communication product that packages climate, weather, or agro-climatic information for use in adaptation decision-making.",successor: dropped (children promoted to L1),removed by Andreea in v5 draft
RETIRED,STK_012,Indigenous Peoples,Stakeholder,L2,STK_009 Social group,(concept retired),"Social group comprising peoples with distinct cultural identities and traditional relationships to land and natural resources, often living in climate-sensitive ecosystems and holding knowledge systems relevant to adaptation.",successor: STK_065,same-facet duplicate merged
RENAMED,CCC_30,Gender-transformative,Cross-cutting concept,L1,(top level),Term,Gender-transformative approach,Gender-transformative,changed by the 3 Sep cleanup; per-row reason in v5_hierarchy_decisions.md
RENAMED,CRK_110,Chilling stress,Climate risk,L6,CRK_108 Cold stress,Term,               Chilling injury,               Chilling stress,"kind mismatch with its sibling Frost: Frost names a condition, this named the damage. The facet is defined as the potential for adverse consequences, so a hazard should be the condition. ""Chilling stress"" was already in the Synonyms cell and matches the family pattern (Heat stress, Cold stress). Lolita's decision."
RENAMED,CRK_136,Biological hazard,Climate risk,L2,CRK_100 Climate hazard,Term,   Biotic hazard,   Biological hazard,"jargon label swapped with the plainer wording that was already sitting in Synonyms; ""biotic hazard"" kept as a synonym so nothing stops matching"
RENAMED,CRK_144,Soil hazard,Climate risk,L3,CRK_161 Abiotic hazard,Term,      Edaphic hazard,      Soil hazard,"jargon label swapped with the plainer wording that was already sitting in Synonyms; ""edaphic hazard"" kept as a synonym so nothing stops matching"
RENAMED,CRK_159,Marine hazard,Climate risk,L3,CRK_161 Abiotic hazard,Term,      Oceanic hazard,      Marine hazard,"jargon label swapped with the plainer wording that was already sitting in Synonyms; ""oceanic hazard"" kept as a synonym so nothing stops matching"
RENAMED,CRK_165,Climate sensitivity,Climate risk,L1,(top level),Term,   Sensitivity to climate hazard,Climate sensitivity,changed by the 3 Sep cleanup; per-row reason in v5_hierarchy_decisions.md
RENAMED,INT_049,Forage management,Intervention,L2,INT_048 Livestock management,Term,   Feed and forage management,   Forage management,changed by the 3 Sep cleanup; per-row reason in v5_hierarchy_decisions.md
RENAMED,INT_094,Climate model,Intervention,L1,(top level),Term,   Climate modelling,Climate model,changed by the 3 Sep cleanup; per-row reason in v5_hierarchy_decisions.md
RENAMED,INT_096,Climate forecast,Intervention,L2,INT_091 Climate service,Term,   Climate forecasting,   Climate forecast,changed by the 3 Sep cleanup; per-row reason in v5_hierarchy_decisions.md
RENAMED,INT_098,Climate advisory,Intervention,L2,INT_091 Climate service,Term,   Climate advisory provision,   Climate advisory,changed by the 3 Sep cleanup; per-row reason in v5_hierarchy_decisions.md
RENAMED,INT_099,Digital climate advisory,Intervention,L3,INT_098 Climate advisory,Term,   Digital climate advisory provision,      Digital climate advisory,changed by the 3 Sep cleanup; per-row reason in v5_hierarchy_decisions.md
RENAMED,INT_100,Early warning system,Intervention,L2,INT_091 Climate service,Term,   Early warning system operation,   Early warning system,changed by the 3 Sep cleanup; per-row reason in v5_hierarchy_decisions.md
RENAMED,INT_110,Forecast-based finance,Intervention,L3,INT_108 Anticipatory action,Term,      Forecast-based financing,      Forecast-based finance,changed by the 3 Sep cleanup; per-row reason in v5_hierarchy_decisions.md
RENAMED,INT_150,Training,Intervention,L1,(top level),Term,   Training delivery,Training,changed by the 3 Sep cleanup; per-row reason in v5_hierarchy_decisions.md
RENAMED,INT_151,Curriculum,Intervention,L1,(top level),Term,   Curriculum development,Curriculum,changed by the 3 Sep cleanup; per-row reason in v5_hierarchy_decisions.md
RENAMED,INT_160,Community of practice,Intervention,L1,(top level),Term,   Community of practice facilitation,Community of practice,changed by the 3 Sep cleanup; per-row reason in v5_hierarchy_decisions.md
RENAMED,INT_181,Research,Intervention,L1,(top level),Term,Research and synthesis,Research,changed by the 3 Sep cleanup; per-row reason in v5_hierarchy_decisions.md
RENAMED,INT_189,Climate-health integration,Intervention,L1,(top level),Term,Health and nutrition,Climate-health integration,changed by the 3 Sep cleanup; per-row reason in v5_hierarchy_decisions.md
RENAMED,INT_192,Healthy diet,Intervention,L2,INT_296 Human nutrition,Term,   Sustainable healthy diet promotion,   Healthy diet,changed by the 3 Sep cleanup; per-row reason in v5_hierarchy_decisions.md
RENAMED,INT_200,Digital sequence information,Intervention,L2,INT_021 Genetic resource policy,Term,      Digital sequence information (DSI) governance,   Digital sequence information,changed by the 3 Sep cleanup; per-row reason in v5_hierarchy_decisions.md
RENAMED,INT_232,Agro-climate advisory,Intervention,L2,INT_091 Climate service,Term,   Agro-climate advisory provision,   Agro-climate advisory,changed by the 3 Sep cleanup; per-row reason in v5_hierarchy_decisions.md
RENAMED,INT_264,Climate information,Intervention,L2,INT_091 Climate service,Term,   Climate information management,   Climate information,changed by the 3 Sep cleanup; per-row reason in v5_hierarchy_decisions.md
RENAMED,OUT_040,Data platform,Output,L1,(top level),Term,Open data platform,Data platform,changed by the 3 Sep cleanup; per-row reason in v5_hierarchy_decisions.md
RENAMED,OUT_064,Climate risk scoring tool,Output,L1,(top level),Term,Risk scoring tool,Climate risk scoring tool,changed by the 3 Sep cleanup; per-row reason in v5_hierarchy_decisions.md
RENAMED,OUT_070,Climate observation network,Output,L1,(top level),Term,   Observation network,Climate observation network,changed by the 3 Sep cleanup; per-row reason in v5_hierarchy_decisions.md
RENAMED,OUT_110,Carbon accounting methodology,Output,L2,OUT_030 Methodology,Term,   Carbon market methodology,   Carbon accounting methodology,changed by the 3 Sep cleanup; per-row reason in v5_hierarchy_decisions.md
RENAMED,SYS_095,Bean,System,L5,SYS_009 Pulse,Term,         Common bean,            Bean,changed by the 3 Sep cleanup; per-row reason in v5_hierarchy_decisions.md
FACET CHANGED,CCC_32,Youth inclusion,Outcome,L2,OTC_116 Inclusion,Facet,Cross-cutting concept,Outcome,changed by the 3 Sep cleanup; per-row reason in v5_hierarchy_decisions.md
FACET CHANGED,OUT_018,Bundled climate service,Intervention,L2,INT_091 Climate service,Facet,Output,Intervention,changed by the 3 Sep cleanup; per-row reason in v5_hierarchy_decisions.md
FACET CHANGED,OUT_080,Biofertilizer,Intervention,L3,INT_282 Fertilizer,Facet,Output,Intervention,changed by the 3 Sep cleanup; per-row reason in v5_hierarchy_decisions.md
FACET CHANGED,OUT_081,Biocontrol agent,Intervention,L2,INT_283 Agricultural input,Facet,Output,Intervention,changed by the 3 Sep cleanup; per-row reason in v5_hierarchy_decisions.md
RE-PARENTED,CCC_32,Youth inclusion,Outcome,L2,OTC_116 Inclusion,Parent ID,(top level),OTC_116 Inclusion,changed by the 3 Sep cleanup; per-row reason in v5_hierarchy_decisions.md
RE-PARENTED,CRK_09,Climate shock,Climate risk,L2,CRK_100 Climate hazard,Parent ID,(top level),CRK_100 Climate hazard,changed by the 3 Sep cleanup; per-row reason in v5_hierarchy_decisions.md
RE-PARENTED,CRK_10,Climate stressor,Climate risk,L2,CRK_100 Climate hazard,Parent ID,(top level),CRK_100 Climate hazard,changed by the 3 Sep cleanup; per-row reason in v5_hierarchy_decisions.md
RE-PARENTED,CRK_120,Dust storm,Climate risk,L5,CRK_113 Storm,Parent ID,CRK_101 Atmospheric hazard,CRK_113 Storm,changed by the 3 Sep cleanup; per-row reason in v5_hierarchy_decisions.md
RE-PARENTED,CRK_131,Glacial lake outburst flood,Climate risk,L5,CRK_122 Flood,Parent ID,CRK_121 Hydrological hazard,CRK_122 Flood,changed by the 3 Sep cleanup; per-row reason in v5_hierarchy_decisions.md
RE-PARENTED,CRK_163,Climate exposure,Climate risk,L1,(top level),Parent ID,CRK_03 Exposure,(top level),changed by the 3 Sep cleanup; per-row reason in v5_hierarchy_decisions.md
RE-PARENTED,CRK_164,Climate vulnerability,Climate risk,L1,(top level),Parent ID,CRK_04 Vulnerability,(top level),changed by the 3 Sep cleanup; per-row reason in v5_hierarchy_decisions.md
RE-PARENTED,CRK_165,Climate sensitivity,Climate risk,L1,(top level),Parent ID,CRK_05 Sensitivity,(top level),changed by the 3 Sep cleanup; per-row reason in v5_hierarchy_decisions.md
RE-PARENTED,INT_002,Breeding,Intervention,L1,(top level),Parent ID,INT_001 Genetic resource management,(top level),changed by the 3 Sep cleanup; per-row reason in v5_hierarchy_decisions.md
RE-PARENTED,INT_009,Genetic resource conservation,Intervention,L1,(top level),Parent ID,INT_001 Genetic resource management,(top level),changed by the 3 Sep cleanup; per-row reason in v5_hierarchy_decisions.md
RE-PARENTED,INT_014,Germplasm collecting,Intervention,L1,(top level),Parent ID,INT_001 Genetic resource management,(top level),changed by the 3 Sep cleanup; per-row reason in v5_hierarchy_decisions.md
RE-PARENTED,INT_015,Germplasm characterization,Intervention,L1,(top level),Parent ID,INT_001 Genetic resource management,(top level),changed by the 3 Sep cleanup; per-row reason in v5_hierarchy_decisions.md
RE-PARENTED,INT_016,Germplasm distribution,Intervention,L1,(top level),Parent ID,INT_001 Genetic resource management,(top level),changed by the 3 Sep cleanup; per-row reason in v5_hierarchy_decisions.md
RE-PARENTED,INT_017,Trait discovery,Intervention,L1,(top level),Parent ID,INT_001 Genetic resource management,(top level),changed by the 3 Sep cleanup; per-row reason in v5_hierarchy_decisions.md
RE-PARENTED,INT_018,Seed multiplication,Intervention,L1,(top level),Parent ID,INT_001 Genetic resource management,(top level),changed by the 3 Sep cleanup; per-row reason in v5_hierarchy_decisions.md
RE-PARENTED,INT_019,Seed system strengthening,Intervention,L1,(top level),Parent ID,INT_001 Genetic resource management,(top level),changed by the 3 Sep cleanup; per-row reason in v5_hierarchy_decisions.md
RE-PARENTED,INT_020,Variety release,Intervention,L1,(top level),Parent ID,INT_001 Genetic resource management,(top level),changed by the 3 Sep cleanup; per-row reason in v5_hierarchy_decisions.md
RE-PARENTED,INT_021,Genetic resource policy,Intervention,L1,(top level),Parent ID,INT_001 Genetic resource management,(top level),changed by the 3 Sep cleanup; per-row reason in v5_hierarchy_decisions.md
RE-PARENTED,INT_057,Animal breeding,Intervention,L2,INT_002 Breeding,Parent ID,INT_048 Livestock management,INT_002 Breeding,changed by the 3 Sep cleanup; per-row reason in v5_hierarchy_decisions.md
RE-PARENTED,INT_094,Climate model,Intervention,L1,(top level),Parent ID,INT_091 Climate service,(top level),changed by the 3 Sep cleanup; per-row reason in v5_hierarchy_decisions.md
RE-PARENTED,INT_095,Earth observation,Intervention,L1,(top level),Parent ID,INT_091 Climate service,(top level),changed by the 3 Sep cleanup; per-row reason in v5_hierarchy_decisions.md
RE-PARENTED,INT_099,Digital climate advisory,Intervention,L3,INT_098 Climate advisory,Parent ID,INT_091 Climate service,INT_098 Climate advisory,changed by the 3 Sep cleanup; per-row reason in v5_hierarchy_decisions.md
RE-PARENTED,INT_101,Risk assessment,Intervention,L1,(top level),Parent ID,INT_181 Research and synthesis,(top level),changed by the 3 Sep cleanup; per-row reason in v5_hierarchy_decisions.md
RE-PARENTED,INT_120,Climate insurance,Intervention,L3,INT_306 Insurance,Parent ID,INT_113 Climate finance,INT_306 Insurance,changed by the 3 Sep cleanup; per-row reason in v5_hierarchy_decisions.md
RE-PARENTED,INT_150,Training,Intervention,L1,(top level),Parent ID,INT_149 Capacity sharing,(top level),changed by the 3 Sep cleanup; per-row reason in v5_hierarchy_decisions.md
RE-PARENTED,INT_151,Curriculum,Intervention,L1,(top level),Parent ID,INT_149 Capacity sharing,(top level),changed by the 3 Sep cleanup; per-row reason in v5_hierarchy_decisions.md
RE-PARENTED,INT_152,Coaching,Intervention,L1,(top level),Parent ID,INT_149 Capacity sharing,(top level),changed by the 3 Sep cleanup; per-row reason in v5_hierarchy_decisions.md
RE-PARENTED,INT_153,Fellowship,Intervention,L1,(top level),Parent ID,INT_149 Capacity sharing,(top level),changed by the 3 Sep cleanup; per-row reason in v5_hierarchy_decisions.md
RE-PARENTED,INT_154,Institutional twinning,Intervention,L1,(top level),Parent ID,INT_149 Capacity sharing,(top level),changed by the 3 Sep cleanup; per-row reason in v5_hierarchy_decisions.md
RE-PARENTED,INT_155,South-South knowledge exchange,Intervention,L1,(top level),Parent ID,INT_149 Capacity sharing,(top level),changed by the 3 Sep cleanup; per-row reason in v5_hierarchy_decisions.md
RE-PARENTED,INT_156,Triangular cooperation,Intervention,L1,(top level),Parent ID,INT_149 Capacity sharing,(top level),changed by the 3 Sep cleanup; per-row reason in v5_hierarchy_decisions.md
RE-PARENTED,INT_160,Community of practice,Intervention,L1,(top level),Parent ID,INT_149 Capacity sharing,(top level),changed by the 3 Sep cleanup; per-row reason in v5_hierarchy_decisions.md
RE-PARENTED,INT_161,Knowledge integration,Intervention,L1,(top level),Parent ID,INT_149 Capacity sharing,(top level),changed by the 3 Sep cleanup; per-row reason in v5_hierarchy_decisions.md
RE-PARENTED,INT_167,Scaling readiness assessment,Intervention,L1,(top level),Parent ID,INT_166 Scaling,(top level),changed by the 3 Sep cleanup; per-row reason in v5_hierarchy_decisions.md
RE-PARENTED,INT_168,Innovation bundling,Intervention,L1,(top level),Parent ID,INT_166 Scaling,(top level),changed by the 3 Sep cleanup; per-row reason in v5_hierarchy_decisions.md
RE-PARENTED,INT_169,Business model development,Intervention,L1,(top level),Parent ID,INT_166 Scaling,(top level),changed by the 3 Sep cleanup; per-row reason in v5_hierarchy_decisions.md
RE-PARENTED,INT_173,Public-private partnership development,Intervention,L1,(top level),Parent ID,INT_166 Scaling,(top level),changed by the 3 Sep cleanup; per-row reason in v5_hierarchy_decisions.md
RE-PARENTED,INT_182,Evidence synthesis,Intervention,L1,(top level),Parent ID,INT_181 Research and synthesis,(top level),changed by the 3 Sep cleanup; per-row reason in v5_hierarchy_decisions.md
RE-PARENTED,INT_183,Foresight analysis,Intervention,L1,(top level),Parent ID,INT_181 Research and synthesis,(top level),changed by the 3 Sep cleanup; per-row reason in v5_hierarchy_decisions.md
RE-PARENTED,INT_184,Economic analysis,Intervention,L1,(top level),Parent ID,INT_181 Research and synthesis,(top level),changed by the 3 Sep cleanup; per-row reason in v5_hierarchy_decisions.md
RE-PARENTED,INT_185,Political economy analysis,Intervention,L1,(top level),Parent ID,INT_181 Research and synthesis,(top level),changed by the 3 Sep cleanup; per-row reason in v5_hierarchy_decisions.md
RE-PARENTED,INT_186,True-cost accounting,Intervention,L1,(top level),Parent ID,INT_181 Research and synthesis,(top level),changed by the 3 Sep cleanup; per-row reason in v5_hierarchy_decisions.md
RE-PARENTED,INT_187,Whole-farm system analysis,Intervention,L1,(top level),Parent ID,INT_181 Research and synthesis,(top level),changed by the 3 Sep cleanup; per-row reason in v5_hierarchy_decisions.md
RE-PARENTED,INT_188,Spatial prioritization,Intervention,L1,(top level),Parent ID,INT_181 Research and synthesis,(top level),changed by the 3 Sep cleanup; per-row reason in v5_hierarchy_decisions.md
RE-PARENTED,INT_191,Nutrition-sensitive agriculture,Intervention,L2,INT_296 Human nutrition,Parent ID,INT_189 Health and nutrition,INT_296 Human nutrition,changed by the 3 Sep cleanup; per-row reason in v5_hierarchy_decisions.md
RE-PARENTED,INT_192,Healthy diet,Intervention,L2,INT_296 Human nutrition,Parent ID,INT_189 Health and nutrition,INT_296 Human nutrition,changed by the 3 Sep cleanup; per-row reason in v5_hierarchy_decisions.md
RE-PARENTED,INT_193,Food safety management,Intervention,L1,(top level),Parent ID,INT_189 Health and nutrition,(top level),changed by the 3 Sep cleanup; per-row reason in v5_hierarchy_decisions.md
RE-PARENTED,INT_198,Varietal adoption monitoring,Intervention,L1,(top level),Parent ID,INT_001 Genetic resource management,(top level),changed by the 3 Sep cleanup; per-row reason in v5_hierarchy_decisions.md
RE-PARENTED,INT_222,Mentoring,Intervention,L1,(top level),Parent ID,INT_149 Capacity sharing,(top level),changed by the 3 Sep cleanup; per-row reason in v5_hierarchy_decisions.md
RE-PARENTED,INT_223,Scholarship,Intervention,L1,(top level),Parent ID,INT_149 Capacity sharing,(top level),changed by the 3 Sep cleanup; per-row reason in v5_hierarchy_decisions.md
RE-PARENTED,INT_224,Secondment,Intervention,L1,(top level),Parent ID,INT_149 Capacity sharing,(top level),changed by the 3 Sep cleanup; per-row reason in v5_hierarchy_decisions.md
RE-PARENTED,INT_225,Scenario analysis,Intervention,L1,(top level),Parent ID,INT_181 Research and synthesis,(top level),changed by the 3 Sep cleanup; per-row reason in v5_hierarchy_decisions.md
RE-PARENTED,INT_226,Financial analysis,Intervention,L1,(top level),Parent ID,INT_181 Research and synthesis,(top level),changed by the 3 Sep cleanup; per-row reason in v5_hierarchy_decisions.md
RE-PARENTED,INT_237,Participatory rural appraisal,Intervention,L1,(top level),Parent ID,INT_181 Research and synthesis,(top level),changed by the 3 Sep cleanup; per-row reason in v5_hierarchy_decisions.md
RE-PARENTED,INT_238,Technology transfer,Intervention,L1,(top level),Parent ID,INT_166 Scaling,(top level),changed by the 3 Sep cleanup; per-row reason in v5_hierarchy_decisions.md
RE-PARENTED,INT_248,Renewable energy,Intervention,L1,(top level),Parent ID,INT_247 Energy management,(top level),changed by the 3 Sep cleanup; per-row reason in v5_hierarchy_decisions.md
RE-PARENTED,INT_250,Electrification,Intervention,L1,(top level),Parent ID,INT_247 Energy management,(top level),changed by the 3 Sep cleanup; per-row reason in v5_hierarchy_decisions.md
RE-PARENTED,INT_251,Bioenergy,Intervention,L1,(top level),Parent ID,INT_247 Energy management,(top level),changed by the 3 Sep cleanup; per-row reason in v5_hierarchy_decisions.md
RE-PARENTED,INT_268,Seed exchange,Intervention,L1,(top level),Parent ID,INT_001 Genetic resource management,(top level),changed by the 3 Sep cleanup; per-row reason in v5_hierarchy_decisions.md
RE-PARENTED,OTC_031,Knowledge,Outcome,L1,(top level),Parent ID,OTC_103 Capacity,(top level),changed by the 3 Sep cleanup; per-row reason in v5_hierarchy_decisions.md
RE-PARENTED,OTC_033,Agency,Outcome,L1,(top level),Parent ID,OTC_103 Capacity,(top level),changed by the 3 Sep cleanup; per-row reason in v5_hierarchy_decisions.md
RE-PARENTED,OTC_104,Skills,Outcome,L1,(top level),Parent ID,OTC_103 Capacity,(top level),changed by the 3 Sep cleanup; per-row reason in v5_hierarchy_decisions.md
RE-PARENTED,OUT_010,Mobile application,Output,L2,OUT_008 Software tool,Parent ID,(top level),OUT_008 Software tool,changed by the 3 Sep cleanup; per-row reason in v5_hierarchy_decisions.md
RE-PARENTED,OUT_013,Digital twin,Output,L2,OUT_012 Model,Parent ID,(top level),OUT_012 Model,changed by the 3 Sep cleanup; per-row reason in v5_hierarchy_decisions.md
RE-PARENTED,OUT_018,Bundled climate service,Intervention,L2,INT_091 Climate service,Parent ID,(top level),INT_091 Climate service,changed by the 3 Sep cleanup; per-row reason in v5_hierarchy_decisions.md
RE-PARENTED,OUT_024,Climate risk assessment report,Output,L2,OUT_026 Report,Parent ID,(top level),OUT_026 Report,changed by the 3 Sep cleanup; per-row reason in v5_hierarchy_decisions.md
RE-PARENTED,OUT_025,Country profile,Output,L3,OUT_024 Climate risk assessment report,Parent ID,(top level),OUT_024 Climate risk assessment report,"R27: its own definition opens ""Climate risk assessment report that profiles..."", so it named its true genus while the Parent ID was left blank. Pre-existing, not introduced by the remediation."
RE-PARENTED,OUT_043,National adaptation plan,Output,L1,(top level),Parent ID,OUT_042 Plan,(top level),changed by the 3 Sep cleanup; per-row reason in v5_hierarchy_decisions.md
RE-PARENTED,OUT_056,Breed,Output,L2,OUT_002 Variety,Parent ID,(top level),OUT_002 Variety,changed by the 3 Sep cleanup; per-row reason in v5_hierarchy_decisions.md
RE-PARENTED,OUT_062,Community seed bank,Output,L2,OUT_123 Seed bank,Parent ID,(top level),OUT_123 Seed bank,changed by the 3 Sep cleanup; per-row reason in v5_hierarchy_decisions.md
RE-PARENTED,OUT_066,Climate advisory tool,Output,L1,(top level),Parent ID,OUT_065 Climate information product,(top level),changed by the 3 Sep cleanup; per-row reason in v5_hierarchy_decisions.md
RE-PARENTED,OUT_067,Climate information system,Output,L1,(top level),Parent ID,OUT_065 Climate information product,(top level),changed by the 3 Sep cleanup; per-row reason in v5_hierarchy_decisions.md
RE-PARENTED,OUT_070,Climate observation network,Output,L1,(top level),Parent ID,OUT_065 Climate information product,(top level),changed by the 3 Sep cleanup; per-row reason in v5_hierarchy_decisions.md
RE-PARENTED,OUT_080,Biofertilizer,Intervention,L3,INT_282 Fertilizer,Parent ID,(top level),INT_282 Fertilizer,changed by the 3 Sep cleanup; per-row reason in v5_hierarchy_decisions.md
RE-PARENTED,OUT_081,Biocontrol agent,Intervention,L2,INT_283 Agricultural input,Parent ID,(top level),INT_283 Agricultural input,changed by the 3 Sep cleanup; per-row reason in v5_hierarchy_decisions.md
RE-PARENTED,OUT_092,Sectoral adaptation plan,Output,L1,(top level),Parent ID,OUT_042 Plan,(top level),changed by the 3 Sep cleanup; per-row reason in v5_hierarchy_decisions.md
RE-PARENTED,OUT_093,Local adaptation plan,Output,L1,(top level),Parent ID,OUT_042 Plan,(top level),changed by the 3 Sep cleanup; per-row reason in v5_hierarchy_decisions.md
RE-PARENTED,OUT_096,Forecast,Output,L1,(top level),Parent ID,OUT_065 Climate information product,(top level),changed by the 3 Sep cleanup; per-row reason in v5_hierarchy_decisions.md
RE-PARENTED,OUT_103,National Adaptation Programme of Action,Output,L1,(top level),Parent ID,OUT_042 Plan,(top level),changed by the 3 Sep cleanup; per-row reason in v5_hierarchy_decisions.md
RE-PARENTED,OUT_104,Nationally Determined Contribution,Output,L1,(top level),Parent ID,OUT_042 Plan,(top level),changed by the 3 Sep cleanup; per-row reason in v5_hierarchy_decisions.md
RE-PARENTED,OUT_105,Long-term low-emission development strategy,Output,L1,(top level),Parent ID,OUT_042 Plan,(top level),changed by the 3 Sep cleanup; per-row reason in v5_hierarchy_decisions.md
RE-PARENTED,OUT_106,Nationally Appropriate Mitigation Action,Output,L2,OUT_126 Mitigation plan,Parent ID,OUT_042 Plan,OUT_126 Mitigation plan,changed by the 3 Sep cleanup; per-row reason in v5_hierarchy_decisions.md
RE-PARENTED,STK_002,Smallholder farmer,Stakeholder,L3,STK_066 Farmer,Parent ID,STK_001 Producer,STK_066 Farmer,changed by the 3 Sep cleanup; per-row reason in v5_hierarchy_decisions.md
RE-PARENTED,STK_003,Commercial farmer,Stakeholder,L3,STK_066 Farmer,Parent ID,STK_001 Producer,STK_066 Farmer,changed by the 3 Sep cleanup; per-row reason in v5_hierarchy_decisions.md
RE-PARENTED,STK_004,Subsistence farmer,Stakeholder,L3,STK_066 Farmer,Parent ID,STK_001 Producer,STK_066 Farmer,changed by the 3 Sep cleanup; per-row reason in v5_hierarchy_decisions.md
RE-PARENTED,STK_008,Forest-dependent population,Stakeholder,L2,STK_009 Social group,Parent ID,(top level),STK_009 Social group,changed by the 3 Sep cleanup; per-row reason in v5_hierarchy_decisions.md
RE-PARENTED,STK_016,Climate-vulnerable community,Stakeholder,L3,STK_068 Community,Parent ID,STK_009 Social group,STK_068 Community,changed by the 3 Sep cleanup; per-row reason in v5_hierarchy_decisions.md
RE-PARENTED,STK_021,Extension service,Stakeholder,L2,STK_073 Service provider,Parent ID,STK_017 Public institution,STK_073 Service provider,changed by the 3 Sep cleanup; per-row reason in v5_hierarchy_decisions.md
RE-PARENTED,STK_031,Seed company,Stakeholder,L3,STK_030 Input supplier,Parent ID,STK_028 Private sector,STK_030 Input supplier,changed by the 3 Sep cleanup; per-row reason in v5_hierarchy_decisions.md
RE-PARENTED,STK_032,Financial service provider,Stakeholder,L2,STK_073 Service provider,Parent ID,STK_028 Private sector,STK_073 Service provider,changed by the 3 Sep cleanup; per-row reason in v5_hierarchy_decisions.md
RE-PARENTED,STK_033,Insurance provider,Stakeholder,L3,STK_032 Financial service provider,Parent ID,STK_028 Private sector,STK_032 Financial service provider,changed by the 3 Sep cleanup; per-row reason in v5_hierarchy_decisions.md
RE-PARENTED,SYS_001,Crop system,System,L2,SYS_115 Production system,Parent ID,(top level),SYS_115 Production system,changed by the 3 Sep cleanup; per-row reason in v5_hierarchy_decisions.md
RE-PARENTED,SYS_018,Livestock system,System,L2,SYS_115 Production system,Parent ID,(top level),SYS_115 Production system,changed by the 3 Sep cleanup; per-row reason in v5_hierarchy_decisions.md
RE-PARENTED,SYS_029,Aquatic system,System,L2,SYS_115 Production system,Parent ID,(top level),SYS_115 Production system,changed by the 3 Sep cleanup; per-row reason in v5_hierarchy_decisions.md
RE-PARENTED,SYS_075,Mixed system,System,L2,SYS_115 Production system,Parent ID,(top level),SYS_115 Production system,changed by the 3 Sep cleanup; per-row reason in v5_hierarchy_decisions.md
RE-PARENTED,TRT_01,Drought tolerance,Breeding trait,L2,TRT_09 Abiotic stress tolerance,Parent ID,(top level),TRT_09 Abiotic stress tolerance,changed by the 3 Sep cleanup; per-row reason in v5_hierarchy_decisions.md
RE-PARENTED,TRT_02,Heat tolerance,Breeding trait,L2,TRT_09 Abiotic stress tolerance,Parent ID,(top level),TRT_09 Abiotic stress tolerance,changed by the 3 Sep cleanup; per-row reason in v5_hierarchy_decisions.md
RE-PARENTED,TRT_03,Submergence tolerance,Breeding trait,L2,TRT_09 Abiotic stress tolerance,Parent ID,(top level),TRT_09 Abiotic stress tolerance,changed by the 3 Sep cleanup; per-row reason in v5_hierarchy_decisions.md
RE-PARENTED,TRT_04,Salinity tolerance,Breeding trait,L2,TRT_09 Abiotic stress tolerance,Parent ID,(top level),TRT_09 Abiotic stress tolerance,changed by the 3 Sep cleanup; per-row reason in v5_hierarchy_decisions.md
LEVEL CHANGED,CCC_32,Youth inclusion,Outcome,L2,OTC_116 Inclusion,Level,L1,L2,changed by the 3 Sep cleanup; per-row reason in v5_hierarchy_decisions.md
LEVEL CHANGED,CRK_09,Climate shock,Climate risk,L2,CRK_100 Climate hazard,Level,L1,L2,changed by the 3 Sep cleanup; per-row reason in v5_hierarchy_decisions.md
LEVEL CHANGED,CRK_10,Climate stressor,Climate risk,L2,CRK_100 Climate hazard,Level,L1,L2,changed by the 3 Sep cleanup; per-row reason in v5_hierarchy_decisions.md
LEVEL CHANGED,CRK_120,Dust storm,Climate risk,L5,CRK_113 Storm,Level,L4,L5,changed by the 3 Sep cleanup; per-row reason in v5_hierarchy_decisions.md
LEVEL CHANGED,CRK_131,Glacial lake outburst flood,Climate risk,L5,CRK_122 Flood,Level,L4,L5,changed by the 3 Sep cleanup; per-row reason in v5_hierarchy_decisions.md
LEVEL CHANGED,CRK_163,Climate exposure,Climate risk,L1,(top level),Level,L2,L1,changed by the 3 Sep cleanup; per-row reason in v5_hierarchy_decisions.md
LEVEL CHANGED,CRK_164,Climate vulnerability,Climate risk,L1,(top level),Level,L2,L1,changed by the 3 Sep cleanup; per-row reason in v5_hierarchy_decisions.md
LEVEL CHANGED,CRK_165,Climate sensitivity,Climate risk,L1,(top level),Level,L2,L1,changed by the 3 Sep cleanup; per-row reason in v5_hierarchy_decisions.md
LEVEL CHANGED,INT_002,Breeding,Intervention,L1,(top level),Level,L2,L1,changed by the 3 Sep cleanup; per-row reason in v5_hierarchy_decisions.md
LEVEL CHANGED,INT_003,Conventional breeding,Intervention,L2,INT_002 Breeding,Level,L3,L2,changed by the 3 Sep cleanup; per-row reason in v5_hierarchy_decisions.md
LEVEL CHANGED,INT_004,Marker-assisted selection,Intervention,L2,INT_002 Breeding,Level,L3,L2,changed by the 3 Sep cleanup; per-row reason in v5_hierarchy_decisions.md
LEVEL CHANGED,INT_005,Genomic selection,Intervention,L2,INT_002 Breeding,Level,L3,L2,changed by the 3 Sep cleanup; per-row reason in v5_hierarchy_decisions.md
LEVEL CHANGED,INT_006,Hybrid breeding,Intervention,L2,INT_002 Breeding,Level,L3,L2,changed by the 3 Sep cleanup; per-row reason in v5_hierarchy_decisions.md
LEVEL CHANGED,INT_007,Pre-breeding,Intervention,L2,INT_002 Breeding,Level,L3,L2,changed by the 3 Sep cleanup; per-row reason in v5_hierarchy_decisions.md
LEVEL CHANGED,INT_008,Participatory breeding,Intervention,L2,INT_002 Breeding,Level,L3,L2,changed by the 3 Sep cleanup; per-row reason in v5_hierarchy_decisions.md
LEVEL CHANGED,INT_009,Genetic resource conservation,Intervention,L1,(top level),Level,L2,L1,changed by the 3 Sep cleanup; per-row reason in v5_hierarchy_decisions.md
LEVEL CHANGED,INT_010,Ex-situ conservation,Intervention,L2,INT_009 Genetic resource conservation,Level,L3,L2,changed by the 3 Sep cleanup; per-row reason in v5_hierarchy_decisions.md
LEVEL CHANGED,INT_011,In-situ conservation,Intervention,L2,INT_009 Genetic resource conservation,Level,L3,L2,changed by the 3 Sep cleanup; per-row reason in v5_hierarchy_decisions.md
LEVEL CHANGED,INT_012,Cryopreservation,Intervention,L2,INT_009 Genetic resource conservation,Level,L3,L2,changed by the 3 Sep cleanup; per-row reason in v5_hierarchy_decisions.md
LEVEL CHANGED,INT_013,Safety duplication,Intervention,L2,INT_009 Genetic resource conservation,Level,L3,L2,changed by the 3 Sep cleanup; per-row reason in v5_hierarchy_decisions.md
LEVEL CHANGED,INT_014,Germplasm collecting,Intervention,L1,(top level),Level,L2,L1,changed by the 3 Sep cleanup; per-row reason in v5_hierarchy_decisions.md
LEVEL CHANGED,INT_015,Germplasm characterization,Intervention,L1,(top level),Level,L2,L1,changed by the 3 Sep cleanup; per-row reason in v5_hierarchy_decisions.md
LEVEL CHANGED,INT_016,Germplasm distribution,Intervention,L1,(top level),Level,L2,L1,changed by the 3 Sep cleanup; per-row reason in v5_hierarchy_decisions.md
LEVEL CHANGED,INT_017,Trait discovery,Intervention,L1,(top level),Level,L2,L1,changed by the 3 Sep cleanup; per-row reason in v5_hierarchy_decisions.md
LEVEL CHANGED,INT_018,Seed multiplication,Intervention,L1,(top level),Level,L2,L1,changed by the 3 Sep cleanup; per-row reason in v5_hierarchy_decisions.md
LEVEL CHANGED,INT_019,Seed system strengthening,Intervention,L1,(top level),Level,L2,L1,changed by the 3 Sep cleanup; per-row reason in v5_hierarchy_decisions.md
LEVEL CHANGED,INT_020,Variety release,Intervention,L1,(top level),Level,L2,L1,changed by the 3 Sep cleanup; per-row reason in v5_hierarchy_decisions.md
LEVEL CHANGED,INT_021,Genetic resource policy,Intervention,L1,(top level),Level,L2,L1,changed by the 3 Sep cleanup; per-row reason in v5_hierarchy_decisions.md
LEVEL CHANGED,INT_094,Climate model,Intervention,L1,(top level),Level,L2,L1,changed by the 3 Sep cleanup; per-row reason in v5_hierarchy_decisions.md
LEVEL CHANGED,INT_095,Earth observation,Intervention,L1,(top level),Level,L2,L1,changed by the 3 Sep cleanup; per-row reason in v5_hierarchy_decisions.md
LEVEL CHANGED,INT_099,Digital climate advisory,Intervention,L3,INT_098 Climate advisory,Level,L2,L3,changed by the 3 Sep cleanup; per-row reason in v5_hierarchy_decisions.md
LEVEL CHANGED,INT_101,Risk assessment,Intervention,L1,(top level),Level,L2,L1,changed by the 3 Sep cleanup; per-row reason in v5_hierarchy_decisions.md
LEVEL CHANGED,INT_102,Climate risk assessment,Intervention,L2,INT_101 Risk assessment,Level,L3,L2,changed by the 3 Sep cleanup; per-row reason in v5_hierarchy_decisions.md
LEVEL CHANGED,INT_103,Vulnerability assessment,Intervention,L2,INT_101 Risk assessment,Level,L3,L2,changed by the 3 Sep cleanup; per-row reason in v5_hierarchy_decisions.md
LEVEL CHANGED,INT_104,Multi-hazard analysis,Intervention,L2,INT_101 Risk assessment,Level,L3,L2,changed by the 3 Sep cleanup; per-row reason in v5_hierarchy_decisions.md
LEVEL CHANGED,INT_106,Loss and damage assessment,Intervention,L2,INT_101 Risk assessment,Level,L3,L2,changed by the 3 Sep cleanup; per-row reason in v5_hierarchy_decisions.md
LEVEL CHANGED,INT_107,Climate-conflict risk analysis,Intervention,L2,INT_101 Risk assessment,Level,L3,L2,changed by the 3 Sep cleanup; per-row reason in v5_hierarchy_decisions.md
LEVEL CHANGED,INT_120,Climate insurance,Intervention,L3,INT_306 Insurance,Level,L2,L3,changed by the 3 Sep cleanup; per-row reason in v5_hierarchy_decisions.md
LEVEL CHANGED,INT_122,Index insurance,Intervention,L4,INT_120 Climate insurance,Level,L3,L4,changed by the 3 Sep cleanup; per-row reason in v5_hierarchy_decisions.md
LEVEL CHANGED,INT_150,Training,Intervention,L1,(top level),Level,L2,L1,changed by the 3 Sep cleanup; per-row reason in v5_hierarchy_decisions.md
LEVEL CHANGED,INT_151,Curriculum,Intervention,L1,(top level),Level,L2,L1,changed by the 3 Sep cleanup; per-row reason in v5_hierarchy_decisions.md
LEVEL CHANGED,INT_152,Coaching,Intervention,L1,(top level),Level,L2,L1,changed by the 3 Sep cleanup; per-row reason in v5_hierarchy_decisions.md
LEVEL CHANGED,INT_153,Fellowship,Intervention,L1,(top level),Level,L2,L1,changed by the 3 Sep cleanup; per-row reason in v5_hierarchy_decisions.md
LEVEL CHANGED,INT_154,Institutional twinning,Intervention,L1,(top level),Level,L2,L1,changed by the 3 Sep cleanup; per-row reason in v5_hierarchy_decisions.md
LEVEL CHANGED,INT_155,South-South knowledge exchange,Intervention,L1,(top level),Level,L2,L1,changed by the 3 Sep cleanup; per-row reason in v5_hierarchy_decisions.md
LEVEL CHANGED,INT_156,Triangular cooperation,Intervention,L1,(top level),Level,L2,L1,changed by the 3 Sep cleanup; per-row reason in v5_hierarchy_decisions.md
LEVEL CHANGED,INT_160,Community of practice,Intervention,L1,(top level),Level,L2,L1,changed by the 3 Sep cleanup; per-row reason in v5_hierarchy_decisions.md
LEVEL CHANGED,INT_161,Knowledge integration,Intervention,L1,(top level),Level,L2,L1,changed by the 3 Sep cleanup; per-row reason in v5_hierarchy_decisions.md
LEVEL CHANGED,INT_167,Scaling readiness assessment,Intervention,L1,(top level),Level,L2,L1,changed by the 3 Sep cleanup; per-row reason in v5_hierarchy_decisions.md
LEVEL CHANGED,INT_168,Innovation bundling,Intervention,L1,(top level),Level,L2,L1,changed by the 3 Sep cleanup; per-row reason in v5_hierarchy_decisions.md
LEVEL CHANGED,INT_169,Business model development,Intervention,L1,(top level),Level,L2,L1,changed by the 3 Sep cleanup; per-row reason in v5_hierarchy_decisions.md
LEVEL CHANGED,INT_173,Public-private partnership development,Intervention,L1,(top level),Level,L2,L1,changed by the 3 Sep cleanup; per-row reason in v5_hierarchy_decisions.md
LEVEL CHANGED,INT_182,Evidence synthesis,Intervention,L1,(top level),Level,L2,L1,changed by the 3 Sep cleanup; per-row reason in v5_hierarchy_decisions.md
LEVEL CHANGED,INT_183,Foresight analysis,Intervention,L1,(top level),Level,L2,L1,changed by the 3 Sep cleanup; per-row reason in v5_hierarchy_decisions.md
LEVEL CHANGED,INT_184,Economic analysis,Intervention,L1,(top level),Level,L2,L1,changed by the 3 Sep cleanup; per-row reason in v5_hierarchy_decisions.md
LEVEL CHANGED,INT_185,Political economy analysis,Intervention,L1,(top level),Level,L2,L1,changed by the 3 Sep cleanup; per-row reason in v5_hierarchy_decisions.md
LEVEL CHANGED,INT_186,True-cost accounting,Intervention,L1,(top level),Level,L2,L1,changed by the 3 Sep cleanup; per-row reason in v5_hierarchy_decisions.md
LEVEL CHANGED,INT_187,Whole-farm system analysis,Intervention,L1,(top level),Level,L2,L1,changed by the 3 Sep cleanup; per-row reason in v5_hierarchy_decisions.md
LEVEL CHANGED,INT_188,Spatial prioritization,Intervention,L1,(top level),Level,L2,L1,changed by the 3 Sep cleanup; per-row reason in v5_hierarchy_decisions.md
LEVEL CHANGED,INT_193,Food safety management,Intervention,L1,(top level),Level,L2,L1,changed by the 3 Sep cleanup; per-row reason in v5_hierarchy_decisions.md
LEVEL CHANGED,INT_197,On-farm conservation,Intervention,L2,INT_009 Genetic resource conservation,Level,L3,L2,changed by the 3 Sep cleanup; per-row reason in v5_hierarchy_decisions.md
LEVEL CHANGED,INT_198,Varietal adoption monitoring,Intervention,L1,(top level),Level,L2,L1,changed by the 3 Sep cleanup; per-row reason in v5_hierarchy_decisions.md
LEVEL CHANGED,INT_199,Access and Benefit Sharing policy,Intervention,L2,INT_021 Genetic resource policy,Level,L3,L2,changed by the 3 Sep cleanup; per-row reason in v5_hierarchy_decisions.md
LEVEL CHANGED,INT_200,Digital sequence information,Intervention,L2,INT_021 Genetic resource policy,Level,L3,L2,recomputed from the parent chain (R29)
LEVEL CHANGED,INT_202,Biosafety regulation,Intervention,L2,INT_021 Genetic resource policy,Level,L3,L2,recomputed from the parent chain (R29)
LEVEL CHANGED,INT_222,Mentoring,Intervention,L1,(top level),Level,L2,L1,changed by the 3 Sep cleanup; per-row reason in v5_hierarchy_decisions.md
LEVEL CHANGED,INT_223,Scholarship,Intervention,L1,(top level),Level,L2,L1,changed by the 3 Sep cleanup; per-row reason in v5_hierarchy_decisions.md
LEVEL CHANGED,INT_224,Secondment,Intervention,L1,(top level),Level,L2,L1,changed by the 3 Sep cleanup; per-row reason in v5_hierarchy_decisions.md
LEVEL CHANGED,INT_225,Scenario analysis,Intervention,L1,(top level),Level,L2,L1,changed by the 3 Sep cleanup; per-row reason in v5_hierarchy_decisions.md
LEVEL CHANGED,INT_226,Financial analysis,Intervention,L1,(top level),Level,L2,L1,changed by the 3 Sep cleanup; per-row reason in v5_hierarchy_decisions.md
LEVEL CHANGED,INT_237,Participatory rural appraisal,Intervention,L1,(top level),Level,L2,L1,changed by the 3 Sep cleanup; per-row reason in v5_hierarchy_decisions.md
LEVEL CHANGED,INT_238,Technology transfer,Intervention,L1,(top level),Level,L2,L1,changed by the 3 Sep cleanup; per-row reason in v5_hierarchy_decisions.md
LEVEL CHANGED,INT_239,Adaptation assessment,Intervention,L2,INT_101 Risk assessment,Level,L3,L2,changed by the 3 Sep cleanup; per-row reason in v5_hierarchy_decisions.md
LEVEL CHANGED,INT_248,Renewable energy,Intervention,L1,(top level),Level,L2,L1,changed by the 3 Sep cleanup; per-row reason in v5_hierarchy_decisions.md
LEVEL CHANGED,INT_250,Electrification,Intervention,L1,(top level),Level,L2,L1,changed by the 3 Sep cleanup; per-row reason in v5_hierarchy_decisions.md
LEVEL CHANGED,INT_251,Bioenergy,Intervention,L1,(top level),Level,L2,L1,changed by the 3 Sep cleanup; per-row reason in v5_hierarchy_decisions.md
LEVEL CHANGED,INT_265,Biogas,Intervention,L2,INT_251 Bioenergy,Level,L3,L2,changed by the 3 Sep cleanup; per-row reason in v5_hierarchy_decisions.md
LEVEL CHANGED,INT_268,Seed exchange,Intervention,L1,(top level),Level,L2,L1,changed by the 3 Sep cleanup; per-row reason in v5_hierarchy_decisions.md
LEVEL CHANGED,OTC_031,Knowledge,Outcome,L1,(top level),Level,L2,L1,changed by the 3 Sep cleanup; per-row reason in v5_hierarchy_decisions.md
LEVEL CHANGED,OTC_033,Agency,Outcome,L1,(top level),Level,L2,L1,changed by the 3 Sep cleanup; per-row reason in v5_hierarchy_decisions.md
LEVEL CHANGED,OTC_104,Skills,Outcome,L1,(top level),Level,L2,L1,changed by the 3 Sep cleanup; per-row reason in v5_hierarchy_decisions.md
LEVEL CHANGED,OUT_010,Mobile application,Output,L2,OUT_008 Software tool,Level,L1,L2,changed by the 3 Sep cleanup; per-row reason in v5_hierarchy_decisions.md
LEVEL CHANGED,OUT_013,Digital twin,Output,L2,OUT_012 Model,Level,L1,L2,changed by the 3 Sep cleanup; per-row reason in v5_hierarchy_decisions.md
LEVEL CHANGED,OUT_018,Bundled climate service,Intervention,L2,INT_091 Climate service,Level,L1,L2,changed by the 3 Sep cleanup; per-row reason in v5_hierarchy_decisions.md
LEVEL CHANGED,OUT_024,Climate risk assessment report,Output,L2,OUT_026 Report,Level,L1,L2,changed by the 3 Sep cleanup; per-row reason in v5_hierarchy_decisions.md
LEVEL CHANGED,OUT_025,Country profile,Output,L3,OUT_024 Climate risk assessment report,Level,L1,L3,recomputed from the parent chain (R29)
LEVEL CHANGED,OUT_043,National adaptation plan,Output,L1,(top level),Level,L2,L1,changed by the 3 Sep cleanup; per-row reason in v5_hierarchy_decisions.md
LEVEL CHANGED,OUT_044,Nationally Determined Contribution component,Output,L2,OUT_104 Nationally Determined Contribution,Level,L3,L2,changed by the 3 Sep cleanup; per-row reason in v5_hierarchy_decisions.md
LEVEL CHANGED,OUT_056,Breed,Output,L2,OUT_002 Variety,Level,L1,L2,changed by the 3 Sep cleanup; per-row reason in v5_hierarchy_decisions.md
LEVEL CHANGED,OUT_062,Community seed bank,Output,L2,OUT_123 Seed bank,Level,L1,L2,changed by the 3 Sep cleanup; per-row reason in v5_hierarchy_decisions.md
LEVEL CHANGED,OUT_066,Climate advisory tool,Output,L1,(top level),Level,L2,L1,changed by the 3 Sep cleanup; per-row reason in v5_hierarchy_decisions.md
LEVEL CHANGED,OUT_067,Climate information system,Output,L1,(top level),Level,L2,L1,changed by the 3 Sep cleanup; per-row reason in v5_hierarchy_decisions.md
LEVEL CHANGED,OUT_070,Climate observation network,Output,L1,(top level),Level,L2,L1,changed by the 3 Sep cleanup; per-row reason in v5_hierarchy_decisions.md
LEVEL CHANGED,OUT_080,Biofertilizer,Intervention,L3,INT_282 Fertilizer,Level,L1,L3,changed by the 3 Sep cleanup; per-row reason in v5_hierarchy_decisions.md
LEVEL CHANGED,OUT_081,Biocontrol agent,Intervention,L2,INT_283 Agricultural input,Level,L1,L2,changed by the 3 Sep cleanup; per-row reason in v5_hierarchy_decisions.md
LEVEL CHANGED,OUT_089,Climate forecast,Output,L2,OUT_096 Forecast,Level,L3,L2,changed by the 3 Sep cleanup; per-row reason in v5_hierarchy_decisions.md
LEVEL CHANGED,OUT_092,Sectoral adaptation plan,Output,L1,(top level),Level,L2,L1,changed by the 3 Sep cleanup; per-row reason in v5_hierarchy_decisions.md
LEVEL CHANGED,OUT_093,Local adaptation plan,Output,L1,(top level),Level,L2,L1,changed by the 3 Sep cleanup; per-row reason in v5_hierarchy_decisions.md
LEVEL CHANGED,OUT_096,Forecast,Output,L1,(top level),Level,L2,L1,changed by the 3 Sep cleanup; per-row reason in v5_hierarchy_decisions.md
LEVEL CHANGED,OUT_097,Weather forecast,Output,L2,OUT_096 Forecast,Level,L3,L2,changed by the 3 Sep cleanup; per-row reason in v5_hierarchy_decisions.md
LEVEL CHANGED,OUT_098,Seasonal forecast,Output,L2,OUT_096 Forecast,Level,L3,L2,changed by the 3 Sep cleanup; per-row reason in v5_hierarchy_decisions.md
LEVEL CHANGED,OUT_100,Agro-climate advisory tool,Output,L2,OUT_066 Climate advisory tool,Level,L3,L2,changed by the 3 Sep cleanup; per-row reason in v5_hierarchy_decisions.md
LEVEL CHANGED,OUT_103,National Adaptation Programme of Action,Output,L1,(top level),Level,L2,L1,changed by the 3 Sep cleanup; per-row reason in v5_hierarchy_decisions.md
LEVEL CHANGED,OUT_104,Nationally Determined Contribution,Output,L1,(top level),Level,L2,L1,changed by the 3 Sep cleanup; per-row reason in v5_hierarchy_decisions.md
LEVEL CHANGED,OUT_105,Long-term low-emission development strategy,Output,L1,(top level),Level,L2,L1,changed by the 3 Sep cleanup; per-row reason in v5_hierarchy_decisions.md
LEVEL CHANGED,STK_002,Smallholder farmer,Stakeholder,L3,STK_066 Farmer,Level,L2,L3,changed by the 3 Sep cleanup; per-row reason in v5_hierarchy_decisions.md
LEVEL CHANGED,STK_003,Commercial farmer,Stakeholder,L3,STK_066 Farmer,Level,L2,L3,changed by the 3 Sep cleanup; per-row reason in v5_hierarchy_decisions.md
LEVEL CHANGED,STK_004,Subsistence farmer,Stakeholder,L3,STK_066 Farmer,Level,L2,L3,changed by the 3 Sep cleanup; per-row reason in v5_hierarchy_decisions.md
LEVEL CHANGED,STK_008,Forest-dependent population,Stakeholder,L2,STK_009 Social group,Level,L1,L2,changed by the 3 Sep cleanup; per-row reason in v5_hierarchy_decisions.md
LEVEL CHANGED,STK_016,Climate-vulnerable community,Stakeholder,L3,STK_068 Community,Level,L2,L3,changed by the 3 Sep cleanup; per-row reason in v5_hierarchy_decisions.md
LEVEL CHANGED,STK_031,Seed company,Stakeholder,L3,STK_030 Input supplier,Level,L2,L3,changed by the 3 Sep cleanup; per-row reason in v5_hierarchy_decisions.md
LEVEL CHANGED,STK_033,Insurance provider,Stakeholder,L3,STK_032 Financial service provider,Level,L2,L3,changed by the 3 Sep cleanup; per-row reason in v5_hierarchy_decisions.md
LEVEL CHANGED,SYS_001,Crop system,System,L2,SYS_115 Production system,Level,L1,L2,changed by the 3 Sep cleanup; per-row reason in v5_hierarchy_decisions.md
LEVEL CHANGED,SYS_002,Cereal,System,L3,SYS_001 Crop system,Level,L2,L3,changed by the 3 Sep cleanup; per-row reason in v5_hierarchy_decisions.md
LEVEL CHANGED,SYS_003,Maize,System,L4,SYS_002 Cereal,Level,L3,L4,changed by the 3 Sep cleanup; per-row reason in v5_hierarchy_decisions.md
LEVEL CHANGED,SYS_004,Wheat,System,L4,SYS_002 Cereal,Level,L3,L4,changed by the 3 Sep cleanup; per-row reason in v5_hierarchy_decisions.md
LEVEL CHANGED,SYS_005,Rice,System,L4,SYS_002 Cereal,Level,L3,L4,changed by the 3 Sep cleanup; per-row reason in v5_hierarchy_decisions.md
LEVEL CHANGED,SYS_006,Sorghum,System,L4,SYS_002 Cereal,Level,L3,L4,changed by the 3 Sep cleanup; per-row reason in v5_hierarchy_decisions.md
LEVEL CHANGED,SYS_007,Millet,System,L4,SYS_002 Cereal,Level,L3,L4,changed by the 3 Sep cleanup; per-row reason in v5_hierarchy_decisions.md
LEVEL CHANGED,SYS_008,Barley,System,L4,SYS_002 Cereal,Level,L3,L4,changed by the 3 Sep cleanup; per-row reason in v5_hierarchy_decisions.md
LEVEL CHANGED,SYS_009,Pulse,System,L4,SYS_078 Legume,Level,L3,L4,changed by the 3 Sep cleanup; per-row reason in v5_hierarchy_decisions.md
LEVEL CHANGED,SYS_010,Root crop,System,L3,SYS_001 Crop system,Level,L2,L3,changed by the 3 Sep cleanup; per-row reason in v5_hierarchy_decisions.md
LEVEL CHANGED,SYS_011,Horticultural crop,System,L3,SYS_001 Crop system,Level,L2,L3,changed by the 3 Sep cleanup; per-row reason in v5_hierarchy_decisions.md
LEVEL CHANGED,SYS_012,Vegetable,System,L4,SYS_011 Horticultural crop,Level,L3,L4,changed by the 3 Sep cleanup; per-row reason in v5_hierarchy_decisions.md
LEVEL CHANGED,SYS_013,Fruit,System,L4,SYS_011 Horticultural crop,Level,L3,L4,changed by the 3 Sep cleanup; per-row reason in v5_hierarchy_decisions.md
LEVEL CHANGED,SYS_014,Oilseed,System,L3,SYS_001 Crop system,Level,L2,L3,changed by the 3 Sep cleanup; per-row reason in v5_hierarchy_decisions.md
LEVEL CHANGED,SYS_015,Tree crop,System,L3,SYS_001 Crop system,Level,L2,L3,changed by the 3 Sep cleanup; per-row reason in v5_hierarchy_decisions.md
LEVEL CHANGED,SYS_016,Fiber crop,System,L3,SYS_001 Crop system,Level,L2,L3,changed by the 3 Sep cleanup; per-row reason in v5_hierarchy_decisions.md
LEVEL CHANGED,SYS_017,Sugar crop,System,L3,SYS_001 Crop system,Level,L2,L3,changed by the 3 Sep cleanup; per-row reason in v5_hierarchy_decisions.md
LEVEL CHANGED,SYS_018,Livestock system,System,L2,SYS_115 Production system,Level,L1,L2,changed by the 3 Sep cleanup; per-row reason in v5_hierarchy_decisions.md
LEVEL CHANGED,SYS_019,Cattle,System,L3,SYS_018 Livestock system,Level,L2,L3,changed by the 3 Sep cleanup; per-row reason in v5_hierarchy_decisions.md
LEVEL CHANGED,SYS_020,Dairy cattle,System,L4,SYS_019 Cattle,Level,L3,L4,changed by the 3 Sep cleanup; per-row reason in v5_hierarchy_decisions.md
LEVEL CHANGED,SYS_021,Beef cattle,System,L4,SYS_019 Cattle,Level,L3,L4,changed by the 3 Sep cleanup; per-row reason in v5_hierarchy_decisions.md
LEVEL CHANGED,SYS_022,Small ruminant,System,L3,SYS_018 Livestock system,Level,L2,L3,changed by the 3 Sep cleanup; per-row reason in v5_hierarchy_decisions.md
LEVEL CHANGED,SYS_023,Poultry,System,L3,SYS_018 Livestock system,Level,L2,L3,changed by the 3 Sep cleanup; per-row reason in v5_hierarchy_decisions.md
LEVEL CHANGED,SYS_024,Pig,System,L3,SYS_018 Livestock system,Level,L2,L3,changed by the 3 Sep cleanup; per-row reason in v5_hierarchy_decisions.md
LEVEL CHANGED,SYS_025,Camelid,System,L3,SYS_018 Livestock system,Level,L2,L3,changed by the 3 Sep cleanup; per-row reason in v5_hierarchy_decisions.md
LEVEL CHANGED,SYS_026,Pastoral system,System,L3,SYS_018 Livestock system,Level,L2,L3,changed by the 3 Sep cleanup; per-row reason in v5_hierarchy_decisions.md
LEVEL CHANGED,SYS_027,Mixed crop-livestock system,System,L3,SYS_075 Mixed system,Level,L2,L3,changed by the 3 Sep cleanup; per-row reason in v5_hierarchy_decisions.md
LEVEL CHANGED,SYS_028,Intensive livestock system,System,L3,SYS_018 Livestock system,Level,L2,L3,changed by the 3 Sep cleanup; per-row reason in v5_hierarchy_decisions.md
LEVEL CHANGED,SYS_029,Aquatic system,System,L2,SYS_115 Production system,Level,L1,L2,changed by the 3 Sep cleanup; per-row reason in v5_hierarchy_decisions.md
LEVEL CHANGED,SYS_030,Inland fishery,System,L4,SYS_077 Capture fishery,Level,L3,L4,changed by the 3 Sep cleanup; per-row reason in v5_hierarchy_decisions.md
LEVEL CHANGED,SYS_031,Marine fishery,System,L4,SYS_077 Capture fishery,Level,L3,L4,changed by the 3 Sep cleanup; per-row reason in v5_hierarchy_decisions.md
LEVEL CHANGED,SYS_032,Aquaculture system,System,L3,SYS_029 Aquatic system,Level,L2,L3,changed by the 3 Sep cleanup; per-row reason in v5_hierarchy_decisions.md
LEVEL CHANGED,SYS_033,Pond aquaculture,System,L4,SYS_032 Aquaculture system,Level,L3,L4,changed by the 3 Sep cleanup; per-row reason in v5_hierarchy_decisions.md
LEVEL CHANGED,SYS_034,Cage aquaculture,System,L4,SYS_032 Aquaculture system,Level,L3,L4,changed by the 3 Sep cleanup; per-row reason in v5_hierarchy_decisions.md
LEVEL CHANGED,SYS_035,Recirculating aquaculture,System,L4,SYS_032 Aquaculture system,Level,L3,L4,changed by the 3 Sep cleanup; per-row reason in v5_hierarchy_decisions.md
LEVEL CHANGED,SYS_036,Integrated multi-trophic aquaculture,System,L4,SYS_032 Aquaculture system,Level,L3,L4,changed by the 3 Sep cleanup; per-row reason in v5_hierarchy_decisions.md
LEVEL CHANGED,SYS_037,Seaweed,System,L3,SYS_029 Aquatic system,Level,L2,L3,changed by the 3 Sep cleanup; per-row reason in v5_hierarchy_decisions.md
LEVEL CHANGED,SYS_038,Integrated fish-farming,System,L3,SYS_075 Mixed system,Level,L2,L3,changed by the 3 Sep cleanup; per-row reason in v5_hierarchy_decisions.md
LEVEL CHANGED,SYS_075,Mixed system,System,L2,SYS_115 Production system,Level,L1,L2,changed by the 3 Sep cleanup; per-row reason in v5_hierarchy_decisions.md
LEVEL CHANGED,SYS_076,Mixed crop-tree system,System,L3,SYS_075 Mixed system,Level,L2,L3,changed by the 3 Sep cleanup; per-row reason in v5_hierarchy_decisions.md
LEVEL CHANGED,SYS_077,Capture fishery,System,L3,SYS_029 Aquatic system,Level,L2,L3,changed by the 3 Sep cleanup; per-row reason in v5_hierarchy_decisions.md
LEVEL CHANGED,SYS_078,Legume,System,L3,SYS_001 Crop system,Level,L2,L3,changed by the 3 Sep cleanup; per-row reason in v5_hierarchy_decisions.md
LEVEL CHANGED,SYS_079,Tuber crop,System,L3,SYS_001 Crop system,Level,L2,L3,changed by the 3 Sep cleanup; per-row reason in v5_hierarchy_decisions.md
LEVEL CHANGED,SYS_086,Microalgae,System,L3,SYS_029 Aquatic system,Level,L2,L3,changed by the 3 Sep cleanup; per-row reason in v5_hierarchy_decisions.md
LEVEL CHANGED,SYS_092,Potato,System,L4,SYS_079 Tuber crop,Level,L3,L4,changed by the 3 Sep cleanup; per-row reason in v5_hierarchy_decisions.md
LEVEL CHANGED,SYS_093,Cassava,System,L4,SYS_010 Root crop,Level,L3,L4,changed by the 3 Sep cleanup; per-row reason in v5_hierarchy_decisions.md
LEVEL CHANGED,SYS_094,Sweet potato,System,L4,SYS_010 Root crop,Level,L3,L4,changed by the 3 Sep cleanup; per-row reason in v5_hierarchy_decisions.md
LEVEL CHANGED,SYS_095,Bean,System,L5,SYS_009 Pulse,Level,L4,L5,changed by the 3 Sep cleanup; per-row reason in v5_hierarchy_decisions.md
LEVEL CHANGED,SYS_096,Cowpea,System,L5,SYS_009 Pulse,Level,L4,L5,changed by the 3 Sep cleanup; per-row reason in v5_hierarchy_decisions.md
LEVEL CHANGED,SYS_097,Soybean,System,L4,SYS_078 Legume,Level,L3,L4,changed by the 3 Sep cleanup; per-row reason in v5_hierarchy_decisions.md
LEVEL CHANGED,SYS_098,Groundnut,System,L4,SYS_078 Legume,Level,L3,L4,changed by the 3 Sep cleanup; per-row reason in v5_hierarchy_decisions.md
LEVEL CHANGED,SYS_099,Sunflower,System,L4,SYS_014 Oilseed,Level,L3,L4,changed by the 3 Sep cleanup; per-row reason in v5_hierarchy_decisions.md
LEVEL CHANGED,SYS_100,Cacao,System,L4,SYS_015 Tree crop,Level,L3,L4,changed by the 3 Sep cleanup; per-row reason in v5_hierarchy_decisions.md
LEVEL CHANGED,SYS_101,Olive,System,L4,SYS_015 Tree crop,Level,L3,L4,changed by the 3 Sep cleanup; per-row reason in v5_hierarchy_decisions.md
LEVEL CHANGED,SYS_102,Banana,System,L5,SYS_013 Fruit,Level,L4,L5,changed by the 3 Sep cleanup; per-row reason in v5_hierarchy_decisions.md
LEVEL CHANGED,SYS_103,Farmed fish,System,L4,SYS_032 Aquaculture system,Level,L3,L4,changed by the 3 Sep cleanup; per-row reason in v5_hierarchy_decisions.md
LEVEL CHANGED,SYS_104,Sheep,System,L4,SYS_022 Small ruminant,Level,L3,L4,changed by the 3 Sep cleanup; per-row reason in v5_hierarchy_decisions.md
LEVEL CHANGED,SYS_105,Goat,System,L4,SYS_022 Small ruminant,Level,L3,L4,changed by the 3 Sep cleanup; per-row reason in v5_hierarchy_decisions.md
LEVEL CHANGED,TRT_01,Drought tolerance,Breeding trait,L2,TRT_09 Abiotic stress tolerance,Level,L1,L2,changed by the 3 Sep cleanup; per-row reason in v5_hierarchy_decisions.md
LEVEL CHANGED,TRT_02,Heat tolerance,Breeding trait,L2,TRT_09 Abiotic stress tolerance,Level,L1,L2,changed by the 3 Sep cleanup; per-row reason in v5_hierarchy_decisions.md
LEVEL CHANGED,TRT_03,Submergence tolerance,Breeding trait,L2,TRT_09 Abiotic stress tolerance,Level,L1,L2,changed by the 3 Sep cleanup; per-row reason in v5_hierarchy_decisions.md
LEVEL CHANGED,TRT_04,Salinity tolerance,Breeding trait,L2,TRT_09 Abiotic stress tolerance,Level,L1,L2,changed by the 3 Sep cleanup; per-row reason in v5_hierarchy_decisions.md
DEFINITION CHANGED,CCC_32,Youth inclusion,Outcome,L2,OTC_116 Inclusion,Definition,"Cross-cutting concept that intentionally engages young people and addresses their distinct constraints, aspirations, and roles in agriculture and adaptation.","Inclusion of young people, addressing their distinct constraints, aspirations, and roles in agriculture and adaptation.",changed by the 3 Sep cleanup; per-row reason in v5_hierarchy_decisions.md
DEFINITION CHANGED,CRK_110,Chilling stress,Climate risk,L6,CRK_108 Cold stress,Definition,"Cold stress characterised by physiological damage to plants exposed to low but non-freezing temperatures, impairing growth, development, and post-harvest quality, particularly in chilling-sensitive species.","Cold stress characterised by low but non-freezing temperatures that impair the growth, development or yield of chilling-sensitive crops.","R10: reworded from the damage to the condition, to match the new label and its sibling Frost"
DEFINITION CHANGED,CRK_120,Dust storm,Climate risk,L5,CRK_113 Storm,Definition,"Atmospheric hazard characterised by strong winds lifting and transporting large quantities of dust or sand, which can damage crops, bury fields, reduce visibility, and degrade air quality and soils.","Storm characterised by strong winds lifting and transporting large quantities of dust or sand, which can damage crops, bury fields, reduce visibility, and degrade air quality and soils.",changed by the 3 Sep cleanup; per-row reason in v5_hierarchy_decisions.md
DEFINITION CHANGED,CRK_127,Sea-level rise,Climate risk,L4,CRK_159 Marine hazard,Definition,"Oceanic hazard characterised by the rise in the mean level of the ocean, driven by thermal expansion of seawater and loss of land ice, which exacerbates coastal flooding, erosion, and saltwater intrusion.","Marine hazard characterised by the rise in the mean level of the ocean, driven by thermal expansion of seawater and loss of land ice, which exacerbates coastal flooding, erosion, and saltwater intrusion.",R10: opener updated because the parent label changed from Oceanic hazard to Marine hazard
DEFINITION CHANGED,CRK_128,Storm surge,Climate risk,L4,CRK_159 Marine hazard,Definition,"Oceanic hazard characterised by the temporary rise in coastal water level above the predicted tide, driven by the winds and low atmospheric pressure of a storm, causing coastal flooding and damage.","Marine hazard characterised by the temporary rise in coastal water level above the predicted tide, driven by the winds and low atmospheric pressure of a storm, causing coastal flooding and damage.",R10: opener updated because the parent label changed from Oceanic hazard to Marine hazard
DEFINITION CHANGED,CRK_131,Glacial lake outburst flood,Climate risk,L5,CRK_122 Flood,Definition,"Hydrological hazard characterised by the sudden release of water impounded by a glacial lake, often following dam failure of moraine or ice, producing a destructive downstream flood.","Flood characterised by the sudden release of water impounded by a glacial lake, often following dam failure of moraine or ice, producing a destructive downstream flood.",changed by the 3 Sep cleanup; per-row reason in v5_hierarchy_decisions.md
DEFINITION CHANGED,CRK_132,Marine heatwave,Climate risk,L4,CRK_159 Marine hazard,Definition,"Oceanic hazard characterised by a period of abnormally high ocean temperature at a given location and time of year, lasting from days to months, with the potential to harm fisheries, aquaculture, and marine ecosystems.","Marine hazard characterised by a period of abnormally high ocean temperature at a given location and time of year, lasting from days to months, with the potential to harm fisheries, aquaculture, and marine ecosystems.",R10: opener updated because the parent label changed from Oceanic hazard to Marine hazard
DEFINITION CHANGED,CRK_133,Ocean warming,Climate risk,L4,CRK_159 Marine hazard,Definition,"Oceanic hazard characterised by a gradual, sustained increase in ocean heat content and sea-surface temperature, altering marine productivity, species distributions, and fishery yields.","Marine hazard characterised by a gradual, sustained increase in ocean heat content and sea-surface temperature, altering marine productivity, species distributions, and fishery yields.",R10: opener updated because the parent label changed from Oceanic hazard to Marine hazard
DEFINITION CHANGED,CRK_134,Ocean acidification,Climate risk,L4,CRK_159 Marine hazard,Definition,"Oceanic hazard characterised by a reduction in the pH of ocean water caused by the uptake of atmospheric carbon dioxide, impairing calcifying organisms, fisheries, and aquaculture.","Marine hazard characterised by a reduction in the pH of ocean water caused by the uptake of atmospheric carbon dioxide, impairing calcifying organisms, fisheries, and aquaculture.",R10: opener updated because the parent label changed from Oceanic hazard to Marine hazard
DEFINITION CHANGED,CRK_135,Ocean deoxygenation,Climate risk,L4,CRK_159 Marine hazard,Definition,"Oceanic hazard characterised by a decline in the dissolved oxygen content of ocean waters, driven by warming and altered circulation, which stresses marine organisms and contracts viable fish habitat.","Marine hazard characterised by a decline in the dissolved oxygen content of ocean waters, driven by warming and altered circulation, which stresses marine organisms and contracts viable fish habitat.",R10: opener updated because the parent label changed from Oceanic hazard to Marine hazard
DEFINITION CHANGED,CRK_137,Pest pressure,Climate risk,L3,CRK_136 Biological hazard,Definition,"Biotic hazard characterised by shifts in the distribution, abundance, or timing of pest or vector populations caused by climate variability or change, affecting crop, livestock, fishery, and livelihood systems.","Biological hazard characterised by shifts in the distribution, abundance, or timing of pest or vector populations caused by climate variability or change, affecting crop, livestock, fishery, and livelihood systems.",R10: opener updated because the parent label changed from Biotic hazard to Biological hazard
DEFINITION CHANGED,CRK_140,Disease pressure,Climate risk,L3,CRK_136 Biological hazard,Definition,"Biotic hazard characterised by shifts in the distribution, abundance, or timing of pathogen populations caused by climate variability or change, affecting crop, livestock, fishery, and livelihood systems.","Biological hazard characterised by shifts in the distribution, abundance, or timing of pathogen populations caused by climate variability or change, affecting crop, livestock, fishery, and livelihood systems.",R10: opener updated because the parent label changed from Biotic hazard to Biological hazard
DEFINITION CHANGED,CRK_141,Invasive species,Climate risk,L3,CRK_136 Biological hazard,Definition,"Biotic hazard characterised by the introduction and establishment of non-native species whose spread, facilitated by climate change, threatens crops, livestock, biodiversity, and ecosystem function.","Biological hazard characterised by the introduction and establishment of non-native species whose spread, facilitated by climate change, threatens crops, livestock, biodiversity, and ecosystem function.",R10: opener updated because the parent label changed from Biotic hazard to Biological hazard
DEFINITION CHANGED,CRK_142,Mycotoxin contamination,Climate risk,L3,CRK_136 Biological hazard,Definition,"Biotic hazard characterised by the accumulation of toxic secondary metabolites produced by fungi on crops, the incidence of which is influenced by climate-driven temperature and moisture conditions, threatening food and feed safety.","Biological hazard characterised by the accumulation of toxic secondary metabolites produced by fungi on crops, the incidence of which is influenced by climate-driven temperature and moisture conditions, threatening food and feed safety.",R10: opener updated because the parent label changed from Biotic hazard to Biological hazard
DEFINITION CHANGED,CRK_143,Zoonotic disease emergence,Climate risk,L3,CRK_136 Biological hazard,Definition,"Biotic hazard characterised by the emergence or spread of diseases transmissible between animals and humans, the dynamics of which are influenced by climate-driven changes in host, vector, and pathogen distributions.","Biological hazard characterised by the emergence or spread of diseases transmissible between animals and humans, the dynamics of which are influenced by climate-driven changes in host, vector, and pathogen distributions.",R10: opener updated because the parent label changed from Biotic hazard to Biological hazard
DEFINITION CHANGED,CRK_145,Soil erosion,Climate risk,L4,CRK_144 Soil hazard,Definition,"Edaphic hazard characterised by the detachment and removal of soil particles by water or wind, accelerated by extreme rainfall, runoff, and loss of vegetation cover, reducing soil depth and fertility.","Soil hazard characterised by the detachment and removal of soil particles by water or wind, accelerated by extreme rainfall, runoff, and loss of vegetation cover, reducing soil depth and fertility.",R10: opener updated because the parent label changed from Edaphic hazard to Soil hazard
DEFINITION CHANGED,CRK_146,Soil salinization,Climate risk,L4,CRK_144 Soil hazard,Definition,"Edaphic hazard characterised by the accumulation of soluble salts in the soil profile, driven by factors such as evaporation, poor irrigation, and saline-water intrusion, which impairs plant growth and soil productivity.","Soil hazard characterised by the accumulation of soluble salts in the soil profile, driven by factors such as evaporation, poor irrigation, and saline-water intrusion, which impairs plant growth and soil productivity.",R10: opener updated because the parent label changed from Edaphic hazard to Soil hazard
DEFINITION CHANGED,CRK_147,Soil carbon loss,Climate risk,L4,CRK_144 Soil hazard,Definition,"Edaphic hazard characterised by the depletion of soil organic carbon stocks through processes such as erosion, mineralization, and land-use change, reducing soil fertility, structure, and resilience to climate stress.","Soil hazard characterised by the depletion of soil organic carbon stocks through processes such as erosion, mineralization, and land-use change, reducing soil fertility, structure, and resilience to climate stress.",R10: opener updated because the parent label changed from Edaphic hazard to Soil hazard
DEFINITION CHANGED,CRK_148,Soil acidification,Climate risk,L4,CRK_144 Soil hazard,Definition,"Edaphic hazard characterised by a decline in soil pH, which mobilises toxic elements and reduces nutrient availability, impairing crop growth and soil health.","Soil hazard characterised by a decline in soil pH, which mobilises toxic elements and reduces nutrient availability, impairing crop growth and soil health.",R10: opener updated because the parent label changed from Edaphic hazard to Soil hazard
DEFINITION CHANGED,CRK_149,Desertification,Climate risk,L4,CRK_144 Soil hazard,Definition,"Edaphic hazard characterised by land degradation in arid, semi-arid, and dry sub-humid areas resulting from climatic variations and human activities, reducing the biological and economic productivity of drylands.","Soil hazard characterised by land degradation in arid, semi-arid, and dry sub-humid areas resulting from climatic variations and human activities, reducing the biological and economic productivity of drylands.",R10: opener updated because the parent label changed from Edaphic hazard to Soil hazard
DEFINITION CHANGED,CRK_150,Land degradation,Climate risk,L4,CRK_144 Soil hazard,Definition,"Edaphic hazard characterised by a negative trend in land condition, caused by direct or indirect human-induced processes including anthropogenic climate change, expressed as a long-term reduction or loss of biological productivity, ecological integrity, or value to humans.","Soil hazard characterised by a negative trend in land condition, caused by direct or indirect human-induced processes including anthropogenic climate change, expressed as a long-term reduction or loss of biological productivity, ecological integrity, or value to humans.",R10: opener updated because the parent label changed from Edaphic hazard to Soil hazard
DEFINITION CHANGED,CRK_163,Climate exposure,Climate risk,L1,(top level),Definition,"Exposure specifically to climate-related hazards, comprising the presence of people, livelihoods, species, ecosystems, infrastructure, or assets in places and settings that could be adversely affected by climate hazards.","Climate risk component referring to the presence of people, livelihoods, species, ecosystems, infrastructure, or assets in places and settings that could be adversely affected by climate hazards.",changed by the 3 Sep cleanup; per-row reason in v5_hierarchy_decisions.md
DEFINITION CHANGED,CRK_164,Climate vulnerability,Climate risk,L1,(top level),Definition,"Vulnerability specifically to climate-related hazards, comprising the propensity of a system, community, or household to be adversely affected by climate variability and change, including sensitivity to harm and limited capacity to cope and adapt.","Climate risk component comprising the propensity of a system, community, or household to be adversely affected by climate variability and change, including sensitivity to harm and limited capacity to cope and adapt.",changed by the 3 Sep cleanup; per-row reason in v5_hierarchy_decisions.md
DEFINITION CHANGED,CRK_165,Climate sensitivity,Climate risk,L1,(top level),Definition,"Sensitivity specifically to climate-related hazards, comprising the degree to which a system, species, or activity is affected, beneficially or adversely, by a given change in climate conditions or by a climate hazard. Named in full to avoid collision with the physical-science te","Climate vulnerability component, comprising the degree to which a system, species, or activity is affected, beneficially or adversely, by a given change in climate conditions or by a climate hazard. Named in full to avoid collision with the physical-science term climate sensitivi",changed by the 3 Sep cleanup; per-row reason in v5_hierarchy_decisions.md
DEFINITION CHANGED,INT_002,Breeding,Intervention,L1,(top level),Definition,"Genetic resource management that develops improved crop varieties, livestock breeds, or aquatic strains through directed selection and recombination, including for traits conferring tolerance to climate stresses such as drought, heat, or flooding.","Intervention that develops improved crop varieties, livestock breeds, or aquatic strains through directed selection and recombination.","Two-part definition restructure (Andreea's Lexicon commitment, email section 2; her Slack: contextual material to 'the column we already have for the example'). The general definition now stops at what the concept IS; the climate-relevance clause moved to CGIAR example as 'Climate context: ...'. Tagging is unaffected - matching uses labels and synonyms, not definition text."
DEFINITION CHANGED,INT_003,Conventional breeding,Intervention,L2,INT_002 Breeding,Definition,"Breeding that improves varieties or breeds through repeated selection and crossing based on observed phenotypes, without molecular or transgenic methods, to combine desirable traits including climate stress tolerance.","Breeding that improves varieties or breeds through repeated selection and crossing based on observed phenotypes, without molecular or transgenic methods, to combine desirable traits.","Two-part definition restructure (Andreea's Lexicon commitment, email section 2; her Slack: contextual material to 'the column we already have for the example'). The general definition now stops at what the concept IS; the climate-relevance clause moved to CGIAR example as 'Climate context: ...'. Tagging is unaffected - matching uses labels and synonyms, not definition text."
DEFINITION CHANGED,INT_004,Marker-assisted selection,Intervention,L2,INT_002 Breeding,Definition,"Breeding that uses molecular markers linked to traits of interest to select parents and progeny, accelerating the development of climate-resilient varieties such as those tolerant to drought, heat, or submergence.",Breeding that uses molecular markers linked to traits of interest to select parents and progeny.,"Two-part definition restructure (Andreea's Lexicon commitment, email section 2; her Slack: contextual material to 'the column we already have for the example'). The general definition now stops at what the concept IS; the climate-relevance clause moved to CGIAR example as 'Climate context: ...'. Tagging is unaffected - matching uses labels and synonyms, not definition text."
DEFINITION CHANGED,INT_009,Genetic resource conservation,Intervention,L1,(top level),Definition,"Genetic resource management that safeguards the genetic diversity of crops, livestock, and aquatic species against loss, preserving traits that may be valuable for adapting to future climate conditions.","Intervention that safeguards the genetic diversity of crops, livestock, and aquatic species against loss, preserving traits that may be valuable for adapting to future climate conditions.",changed by the 3 Sep cleanup; per-row reason in v5_hierarchy_decisions.md
DEFINITION CHANGED,INT_010,Ex-situ conservation,Intervention,L2,INT_009 Genetic resource conservation,Definition,"Genetic resource conservation that maintains genetic material away from its natural or production habitat, for example in genebanks, field collections, or in vitro stores, to secure diversity for future climate adaptation.","Genetic resource conservation that maintains genetic material away from its natural or production habitat, for example in genebanks, field collections, or in vitro stores.","Two-part definition restructure (Andreea's Lexicon commitment, email section 2; her Slack: contextual material to 'the column we already have for the example'). The general definition now stops at what the concept IS; the climate-relevance clause moved to CGIAR example as 'Climate context: ...'. Tagging is unaffected - matching uses labels and synonyms, not definition text."
DEFINITION CHANGED,INT_011,In-situ conservation,Intervention,L2,INT_009 Genetic resource conservation,Definition,"Genetic resource conservation that maintains species and genetic diversity within natural habitats and ecosystems where they have developed their distinctive properties, including under changing climatic conditions.",Genetic resource conservation that maintains species and genetic diversity within natural habitats and ecosystems where they have developed their distinctive properties.,"Two-part definition restructure (Andreea's Lexicon commitment, email section 2; her Slack: contextual material to 'the column we already have for the example'). The general definition now stops at what the concept IS; the climate-relevance clause moved to CGIAR example as 'Climate context: ...'. Tagging is unaffected - matching uses labels and synonyms, not definition text."
DEFINITION CHANGED,INT_012,Cryopreservation,Intervention,L2,INT_009 Genetic resource conservation,Definition,"Genetic resource conservation that preserves germplasm such as seeds, tissues, or semen at ultra-low temperatures to maintain viability over long periods, securing climate-relevant diversity for future use.","Genetic resource conservation that preserves germplasm such as seeds, tissues, or semen at ultra-low temperatures to maintain viability over long periods.","Two-part definition restructure (Andreea's Lexicon commitment, email section 2; her Slack: contextual material to 'the column we already have for the example'). The general definition now stops at what the concept IS; the climate-relevance clause moved to CGIAR example as 'Climate context: ...'. Tagging is unaffected - matching uses labels and synonyms, not definition text."
DEFINITION CHANGED,INT_014,Germplasm collecting,Intervention,L1,(top level),Definition,"Genetic resource management that gathers samples of crop, wild relative, livestock, or aquatic genetic diversity from the field for conservation and use, including diversity holding traits relevant to climate adaptation.","Intervention that gathers samples of crop, wild relative, livestock, or aquatic genetic diversity from the field for conservation and use.","Two-part definition restructure (Andreea's Lexicon commitment, email section 2; her Slack: contextual material to 'the column we already have for the example'). The general definition now stops at what the concept IS; the climate-relevance clause moved to CGIAR example as 'Climate context: ...'. Tagging is unaffected - matching uses labels and synonyms, not definition text."
DEFINITION CHANGED,INT_015,Germplasm characterization,Intervention,L1,(top level),Definition,"Genetic resource management that describes and documents the morphological, agronomic, and molecular attributes of germplasm accessions, identifying traits such as stress tolerance useful for climate-resilient breeding.","Intervention that describes and documents the morphological, agronomic, and molecular attributes of germplasm accessions.","Two-part definition restructure (Andreea's Lexicon commitment, email section 2; her Slack: contextual material to 'the column we already have for the example'). The general definition now stops at what the concept IS; the climate-relevance clause moved to CGIAR example as 'Climate context: ...'. Tagging is unaffected - matching uses labels and synonyms, not definition text."
DEFINITION CHANGED,INT_016,Germplasm distribution,Intervention,L1,(top level),Definition,"Genetic resource management that supplies germplasm accessions to users such as breeders and researchers, governed by access and benefit-sharing terms, to enable development and use of climate-relevant diversity.","Intervention that supplies germplasm accessions to users such as breeders and researchers, governed by access and benefit-sharing terms.","Two-part definition restructure (Andreea's Lexicon commitment, email section 2; her Slack: contextual material to 'the column we already have for the example'). The general definition now stops at what the concept IS; the climate-relevance clause moved to CGIAR example as 'Climate context: ...'. Tagging is unaffected - matching uses labels and synonyms, not definition text."
DEFINITION CHANGED,INT_017,Trait discovery,Intervention,L1,(top level),Definition,"Genetic resource management that identifies and characterises novel genes or alleles controlling traits of interest, including tolerance to drought, heat, salinity, or pests, for use in climate-resilient breeding.",Intervention that identifies and characterises novel genes or alleles controlling traits of interest.,"Two-part definition restructure (Andreea's Lexicon commitment, email section 2; her Slack: contextual material to 'the column we already have for the example'). The general definition now stops at what the concept IS; the climate-relevance clause moved to CGIAR example as 'Climate context: ...'. Tagging is unaffected - matching uses labels and synonyms, not definition text."
DEFINITION CHANGED,INT_018,Seed multiplication,Intervention,L1,(top level),Definition,"Genetic resource management that increases the quantity of seed of a given variety while maintaining its genetic identity and quality, ensuring sufficient supply of climate-adapted planting material.","Intervention that increases the quantity of seed of a given variety while maintaining its genetic identity and quality, ensuring sufficient supply of climate-adapted planting material.",changed by the 3 Sep cleanup; per-row reason in v5_hierarchy_decisions.md
DEFINITION CHANGED,INT_019,Seed system strengthening,Intervention,L1,(top level),Definition,"Genetic resource management that improves the formal and informal systems through which farmers access quality seed of suitable varieties, expanding the availability of climate-adapted planting material.","Intervention that improves the formal and informal systems through which farmers access quality seed of suitable varieties, expanding the availability of climate-adapted planting material.",changed by the 3 Sep cleanup; per-row reason in v5_hierarchy_decisions.md
DEFINITION CHANGED,INT_020,Variety release,Intervention,L1,(top level),Definition,"Genetic resource management that formally approves and registers new crop varieties for distribution and cultivation, making improved, climate-adapted materials legally available to farmers.","Intervention that formally approves and registers new crop varieties for distribution and cultivation, making improved, climate-adapted materials legally available to farmers.",changed by the 3 Sep cleanup; per-row reason in v5_hierarchy_decisions.md
DEFINITION CHANGED,INT_021,Genetic resource policy,Intervention,L1,(top level),Definition,"Genetic resource management that develops and applies the rules governing access to, exchange of, intellectual property over, and biosafety of genetic resources, enabling their conservation and use for climate adaptation.","Intervention that develops and applies the rules governing access to, exchange of, intellectual property over, and biosafety of genetic resources, enabling their conservation and use for climate adaptation.",changed by the 3 Sep cleanup; per-row reason in v5_hierarchy_decisions.md
DEFINITION CHANGED,INT_022,Agronomic management,Intervention,L1,(top level),Definition,Intervention comprising field-level crop and soil management practices applied to maintain or improve agricultural production under climate variability and stress.,Intervention comprising the field-level crop and soil operations applied to sustain agricultural production under climate variability and stress.,"R10/R20: returned to L1 in Phase 2 but the opener still named Farming practice, the removed parent"
DEFINITION CHANGED,INT_029,Integrated pest management,Intervention,L2,INT_022 Agronomic management,Definition,"Agronomic management that combines biological, cultural, physical, and chemical tactics to keep pest populations below damaging levels while minimising risks, including pest pressures shifting under climate change.","Agronomic management that combines biological, cultural, physical, and chemical tactics to keep pest populations below damaging levels while minimising risks.","Two-part definition restructure (Andreea's Lexicon commitment, email section 2; her Slack: contextual material to 'the column we already have for the example'). The general definition now stops at what the concept IS; the climate-relevance clause moved to CGIAR example as 'Climate context: ...'. Tagging is unaffected - matching uses labels and synonyms, not definition text."
DEFINITION CHANGED,INT_032,Organic amendment,Intervention,L3,INT_030 Nutrient management,Definition,"Nutrient management that adds organic materials such as compost, manure, or crop residues to supply nutrients and build soil organic matter, improving moisture retention and resilience to climate stress.","Nutrient management that adds organic materials such as compost, manure, or crop residues to supply nutrients and build soil organic matter.","Two-part definition restructure (Andreea's Lexicon commitment, email section 2; her Slack: contextual material to 'the column we already have for the example'). The general definition now stops at what the concept IS; the climate-relevance clause moved to CGIAR example as 'Climate context: ...'. Tagging is unaffected - matching uses labels and synonyms, not definition text."
DEFINITION CHANGED,INT_035,Biofortification,Intervention,L2,INT_022 Agronomic management,Definition,"Agronomic management that increases the density of vitamins and minerals in food crops through breeding or agronomic means, improving dietary quality in populations exposed to climate-related food and nutrition stress.","Agronomic management that increases the density of vitamins and minerals in food crops through breeding or agronomic means, improving dietary quality in populations.","Two-part definition restructure, second batch: plain climate tail (no example-word, so the p28 worklist missed it). Same Lexicon commitment - general definition stops at what the concept is; climate relevance moved to CGIAR example. Tagging unaffected (matching uses labels and synonyms)."
DEFINITION CHANGED,INT_036,Controlled-environment production,Intervention,L2,INT_022 Agronomic management,Definition,"Agronomic management that grows crops within enclosed or climate-regulated structures such as greenhouses, hydroponic, or vertical systems, buffering production from external weather variability and extremes.","Agronomic management that grows crops within enclosed or climate-regulated structures such as greenhouses, hydroponic, or vertical systems.","Two-part definition restructure (Andreea's Lexicon commitment, email section 2; her Slack: contextual material to 'the column we already have for the example'). The general definition now stops at what the concept IS; the climate-relevance clause moved to CGIAR example as 'Climate context: ...'. Tagging is unaffected - matching uses labels and synonyms, not definition text."
DEFINITION CHANGED,INT_048,Livestock management,Intervention,L1,(top level),Definition,"Intervention comprising husbandry, feeding, breeding, and health practices adjusted to sustain animal productivity under climate stress.","Intervention comprising the husbandry, feeding, breeding and health operations applied to sustain animal productivity under climate stress.","R10/R20: returned to L1 in Phase 2 but the opener still named Farming practice, the removed parent"
DEFINITION CHANGED,INT_051,Improved forage cultivation,Intervention,L3,INT_049 Forage management,Definition,"Feed and forage management that establishes improved forage species and pastures to increase feed quantity and quality, raising livestock productivity and resilience under climate stress.","Forage management that establishes improved forage species and pastures to increase feed quantity and quality, raising livestock productivity and resilience under climate stress.",changed by the 3 Sep cleanup; per-row reason in v5_hierarchy_decisions.md
DEFINITION CHANGED,INT_054,Animal health management,Intervention,L2,INT_048 Livestock management,Definition,"Livestock management that prevents, monitors, and treats animal diseases, including those whose distribution shifts under climate change, to protect animal productivity and public health.","Livestock management that prevents, monitors, and treats animal diseases to protect animal productivity and public health.","Two-part definition restructure (Andreea's Lexicon commitment, email section 2; her Slack: contextual material to 'the column we already have for the example'). The general definition now stops at what the concept IS; the climate-relevance clause moved to CGIAR example as 'Climate context: ...'. Tagging is unaffected - matching uses labels and synonyms, not definition text."
DEFINITION CHANGED,INT_057,Animal breeding,Intervention,L2,INT_002 Breeding,Definition,"Livestock management that selects and mates animals to improve productivity, health, and tolerance to climate stresses such as heat and disease in future generations.","Breeding that selects and mates animals to improve productivity, health, and tolerance to climate stresses such as heat and disease in future generations.",changed by the 3 Sep cleanup; per-row reason in v5_hierarchy_decisions.md
DEFINITION CHANGED,INT_066,Ecosystem restoration,Intervention,L3,INT_059 Landscape management,Definition,"Landscape management that assists the recovery of degraded, damaged, or destroyed ecosystems to restore their structure, function, and services, including climate regulation and resilience.","Landscape management that assists the recovery of degraded, damaged, or destroyed ecosystems to restore their structure, function, and services.","Two-part definition restructure (Andreea's Lexicon commitment, email section 2; her Slack: contextual material to 'the column we already have for the example'). The general definition now stops at what the concept IS; the climate-relevance clause moved to CGIAR example as 'Climate context: ...'. Tagging is unaffected - matching uses labels and synonyms, not definition text."
DEFINITION CHANGED,INT_094,Climate model,Intervention,L1,(top level),Definition,"Climate service that uses numerical models to simulate and project the climate system, generating the information that underpins climate risk assessment and adaptation planning.","Numerical model to simulate and project the climate system, generating the information that underpins climate risk assessment and adaptation planning.",changed by the 3 Sep cleanup; per-row reason in v5_hierarchy_decisions.md
DEFINITION CHANGED,INT_095,Earth observation,Intervention,L1,(top level),Definition,"Climate service that uses satellite and remote-sensing systems to monitor environmental and climate-relevant conditions over space and time, informing climate services and adaptation.","Use of satellite and remote-sensing systems to monitor environmental and climate-relevant conditions over space and time, informing climate services and adaptation.",changed by the 3 Sep cleanup; per-row reason in v5_hierarchy_decisions.md
DEFINITION CHANGED,INT_096,Climate forecast,Intervention,L2,INT_091 Climate service,Definition,Climate service that predicts future weather and climate conditions across timescales - from weather to seasonal outlooks - to support anticipatory and adaptive decision-making.,"Climate service that produces forecasts of future weather and climate conditions across timescales, from days to seasons.",changed by the 3 Sep cleanup; per-row reason in v5_hierarchy_decisions.md
DEFINITION CHANGED,INT_097,Climate service translation,Intervention,L2,INT_091 Climate service,Definition,Climate service that converts technical climate and weather information into formats and messages tailored to the needs and decisions of specific user groups.,Climate service that translates technical climate and weather information into formats and languages usable by decision-makers.,changed by the 3 Sep cleanup; per-row reason in v5_hierarchy_decisions.md
DEFINITION CHANGED,INT_099,Digital climate advisory,Intervention,L3,INT_098 Climate advisory,Definition,"Climate service that delivers tailored climate and agro-advisory information to users through digital channels such as mobile phones, apps, and platforms.",Climate advisory that delivers tailored climate and agro-advisory information through digital channels.,changed by the 3 Sep cleanup; per-row reason in v5_hierarchy_decisions.md
DEFINITION CHANGED,INT_101,Risk assessment,Intervention,L1,(top level),Definition,"Research and synthesis that identifies, analyses, and evaluates risks - including the interaction of hazard, exposure, and vulnerability - to inform adaptation and disaster risk reduction decisions.","Intervention that identifies, analyses, and evaluates risks - including the interaction of hazard, exposure, and vulnerability - to inform adaptation and disaster risk reduction decisions.",changed by the 3 Sep cleanup; per-row reason in v5_hierarchy_decisions.md
DEFINITION CHANGED,INT_120,Climate insurance,Intervention,L3,INT_306 Insurance,Definition,"Climate finance that transfers the financial risk of climate-related losses from farmers, pastoralists, fisherfolk, or institutions to an insurer in exchange for a premium, providing payouts that support recovery after a hazard.","Insurance that transfers the financial risk of climate-related losses from farmers, pastoralists, fisherfolk, or institutions to an insurer in exchange for a premium, providing payouts that support recovery after a hazard.",changed by the 3 Sep cleanup; per-row reason in v5_hierarchy_decisions.md
DEFINITION CHANGED,INT_137,Standards development,Intervention,L2,INT_128 Climate policy support,Definition,"Climate policy support that designs and establishes technical standards, protocols, or certification schemes (such as measurement, reporting, and verification protocols) that govern and assure adaptation-relevant practices and products.","Climate policy support that designs and establishes technical standards, protocols and codes of practice for climate-relevant agricultural activity.",R10: re-parented in Phase 2 but the opener still carried the generic facet genus from the earlier promotion
DEFINITION CHANGED,INT_150,Training,Intervention,L1,(top level),Definition,"Capacity sharing that imparts adaptation-relevant knowledge and skills to learners through structured instruction, courses, or workshops.","Intervention that imparts adaptation-relevant knowledge and skills to learners through structured instruction, courses, or workshops.",changed by the 3 Sep cleanup; per-row reason in v5_hierarchy_decisions.md
DEFINITION CHANGED,INT_151,Curriculum,Intervention,L1,(top level),Definition,Capacity sharing that designs structured sets of learning modules and competencies to build adaptation-relevant knowledge and skills over a course or programme.,Intervention that designs structured sets of learning modules and competencies to build adaptation-relevant knowledge and skills over a course or programme.,changed by the 3 Sep cleanup; per-row reason in v5_hierarchy_decisions.md
DEFINITION CHANGED,INT_152,Coaching,Intervention,L1,(top level),Definition,"Capacity sharing that provides individualised, ongoing guidance to help a learner develop specific adaptation-relevant skills and apply them in practice.","Intervention that provides individualised, ongoing guidance to help a learner develop specific adaptation-relevant skills and apply them in practice.",changed by the 3 Sep cleanup; per-row reason in v5_hierarchy_decisions.md
DEFINITION CHANGED,INT_153,Fellowship,Intervention,L1,(top level),Definition,"Capacity sharing that supports an individual through a funded placement or programme to develop advanced adaptation-relevant knowledge, skills, or research experience.","Intervention that supports an individual through a funded placement or programme to develop advanced adaptation-relevant knowledge, skills, or research experience.",changed by the 3 Sep cleanup; per-row reason in v5_hierarchy_decisions.md
DEFINITION CHANGED,INT_154,Institutional twinning,Intervention,L1,(top level),Definition,"Capacity sharing that pairs an institution with a more experienced counterpart so that knowledge, skills, and working practices relevant to adaptation are transferred through sustained collaboration.","Intervention that pairs an institution with a more experienced counterpart so that knowledge, skills, and working practices relevant to adaptation are transferred through sustained collaboration.",changed by the 3 Sep cleanup; per-row reason in v5_hierarchy_decisions.md
DEFINITION CHANGED,INT_155,South-South knowledge exchange,Intervention,L1,(top level),Definition,"Capacity sharing that facilitates the transfer of adaptation-relevant knowledge, technology, and experience between developing countries.","Intervention that facilitates the transfer of adaptation-relevant knowledge, technology, and experience between developing countries.",changed by the 3 Sep cleanup; per-row reason in v5_hierarchy_decisions.md
DEFINITION CHANGED,INT_156,Triangular cooperation,Intervention,L1,(top level),Definition,"Capacity sharing intervention in which a third partner, typically a developed country or multilateral body, facilitates and supports South-South exchange of adaptation-relevant knowledge and resources.","Intervention in which a third partner, typically a developed country or multilateral body, facilitates and supports South-South exchange of adaptation-relevant knowledge and resources.",audit T1.4: string-substitution artefact
DEFINITION CHANGED,INT_160,Community of practice,Intervention,L1,(top level),Definition,"Capacity sharing that establishes and supports groups of people who share a domain of interest and learn collectively, enabling the exchange of adaptation knowledge and practices.","Intervention that establishes and supports groups of people who share a domain of interest and learn collectively, enabling the exchange of adaptation knowledge and practices.",changed by the 3 Sep cleanup; per-row reason in v5_hierarchy_decisions.md
DEFINITION CHANGED,INT_161,Knowledge integration,Intervention,L1,(top level),Definition,"Capacity sharing that incorporates indigenous knowledge (understandings, skills, and philosophies developed by societies with long histories of interaction with their natural surroundings) and local knowledge into climate adaptation research, planning, and practice alongside scie","Intervention that incorporates indigenous knowledge (understandings, skills, and philosophies developed by societies with long histories of interaction with their natural surroundings) and local knowledge into climate adaptation research, planning, and practice alongside scientif",changed by the 3 Sep cleanup; per-row reason in v5_hierarchy_decisions.md
DEFINITION CHANGED,INT_167,Scaling readiness assessment,Intervention,L1,(top level),Definition,Scaling that diagnoses how ready an adaptation innovation is for use at scale and identifies the bottlenecks that must be addressed to expand its adoption.,Intervention that diagnoses how ready an adaptation innovation is for use at scale and identifies the bottlenecks that must be addressed to expand its adoption.,changed by the 3 Sep cleanup; per-row reason in v5_hierarchy_decisions.md
DEFINITION CHANGED,INT_168,Innovation bundling,Intervention,L1,(top level),Definition,"Scaling that combines complementary adaptation innovations, practices, or services into an integrated package so they can be adopted and deliver benefits together.","Intervention that combines complementary adaptation innovations, practices, or services into an integrated package so they can be adopted and deliver benefits together.",changed by the 3 Sep cleanup; per-row reason in v5_hierarchy_decisions.md
DEFINITION CHANGED,INT_169,Business model development,Intervention,L1,(top level),Definition,"Scaling that designs the organisational and financial model through which adaptation products, services, or technologies are delivered to and sustained for intended users.","Intervention that designs the organisational and financial model through which adaptation products, services, or technologies are delivered to and sustained for intended users.",changed by the 3 Sep cleanup; per-row reason in v5_hierarchy_decisions.md
DEFINITION CHANGED,INT_173,Public-private partnership development,Intervention,L1,(top level),Definition,"Scaling that establishes collaborative arrangements between public bodies and private enterprises to jointly finance, deliver, and scale climate adaptation products and services.","Intervention that establishes collaborative arrangements between public bodies and private enterprises to jointly finance, deliver, and scale climate adaptation products and services.",changed by the 3 Sep cleanup; per-row reason in v5_hierarchy_decisions.md
DEFINITION CHANGED,INT_182,Evidence synthesis,Intervention,L1,(top level),Definition,"Research and synthesis that systematically collects, appraises, and consolidates existing research findings on adaptation to produce reliable evidence for decision-making.","Intervention that systematically collects, appraises, and consolidates existing research findings on adaptation to produce reliable evidence for decision-making.",changed by the 3 Sep cleanup; per-row reason in v5_hierarchy_decisions.md
DEFINITION CHANGED,INT_183,Foresight analysis,Intervention,L1,(top level),Definition,"Research and synthesis that explores plausible future conditions, drivers, and uncertainties affecting food and agricultural systems to inform long-term adaptation strategy.","Intervention that explores plausible future conditions, drivers, and uncertainties affecting food and agricultural systems to inform long-term adaptation strategy.",changed by the 3 Sep cleanup; per-row reason in v5_hierarchy_decisions.md
DEFINITION CHANGED,INT_184,Economic analysis,Intervention,L1,(top level),Definition,"Research and synthesis that assesses the costs, benefits, and economic trade-offs of adaptation options to inform investment and policy decisions.","Intervention that assesses the costs, benefits, and economic trade-offs of adaptation options to inform investment and policy decisions.",changed by the 3 Sep cleanup; per-row reason in v5_hierarchy_decisions.md
DEFINITION CHANGED,INT_185,Political economy analysis,Intervention,L1,(top level),Definition,"Research and synthesis that examines the power relations, incentives, and institutions shaping adaptation decisions, to inform feasible and effective interventions.","Intervention that examines the power relations, incentives, and institutions shaping adaptation decisions, to inform feasible and effective interventions.",changed by the 3 Sep cleanup; per-row reason in v5_hierarchy_decisions.md
DEFINITION CHANGED,INT_186,True-cost accounting,Intervention,L1,(top level),Definition,"Research and synthesis that quantifies the hidden environmental, social, and health costs and benefits of food and agricultural systems to inform more sustainable and adaptive decisions.","Intervention that quantifies the hidden environmental, social, and health costs and benefits of food and agricultural systems to inform more sustainable and adaptive decisions.",changed by the 3 Sep cleanup; per-row reason in v5_hierarchy_decisions.md
DEFINITION CHANGED,INT_187,Whole-farm system analysis,Intervention,L1,(top level),Definition,"Research and synthesis that models the farm as an integrated system to evaluate how adaptation options affect production, resources, and risk across its components.","Intervention that models the farm as an integrated system to evaluate how adaptation options affect production, resources, and risk across its components.",changed by the 3 Sep cleanup; per-row reason in v5_hierarchy_decisions.md
DEFINITION CHANGED,INT_188,Spatial prioritization,Intervention,L1,(top level),Definition,Research and synthesis that uses spatial data and analysis to identify and rank locations where adaptation investments or interventions would be most needed or effective.,Intervention that uses spatial data and analysis to identify and rank locations where adaptation investments or interventions would be most needed or effective.,changed by the 3 Sep cleanup; per-row reason in v5_hierarchy_decisions.md
DEFINITION CHANGED,INT_191,Nutrition-sensitive agriculture,Intervention,L2,INT_296 Human nutrition,Definition,"Health and nutrition that designs agricultural production and food systems to improve the availability, access, and consumption of diverse and nutritious foods under climate stress.","Human nutrition that designs agricultural production and food systems to improve the availability, access, and consumption of diverse and nutritious foods under climate stress.",changed by the 3 Sep cleanup; per-row reason in v5_hierarchy_decisions.md
DEFINITION CHANGED,INT_192,Healthy diet,Intervention,L2,INT_296 Human nutrition,Definition,"Health and nutrition that encourages dietary patterns that are health-promoting and environmentally sustainable, supporting adaptation and resilient food systems.","Human nutrition that encourages dietary patterns that are health-promoting and environmentally sustainable, supporting adaptation and resilient food systems.",changed by the 3 Sep cleanup; per-row reason in v5_hierarchy_decisions.md
DEFINITION CHANGED,INT_193,Food safety management,Intervention,L1,(top level),Definition,"Health and nutrition that controls biological, chemical, and physical hazards along the food chain - including climate-sensitive risks such as mycotoxins - to protect human health.","Intervention that controls biological, chemical, and physical hazards along the food chain to protect human health.","Two-part definition restructure (Andreea's Lexicon commitment, email section 2; her Slack: contextual material to 'the column we already have for the example'). The general definition now stops at what the concept IS; the climate-relevance clause moved to CGIAR example as 'Climate context: ...'. Tagging is unaffected - matching uses labels and synonyms, not definition text."
DEFINITION CHANGED,INT_194,Migration,Intervention,L1,(top level),Definition,"Intervention that addresses human mobility associated with climate change - including migration, displacement, and planned relocation - to reduce risk and support adaptation.","Action that addresses human and animal mobility associated with climate change - including migration, displacement, and planned relocation - to reduce risk and support adaptation.",changed by the 3 Sep cleanup; per-row reason in v5_hierarchy_decisions.md
DEFINITION CHANGED,INT_198,Varietal adoption monitoring,Intervention,L1,(top level),Definition,"Genetic resource management that tracks the spread and uptake of released varieties among farmers, often using DNA fingerprinting, to assess adoption of climate-adapted materials and inform breeding priorities.","Intervention that tracks the spread and uptake of released varieties among farmers, often using DNA fingerprinting, to assess adoption of climate-adapted materials and inform breeding priorities.",changed by the 3 Sep cleanup; per-row reason in v5_hierarchy_decisions.md
DEFINITION CHANGED,INT_200,Digital sequence information,Intervention,L2,INT_021 Genetic resource policy,Definition,Genetic resource policy that underpins climate-adaptive breeding.,"Genetic resource policy that develops and applies the rules governing access to, and benefit-sharing from, digital sequence information on genetic resources.",audit T1.2: definition had no differentia and 'underpins' stated a relation | R10: re-parented in Phase 2 but the opener still carried the generic facet genus from the earlier promotion
DEFINITION CHANGED,INT_210,Aquaculture management,Intervention,L1,(top level),Definition,"Intervention comprising the management of aquatic farming systems - stocking, feeding, and water quality - to sustain production under climate-driven changes in temperature and water.","Intervention comprising the stocking, feeding and water-quality operations applied to aquatic farming systems to sustain production under climate-driven changes in temperature and water.","R10/R20: returned to L1 in Phase 2 but the opener still named Farming practice, the removed parent"
DEFINITION CHANGED,INT_216,Crop management,Intervention,L2,INT_022 Agronomic management,Definition,"Agronomic management that covers decisions on crop cultivation, including choice of crop, planting and harvest timing, spacing, and in-season husbandry, to sustain production under climate stress.","Agronomic management that covers decisions on crop cultivation, including choice of crop, planting and harvest timing, spacing, and in-season husbandry.","Two-part definition restructure (Andreea's Lexicon commitment, email section 2; her Slack: contextual material to 'the column we already have for the example'). The general definition now stops at what the concept IS; the climate-relevance clause moved to CGIAR example as 'Climate context: ...'. Tagging is unaffected - matching uses labels and synonyms, not definition text."
DEFINITION CHANGED,INT_222,Mentoring,Intervention,L1,(top level),Definition,"Capacity sharing intervention in which an experienced individual provides guidance, advice, and support to a less experienced person to develop their adaptation-relevant knowledge, skills, and professional growth.","Intervention in which an experienced individual provides guidance, advice, and support to a less experienced person to develop their adaptation-relevant knowledge, skills, and professional growth.",audit T1.4: string-substitution artefact
DEFINITION CHANGED,INT_223,Scholarship,Intervention,L1,(top level),Definition,Capacity sharing that provides financial support enabling an individual to undertake formal education or training that builds adaptation-relevant knowledge and skills.,Intervention that provides financial support enabling an individual to undertake formal education or training that builds adaptation-relevant knowledge and skills.,changed by the 3 Sep cleanup; per-row reason in v5_hierarchy_decisions.md
DEFINITION CHANGED,INT_224,Secondment,Intervention,L1,(top level),Definition,"Capacity sharing that temporarily places an individual within another organisation to share and build adaptation-relevant skills, knowledge, and working relationships.","Intervention that temporarily places an individual within another organisation to share and build adaptation-relevant skills, knowledge, and working relationships.",changed by the 3 Sep cleanup; per-row reason in v5_hierarchy_decisions.md
DEFINITION CHANGED,INT_225,Scenario analysis,Intervention,L1,(top level),Definition,Research and synthesis that constructs and compares plausible future scenarios - such as shared socioeconomic and climate pathways - to assess climate risks and the robustness of adaptation options.,Intervention that constructs and compares plausible future scenarios - such as shared socioeconomic and climate pathways - to assess climate risks and the robustness of adaptation options.,changed by the 3 Sep cleanup; per-row reason in v5_hierarchy_decisions.md
DEFINITION CHANGED,INT_226,Financial analysis,Intervention,L1,(top level),Definition,"Research and synthesis that assesses the financial viability, returns, and risks of adaptation investments to inform financing and budgeting decisions.","Intervention that assesses the financial viability, returns, and risks of adaptation investments to inform financing and budgeting decisions.",changed by the 3 Sep cleanup; per-row reason in v5_hierarchy_decisions.md
DEFINITION CHANGED,INT_233,Improved feed,Intervention,L3,INT_049 Forage management,Definition,Feed and forage management that raises the quality and digestibility of livestock diets to sustain animal productivity and resilience under climate stress.,Forage management that raises the quality and digestibility of livestock diets to sustain animal productivity and resilience under climate stress.,changed by the 3 Sep cleanup; per-row reason in v5_hierarchy_decisions.md
DEFINITION CHANGED,INT_237,Participatory rural appraisal,Intervention,L1,(top level),Definition,"Research and synthesis that engages rural communities in gathering and analysing information about their own conditions, building shared understanding to inform planning and decision-making.","Intervention that engages rural communities in gathering and analysing information about their own conditions, building shared understanding to inform planning and decision-making.",changed by the 3 Sep cleanup; per-row reason in v5_hierarchy_decisions.md
DEFINITION CHANGED,INT_238,Technology transfer,Intervention,L1,(top level),Definition,Scaling that spreads adaptation and mitigation technologies within and across countries.,Intervention that spreads adaptation and mitigation technologies within and across countries.,changed by the 3 Sep cleanup; per-row reason in v5_hierarchy_decisions.md
DEFINITION CHANGED,INT_243,Low-methane feed additive,Intervention,L3,INT_049 Forage management,Definition,Feed and forage management that incorporates dietary additives formulated to suppress methane production during enteric fermentation in ruminants.,Forage management that incorporates dietary additives formulated to suppress methane production during enteric fermentation in ruminants.,changed by the 3 Sep cleanup; per-row reason in v5_hierarchy_decisions.md
DEFINITION CHANGED,INT_248,Renewable energy,Intervention,L1,(top level),Definition,"Energy management based on sources replenished faster than they are consumed, such as solar, wind, hydro, and sustainable biomass, displacing fossil-fuel use.","Intervention that supplies energy from sources replenished faster than they are consumed, such as solar, wind, hydro, and sustainable biomass, displacing fossil-fuel use.",changed by the 3 Sep cleanup; per-row reason in v5_hierarchy_decisions.md
DEFINITION CHANGED,INT_250,Electrification,Intervention,L1,(top level),Definition,"Energy management that converts energy-consuming equipment and processes from fossil-fuel sources to electricity, enabling supply from low-carbon generation.","Intervention that converts energy-consuming equipment and processes from fossil-fuel sources to electricity, enabling supply from low-carbon generation.",changed by the 3 Sep cleanup; per-row reason in v5_hierarchy_decisions.md
DEFINITION CHANGED,INT_251,Bioenergy,Intervention,L1,(top level),Definition,Energy management that derives energy from any form of biomass or its metabolic by-products.,Intervention that derives energy from any form of biomass or its metabolic by-products.,changed by the 3 Sep cleanup; per-row reason in v5_hierarchy_decisions.md
DEFINITION CHANGED,INT_264,Climate information,Intervention,L2,INT_091 Climate service,Definition,"Climate service that organises, stores, quality-controls, and governs climate and weather data so that it can be found, trusted, and reused for analysis, forecasting, and evidence linking climate hazards to observed impacts.","Climate service comprising the collection, processing and interpretation of climate and weather data for users.",changed by the 3 Sep cleanup; per-row reason in v5_hierarchy_decisions.md
DEFINITION CHANGED,INT_268,Seed exchange,Intervention,L1,(top level),Definition,"Genetic resource management in which farmers and communities circulate seed and planting material among themselves through informal or organised channels, spreading varieties, including climate-adapted ones, outside the formal seed sector.","Intervention in which farmers and communities circulate seed and planting material among themselves through informal or organised channels, spreading varieties outside the formal seed sector.","Two-part definition restructure (Andreea's Lexicon commitment, email section 2; her Slack: contextual material to 'the column we already have for the example'). The general definition now stops at what the concept IS; the climate-relevance clause moved to CGIAR example as 'Climate context: ...'. Tagging is unaffected - matching uses labels and synonyms, not definition text."
DEFINITION CHANGED,INT_275,Regenerative agriculture,Intervention,L1,(top level),Definition,"Intervention that focuses on restoring soil health, biodiversity, and ecosystem function while sustaining productive and equitable food systems.","Intervention that restores soil health, biodiversity and ecosystem function while sustaining productive and equitable food systems.","R10/R20: returned to L1 in Phase 2 but the opener still named Farming practice, the removed parent"
DEFINITION CHANGED,INT_277,Sustainable intensification,Intervention,L1,(top level),Definition,Intervention that raises output on existing agricultural land while reducing environmental harm and greenhouse gas intensity.,Intervention that raises output on existing agricultural land while lowering environmental pressure and greenhouse gas intensity.,"R10/R20: returned to L1 in Phase 2 but the opener still named Farming practice, the removed parent"
DEFINITION CHANGED,OTC_008,Soil function,Outcome,L1,(top level),Definition,"Outcome construct denoting the capacity of soil to sustain its biological, chemical, and physical processes - including nutrient cycling, water retention, and structure - treated neutrally as the result whose level may be maintained or degraded under drought, heat, or erratic rai","Outcome construct denoting the capacity of soil to sustain its biological, chemical, and physical processes - including nutrient cycling, water retention, and structure - treated neutrally as the result whose level may be maintained or degraded.","Two-part definition restructure (Andreea's Lexicon commitment, email section 2; her Slack: contextual material to 'the column we already have for the example'). The general definition now stops at what the concept IS; the climate-relevance clause moved to CGIAR example as 'Climate context: ...'. Tagging is unaffected - matching uses labels and synonyms, not definition text."
DEFINITION CHANGED,OTC_009,Ecosystem function,Outcome,L1,(top level),Definition,"Outcome construct denoting the capacity of natural systems - watersheds, forests, rangelands - to deliver services such as water regulation, pollination, and biomass production, treated neutrally as the result whose level may be maintained or degraded under climate pressure.","Outcome construct denoting the capacity of natural systems - watersheds, forests, rangelands - to deliver services such as water regulation, pollination, and biomass production, treated neutrally as the result whose level may be maintained or degraded.","Two-part definition restructure (Andreea's Lexicon commitment, email section 2; her Slack: contextual material to 'the column we already have for the example'). The general definition now stops at what the concept IS; the climate-relevance clause moved to CGIAR example as 'Climate context: ...'. Tagging is unaffected - matching uses labels and synonyms, not definition text."
DEFINITION CHANGED,OTC_031,Knowledge,Outcome,L1,(top level),Definition,"Capacity comprising the information and understanding that individuals, households, or institutions hold and can apply to adaptation.","Outcome construct comprising the information and understanding that individuals, households, or institutions hold and can apply to adaptation.",changed by the 3 Sep cleanup; per-row reason in v5_hierarchy_decisions.md
DEFINITION CHANGED,OTC_033,Agency,Outcome,L1,(top level),Definition,Capacity comprising the ability of individuals or groups to make and act on autonomous decisions about their lives and livelihoods in the context of adaptation.,Outcome construct comprising the ability of individuals or groups to make and act on autonomous decisions about their lives and livelihoods in the context of adaptation.,changed by the 3 Sep cleanup; per-row reason in v5_hierarchy_decisions.md
DEFINITION CHANGED,OTC_104,Skills,Outcome,L1,(top level),Definition,"Capacity comprising the practical competencies and know-how that individuals, households, or institutions can apply to adaptation.","Outcome construct comprising the practical competencies and know-how that individuals, households, or institutions can apply to adaptation.",changed by the 3 Sep cleanup; per-row reason in v5_hierarchy_decisions.md
DEFINITION CHANGED,OUT_002,Variety,Output,L1,(top level),Definition,"Output comprising a crop variety, livestock breed, or aquatic species developed, selected, or promoted for traits that improve performance under climate-related stresses such as drought, heat, flooding, salinity, or pest and disease pressure.","Output comprising a crop variety, livestock breed, or aquatic species developed, selected, or promoted for desired traits.","Two-part definition restructure (Andreea's Lexicon commitment, email section 2; her Slack: contextual material to 'the column we already have for the example'). The general definition now stops at what the concept IS; the climate-relevance clause moved to CGIAR example as 'Climate context: ...'. Tagging is unaffected - matching uses labels and synonyms, not definition text. NOTE: bridge wording 'f"
DEFINITION CHANGED,OUT_011,Composite index,Output,L1,(top level),Definition,"Output comprising a quantitative measure that aggregates multiple individual indicators into a single value, using a defined weighting and aggregation method, to summarise a complex climate-adaptation concept such as risk, vulnerability, or resilience.","Index comprising a quantitative measure that aggregates multiple individual indicators into a single value, using a defined weighting and aggregation method, to summarise a complex climate-adaptation concept such as risk, vulnerability, or resilience.",changed by the 3 Sep cleanup; per-row reason in v5_hierarchy_decisions.md
DEFINITION CHANGED,OUT_018,Bundled climate service,Intervention,L2,INT_091 Climate service,Definition,"Innovation bundle that combines climate information and advisory services with complementary inputs, finance, or insurance, delivered together to help users act on climate forecasts and warnings.","Climate service that bundles climate advisories with complementary inputs, finance or market services in one offer.",changed by the 3 Sep cleanup; per-row reason in v5_hierarchy_decisions.md
DEFINITION CHANGED,OUT_024,Climate risk assessment report,Output,L2,OUT_026 Report,Definition,"Output comprising a document that analyses climate hazards, exposure, sensitivity, adaptive capacity, vulnerability, or adaptation options for a defined system, geography, sector, or population, providing evidence for adaptation planning, programming, or investment.","Report that analyses climate hazards, exposure, sensitivity, adaptive capacity, vulnerability, or adaptation options for a defined system, geography, sector, or population, providing evidence for adaptation planning, programming, or investment.",changed by the 3 Sep cleanup; per-row reason in v5_hierarchy_decisions.md
DEFINITION CHANGED,OUT_043,National adaptation plan,Output,L1,(top level),Definition,"Plan in the form of a formal national document that identifies medium- and long-term adaptation needs and sets out priorities, options, and actions for adapting a system, sector, or territory to climate variability and change.","Output comprising a plan in the form of a formal national document that identifies medium- and long-term adaptation needs and sets out priorities, options, and actions for adapting a system, sector, or territory to climate variability and change.",changed by the 3 Sep cleanup; per-row reason in v5_hierarchy_decisions.md
DEFINITION CHANGED,OUT_056,Breed,Output,L2,OUT_002 Variety,Definition,"Variety in the form of a distinct population of domesticated animals, developed or promoted for traits such as heat tolerance, disease resistance, or feed-use efficiency that improve livestock performance under climate stress.","Variety in the form of a distinct population of domesticated animals, developed or promoted for desired traits.","Two-part definition restructure (Andreea's Lexicon commitment, email section 2; her Slack: contextual material to 'the column we already have for the example'). The general definition now stops at what the concept IS; the climate-relevance clause moved to CGIAR example as 'Climate context: ...'. Tagging is unaffected - matching uses labels and synonyms, not definition text. NOTE: bridge wording 'f"
DEFINITION CHANGED,OUT_062,Community seed bank,Output,L2,OUT_123 Seed bank,Definition,"Output comprising a locally managed facility that stores, maintains, and distributes seed from climate-adapted or locally resilient varieties to support farmer, pastoralist, and producer access to appropriate planting material under climate variability.","Seed bank managed locally that stores, maintains, and distributes seed from climate-adapted or locally resilient varieties to support farmer, pastoralist, and producer access to appropriate planting material.",changed by the 3 Sep cleanup; per-row reason in v5_hierarchy_decisions.md
DEFINITION CHANGED,OUT_066,Climate advisory tool,Output,L1,(top level),Definition,"Climate information product comprising a tool, service, or communication product that translates climate, weather, agronomic, or livelihood information into actionable recommendations supporting adaptation-related decision-making by farmers, pastoralists, fisherfolk, extension ag","A tool, service, or communication product that translates climate, weather, agronomic, or livelihood information into actionable recommendations supporting adaptation-related decision-making by farmers, pastoralists, fisherfolk, extension agents, planners, or other users.",changed by the 3 Sep cleanup; per-row reason in v5_hierarchy_decisions.md
DEFINITION CHANGED,OUT_067,Climate information system,Output,L1,(top level),Definition,"Climate information product comprising an integrated system for collecting, processing, storing, and disseminating climate and weather information to support adaptation planning and decision-making.","Output comprising an integrated system for collecting, processing, storing, and disseminating climate and weather information to support adaptation planning and decision-making.",changed by the 3 Sep cleanup; per-row reason in v5_hierarchy_decisions.md
DEFINITION CHANGED,OUT_070,Climate observation network,Output,L1,(top level),Definition,"Climate information product in the form of a coordinated set of stations, sensors, or platforms that systematically measures atmospheric, hydrological, or environmental variables to generate climate and weather data for adaptation.","Output comprising a coordinated set of stations, sensors, or platforms that systematically measures atmospheric, hydrological, or environmental variables to generate climate and weather data for adaptation.",changed by the 3 Sep cleanup; per-row reason in v5_hierarchy_decisions.md
DEFINITION CHANGED,OUT_080,Biofertilizer,Intervention,L3,INT_282 Fertilizer,Definition,"Output comprising a product containing living micro-organisms that, when applied to seeds, plants, or soil, enhances nutrient availability or uptake, supporting productivity and soil function under climate stress.","Fertilizer containing living micro-organisms that, when applied to seeds, plants, or soil, enhances nutrient availability or uptake, supporting productivity and soil function under climate stress.",changed by the 3 Sep cleanup; per-row reason in v5_hierarchy_decisions.md
DEFINITION CHANGED,OUT_081,Biocontrol agent,Intervention,L2,INT_283 Agricultural input,Definition,"Output comprising a living organism or naturally derived agent used to suppress pest or disease populations, offering a climate-adaptive alternative to chemical control as pest and pathogen pressures shift.",Agricultural input comprising a living organism or nature-derived product used to suppress pests or disease vectors.,changed by the 3 Sep cleanup; per-row reason in v5_hierarchy_decisions.md
DEFINITION CHANGED,OUT_092,Sectoral adaptation plan,Output,L1,(top level),Definition,"Plan that sets out adaptation priorities, options, and actions for a specific sector, such as agriculture, water, or fisheries, often nested within a national adaptation plan.","Output comprising a plan that sets out adaptation priorities, options, and actions for a specific sector, such as agriculture, water, or fisheries, often nested within a national adaptation plan.",changed by the 3 Sep cleanup; per-row reason in v5_hierarchy_decisions.md
DEFINITION CHANGED,OUT_093,Local adaptation plan,Output,L1,(top level),Definition,"Plan that sets out adaptation priorities, options, and actions for a specific locality or community, often developed through participatory, locally led processes.","Output comprising a plan that sets out adaptation priorities, options, and actions for a specific locality or community, often developed through participatory, locally led processes.",changed by the 3 Sep cleanup; per-row reason in v5_hierarchy_decisions.md
DEFINITION CHANGED,OUT_096,Forecast,Output,L1,(top level),Definition,Climate information product that provides a probabilistic estimate of future atmospheric or climate conditions over a defined period and area.,Output comprising a probabilistic estimate of future atmospheric or climate conditions over a defined period.,changed by the 3 Sep cleanup; per-row reason in v5_hierarchy_decisions.md
DEFINITION CHANGED,OUT_099,Weather index,Output,L2,OUT_011 Composite index,Definition,"Composite index constructed from measured weather variables over a defined period and location, used for example as the trigger for index-based insurance payouts.",Composite index constructed from measured weather variables over a defined period and location.,"Two-part definition restructure (Andreea's Lexicon commitment, email section 2; her Slack: contextual material to 'the column we already have for the example'). The general definition now stops at what the concept IS; the climate-relevance clause moved to CGIAR example as 'Climate context: ...'. Tagging is unaffected - matching uses labels and synonyms, not definition text."
DEFINITION CHANGED,OUT_103,National Adaptation Programme of Action,Output,L1,(top level),Definition,Plan through which a least-developed country identifies priority activities that respond to its urgent and immediate needs for adaptation to climate change.,Output through which a least-developed country identifies priority activities that respond to its urgent and immediate needs for adaptation to climate change.,changed by the 3 Sep cleanup; per-row reason in v5_hierarchy_decisions.md
DEFINITION CHANGED,OUT_104,Nationally Determined Contribution,Output,L1,(top level),Definition,"Plan in which a country sets out its emission-reduction commitments and climate actions under the Paris Agreement, communicated and updated at regular intervals.","Output in which a country sets out its emission-reduction commitments and climate actions under the Paris Agreement, communicated and updated at regular intervals.",changed by the 3 Sep cleanup; per-row reason in v5_hierarchy_decisions.md
DEFINITION CHANGED,OUT_105,Long-term low-emission development strategy,Output,L1,(top level),Definition,"Plan setting out a country's long-term pathway for development consistent with low greenhouse gas emissions, complementing its nearer-term commitments.","Output comprising a plan setting out a country's long-term pathway for development consistent with low greenhouse gas emissions, complementing its nearer-term commitments.",changed by the 3 Sep cleanup; per-row reason in v5_hierarchy_decisions.md
DEFINITION CHANGED,OUT_106,Nationally Appropriate Mitigation Action,Output,L2,OUT_126 Mitigation plan,Definition,"Plan describing a voluntary emission-reduction action by a developing country, set within national development priorities and supported by finance, technology, or capacity.","Mitigation plan describing a voluntary emission-reduction action by a developing country, set within national development priorities and supported by finance, technology, or capacity.",changed by the 3 Sep cleanup; per-row reason in v5_hierarchy_decisions.md
DEFINITION CHANGED,STK_001,Producer,Stakeholder,L1,(top level),Definition,"Actor category comprising individuals and households who cultivate crops, raise animals, or fish as a primary livelihood, and who directly manage agri-food production systems exposed to climate hazards; includes smallholders, commercial producers, pastoralists, and fisherfolk.","Actor category comprising individuals and households who cultivate crops, raise animals, or fish as a primary livelihood; includes smallholders, commercial producers, pastoralists, and fisherfolk.","Two-part definition restructure, second batch: plain climate tail (no example-word, so the p28 worklist missed it). Same Lexicon commitment - general definition stops at what the concept is; climate relevance moved to CGIAR example. Tagging unaffected (matching uses labels and synonyms)."
DEFINITION CHANGED,STK_002,Smallholder farmer,Stakeholder,L3,STK_066 Farmer,Definition,"Producer who manages a small landholding, typically relying on family labour and with limited market integration, and who faces high climate vulnerability owing to constrained capacity to invest in adaptation or absorb production losses.","Farmer who manages a small landholding, typically relying on family labour and facing high exposure to climate risk.",changed by the 3 Sep cleanup; per-row reason in v5_hierarchy_decisions.md
DEFINITION CHANGED,STK_003,Commercial farmer,Stakeholder,L3,STK_066 Farmer,Definition,"Producer who manages a larger, market-oriented operation with greater capacity to invest in adaptation technologies, while remaining exposed to climate-driven production and market risks.","Farmer who manages a larger, market-oriented operation with greater capacity to invest in adaptation technologies.","Two-part definition restructure, second batch: plain climate tail (no example-word, so the p28 worklist missed it). Same Lexicon commitment - general definition stops at what the concept is; climate relevance moved to CGIAR example. Tagging unaffected (matching uses labels and synonyms). | repair of P26 scrub debris: the tail cut left a dangling connector (""while remaining."" / ""whose operations an"
DEFINITION CHANGED,STK_004,Subsistence farmer,Stakeholder,L3,STK_066 Farmer,Definition,"Producer who grows crops or raises animals primarily for household consumption with minimal market surplus, and who is highly vulnerable to climate-related production shocks.",Farmer who grows crops or raises animals primarily for household consumption with minimal market surplus.,"Two-part definition restructure, second batch: plain climate tail (no example-word, so the p28 worklist missed it). Same Lexicon commitment - general definition stops at what the concept is; climate relevance moved to CGIAR example. Tagging unaffected (matching uses labels and synonyms)."
DEFINITION CHANGED,STK_007,Aquaculture producer,Stakeholder,L2,STK_001 Producer,Definition,"Producer who farms aquatic organisms such as fish, molluscs, crustaceans, or aquatic plants under managed conditions, exposed to climate-driven changes in water temperature, quality, and availability.","Producer who farms aquatic organisms such as fish, molluscs, crustaceans, or aquatic plants under managed conditions.","Two-part definition restructure (Andreea's Lexicon commitment, email section 2; her Slack: contextual material to 'the column we already have for the example'). The general definition now stops at what the concept IS; the climate-relevance clause moved to CGIAR example as 'Climate context: ...'. Tagging is unaffected - matching uses labels and synonyms, not definition text."
DEFINITION CHANGED,STK_008,Forest-dependent population,Stakeholder,L2,STK_009 Social group,Definition,"Population whose livelihoods and food security depend on forest and tree resources, highly exposed to climate hazards affecting forest ecosystems.",Social group whose livelihoods and food security depend on forest and tree resources.,"Two-part definition restructure, second batch: plain climate tail (no example-word, so the p28 worklist missed it). Same Lexicon commitment - general definition stops at what the concept is; climate relevance moved to CGIAR example. Tagging unaffected (matching uses labels and synonyms)."
DEFINITION CHANGED,STK_011,Youth,Stakeholder,L2,STK_009 Social group,Definition,"Social group comprising young people engaged in or entering agriculture, including those inheriting family farms, who often face constraints in accessing land, climate-adapted inputs, and capital.","Social group comprising young people engaged in or entering agriculture, including those inheriting family farms.","Two-part definition restructure (Andreea's Lexicon commitment, email section 2; her Slack: contextual material to 'the column we already have for the example'). The general definition now stops at what the concept IS; the climate-relevance clause moved to CGIAR example as 'Climate context: ...'. Tagging is unaffected - matching uses labels and synonyms, not definition text."
DEFINITION CHANGED,STK_016,Climate-vulnerable community,Stakeholder,L3,STK_068 Community,Definition,"Social group comprising communities with high exposure or sensitivity to climate hazards and limited adaptive capacity, including those in climate hotspots, flood-prone areas, or dryland systems.","Community whose location, livelihoods and capacities make it highly susceptible to climate hazards.",changed by the 3 Sep cleanup; per-row reason in v5_hierarchy_decisions.md
DEFINITION CHANGED,STK_021,Extension service,Stakeholder,L2,STK_073 Service provider,Definition,"Public institution providing agricultural advisory and extension services that help producers adopt climate-adapted practices, technologies and information.","Service provider delivering agricultural advisory and extension services that help producers adopt climate-adapted practices, technologies and information.",changed by the 3 Sep cleanup; per-row reason in v5_hierarchy_decisions.md
DEFINITION CHANGED,STK_031,Seed company,Stakeholder,L3,STK_030 Input supplier,Definition,"Private sector enterprise that develops, multiplies, or markets seed, with a potential role in delivering climate-adapted varieties to producers.","Input supplier that develops, multiplies, or markets seed, with a potential role in delivering climate-adapted varieties to producers.",changed by the 3 Sep cleanup; per-row reason in v5_hierarchy_decisions.md
DEFINITION CHANGED,STK_032,Financial service provider,Stakeholder,L2,STK_073 Service provider,Definition,"Private sector actor - bank, microfinance institution, or insurer - offering financial products relevant to climate risk management for producers and rural populations, including index insurance, credit, and savings.","Service provider - a bank, microfinance institution, or insurer - offering financial products relevant to climate risk management for producers and rural populations, including index insurance, credit, and savings.",changed by the 3 Sep cleanup; per-row reason in v5_hierarchy_decisions.md
DEFINITION CHANGED,STK_033,Insurance provider,Stakeholder,L3,STK_032 Financial service provider,Definition,"Private sector financial actor that provides insurance products, including climate and agricultural insurance, enabling producers and others to transfer climate-related risk.","Financial service provider that offers insurance products, including climate and index insurance, to producers and agri-food actors.",changed by the 3 Sep cleanup; per-row reason in v5_hierarchy_decisions.md
DEFINITION CHANGED,STK_038,Agricultural enterprise,Stakeholder,L2,STK_028 Private sector,Definition,"Private sector enterprise engaged in agricultural production, input supply, processing or trade - from micro, small and medium enterprises to larger agribusiness firms - whose operations and supply chains are exposed to climate hazards.","Private sector enterprise engaged in agricultural production, input supply, processing or trade - from micro, small and medium enterprises to larger agribusiness firms.","Two-part definition restructure, second batch: plain climate tail (no example-word, so the p28 worklist missed it). Same Lexicon commitment - general definition stops at what the concept is; climate relevance moved to CGIAR example. Tagging unaffected (matching uses labels and synonyms). | repair of P26 scrub debris: the tail cut left a dangling connector (""while remaining."" / ""whose operations an"
DEFINITION CHANGED,STK_039,Civil society,Stakeholder,L1,(top level),Definition,"Actor category comprising non-state, non-profit organisations through which people organise, advocate, and act collectively, including in support of climate adaptation in agri-food systems.","Actor category comprising non-state, non-profit organisations through which people organise, advocate, and act collectively.","Two-part definition restructure (Andreea's Lexicon commitment, email section 2; her Slack: contextual material to 'the column we already have for the example'). The general definition now stops at what the concept IS; the climate-relevance clause moved to CGIAR example as 'Climate context: ...'. Tagging is unaffected - matching uses labels and synonyms, not definition text."
DEFINITION CHANGED,STK_040,Community-based organization,Stakeholder,L2,STK_039 Civil society,Definition,"Civil society organisation formed and led by members of a local community to address shared needs, including collective action on climate adaptation and resource management.",Civil society organisation formed and led by members of a local community to address shared needs.,"Two-part definition restructure (Andreea's Lexicon commitment, email section 2; her Slack: contextual material to 'the column we already have for the example'). The general definition now stops at what the concept IS; the climate-relevance clause moved to CGIAR example as 'Climate context: ...'. Tagging is unaffected - matching uses labels and synonyms, not definition text."
DEFINITION CHANGED,STK_041,Non-governmental organization,Stakeholder,L2,STK_039 Civil society,Definition,"Civil society organisation, independent of government, that delivers services, advocacy, or development programmes, including climate adaptation support to vulnerable communities.","Civil society organisation, independent of government, that delivers services, advocacy, or development programmes.","Two-part definition restructure (Andreea's Lexicon commitment, email section 2; her Slack: contextual material to 'the column we already have for the example'). The general definition now stops at what the concept IS; the climate-relevance clause moved to CGIAR example as 'Climate context: ...'. Tagging is unaffected - matching uses labels and synonyms, not definition text."
DEFINITION CHANGED,STK_045,Faith-based organization,Stakeholder,L2,STK_039 Civil society,Definition,"Civil society organisation grounded in a religious community that mobilises members and resources, including for relief and climate adaptation support to vulnerable populations.",Civil society organisation grounded in a religious community that mobilises members and resources.,"Two-part definition restructure (Andreea's Lexicon commitment, email section 2; her Slack: contextual material to 'the column we already have for the example'). The general definition now stops at what the concept IS; the climate-relevance clause moved to CGIAR example as 'Climate context: ...'. Tagging is unaffected - matching uses labels and synonyms, not definition text."
DEFINITION CHANGED,STK_050,Regional economic community,Stakeholder,L2,STK_058 Regional organisation,Definition,"Regional organisation through which member states pursue economic integration and coordinate policy, including coordination of climate adaptation across the region.",Regional organisation through which member states pursue economic integration and coordinate policy.,"Two-part definition restructure (Andreea's Lexicon commitment, email section 2; her Slack: contextual material to 'the column we already have for the example'). The general definition now stops at what the concept IS; the climate-relevance clause moved to CGIAR example as 'Climate context: ...'. Tagging is unaffected - matching uses labels and synonyms, not definition text."
DEFINITION CHANGED,STK_051,International non-governmental organization,Stakeholder,L3,STK_041 Non-governmental organization,Definition,"Non-governmental organization operating across countries that delivers development, humanitarian, or advocacy programmes, including climate adaptation support.","Non-governmental organization operating across countries that delivers development, humanitarian, or advocacy programmes.","Two-part definition restructure (Andreea's Lexicon commitment, email section 2; her Slack: contextual material to 'the column we already have for the example'). The general definition now stops at what the concept IS; the climate-relevance clause moved to CGIAR example as 'Climate context: ...'. Tagging is unaffected - matching uses labels and synonyms, not definition text."
DEFINITION CHANGED,STK_052,International research center,Stakeholder,L2,STK_057 International organisation,Definition,"International organisation that conducts research across countries to generate global public goods, including knowledge and innovations for climate adaptation in agri-food systems.",International organisation that conducts research across countries to generate global public goods.,"Two-part definition restructure (Andreea's Lexicon commitment, email section 2; her Slack: contextual material to 'the column we already have for the example'). The general definition now stops at what the concept IS; the climate-relevance clause moved to CGIAR example as 'Climate context: ...'. Tagging is unaffected - matching uses labels and synonyms, not definition text."
DEFINITION CHANGED,STK_054,International finance institution,Stakeholder,L2,STK_057 International organisation,Definition,"International organisation that provides finance and financial governance across countries, including resources and frameworks supporting climate adaptation investment.",International organisation that provides finance and financial governance across countries.,"Two-part definition restructure (Andreea's Lexicon commitment, email section 2; her Slack: contextual material to 'the column we already have for the example'). The general definition now stops at what the concept IS; the climate-relevance clause moved to CGIAR example as 'Climate context: ...'. Tagging is unaffected - matching uses labels and synonyms, not definition text."
DEFINITION CHANGED,STK_060,Agropastoralist,Stakeholder,L3,STK_005 Pastoralist,Definition,"Pastoralist whose household combines crop farming with livestock keeping, using both as complementary risk-management strategies under climate stress and exposed to climate risks affecting both production systems.","Pastoralist whose household combines crop farming with livestock keeping, using both as complementary risk-management strategies under climate stress.","Two-part definition restructure, second batch: plain climate tail (no example-word, so the p28 worklist missed it). Same Lexicon commitment - general definition stops at what the concept is; climate relevance moved to CGIAR example. Tagging unaffected (matching uses labels and synonyms)."
DEFINITION CHANGED,STK_061,Inland fisherfolk,Stakeholder,L3,STK_006 Fisherfolk,Definition,"Fisherfolk whose livelihood depends on freshwater fisheries in rivers, lakes, or reservoirs that are sensitive to climate-driven hydrological change, including reduced flow, rising temperature, and seasonal variability.","Fisherfolk whose livelihood depends on freshwater fisheries in rivers, lakes, or reservoirs.","Two-part definition restructure (Andreea's Lexicon commitment, email section 2; her Slack: contextual material to 'the column we already have for the example'). The general definition now stops at what the concept IS; the climate-relevance clause moved to CGIAR example as 'Climate context: ...'. Tagging is unaffected - matching uses labels and synonyms, not definition text."
DEFINITION CHANGED,SYS_001,Crop system,System,L2,SYS_115 Production system,Definition,"Production system based primarily on the cultivation of crops - cereals, legumes, roots and tubers, horticultural and tree crops - for food, feed, fibre, or other products, and exposed to climate hazards affecting crop performance.","Production system based primarily on the cultivation of crops - cereals, legumes, roots and tubers, horticultural and tree crops - for food, feed, fibre, or other products.","Two-part definition restructure, second batch: plain climate tail (no example-word, so the p28 worklist missed it). Same Lexicon commitment - general definition stops at what the concept is; climate relevance moved to CGIAR example. Tagging unaffected (matching uses labels and synonyms)."
DEFINITION CHANGED,SYS_002,Cereal,System,L3,SYS_001 Crop system,Definition,"Crop system comprising grain-producing grasses such as maize, wheat, rice, sorghum, and millet, cultivated for food and feed, and exposed to climate hazards affecting grain yield and quality.","Crop system comprising grain-producing grasses such as maize, wheat, rice, sorghum, and millet, cultivated for food and feed.","Two-part definition restructure (Andreea's Lexicon commitment, email section 2; her Slack: contextual material to 'the column we already have for the example'). The general definition now stops at what the concept IS; the climate-relevance clause moved to CGIAR example as 'Climate context: ...'. Tagging is unaffected - matching uses labels and synonyms, not definition text."
DEFINITION CHANGED,SYS_003,Maize,System,L4,SYS_002 Cereal,Definition,"Cereal crop (Zea mays) grown for grain, food, and feed, exposed to climate hazards such as drought and heat that reduce yield.","Cereal crop (Zea mays) grown for grain, food, and feed.","Two-part definition restructure (Andreea's Lexicon commitment, email section 2; her Slack: contextual material to 'the column we already have for the example'). The general definition now stops at what the concept IS; the climate-relevance clause moved to CGIAR example as 'Climate context: ...'. Tagging is unaffected - matching uses labels and synonyms, not definition text."
DEFINITION CHANGED,SYS_005,Rice,System,L4,SYS_002 Cereal,Definition,"Cereal crop (Oryza spp.) grown largely in flooded or rainfed lowland systems, exposed to climate hazards including flooding, submergence, drought, and salinity.",Cereal crop (Oryza spp.) grown largely in flooded or rainfed lowland systems.,"Two-part definition restructure (Andreea's Lexicon commitment, email section 2; her Slack: contextual material to 'the column we already have for the example'). The general definition now stops at what the concept IS; the climate-relevance clause moved to CGIAR example as 'Climate context: ...'. Tagging is unaffected - matching uses labels and synonyms, not definition text."
DEFINITION CHANGED,SYS_011,Horticultural crop,System,L3,SYS_001 Crop system,Definition,"Crop system based on the intensive cultivation of fruits, vegetables, and ornamental plants, exposed to climate hazards affecting produce yield and quality.","Crop system based on the intensive cultivation of fruits, vegetables, and ornamental plants.","Two-part definition restructure, second batch: plain climate tail (no example-word, so the p28 worklist missed it). Same Lexicon commitment - general definition stops at what the concept is; climate relevance moved to CGIAR example. Tagging unaffected (matching uses labels and synonyms)."
DEFINITION CHANGED,SYS_012,Vegetable,System,L4,SYS_011 Horticultural crop,Definition,"Horticultural crop grown for its edible leaves, stems, roots, or other non-fruit parts, exposed to climate hazards affecting produce yield and quality.","Horticultural crop grown for its edible leaves, stems, roots, or other non-fruit parts.","Two-part definition restructure, second batch: plain climate tail (no example-word, so the p28 worklist missed it). Same Lexicon commitment - general definition stops at what the concept is; climate relevance moved to CGIAR example. Tagging unaffected (matching uses labels and synonyms)."
DEFINITION CHANGED,SYS_013,Fruit,System,L4,SYS_011 Horticultural crop,Definition,"Horticultural crop grown for its edible fruit, exposed to climate hazards such as heat, drought, and erratic rainfall that affect fruit set, yield, and quality.",Horticultural crop grown for its edible fruit.,"Two-part definition restructure (Andreea's Lexicon commitment, email section 2; her Slack: contextual material to 'the column we already have for the example'). The general definition now stops at what the concept IS; the climate-relevance clause moved to CGIAR example as 'Climate context: ...'. Tagging is unaffected - matching uses labels and synonyms, not definition text."
DEFINITION CHANGED,SYS_014,Oilseed,System,L3,SYS_001 Crop system,Definition,"Crop system based on plants grown primarily for the oil extracted from their seeds or fruits (e.g. soybean, sunflower, oil palm, groundnut), exposed to climate hazards affecting yield and oil content.","Crop system based on plants grown primarily for the oil extracted from their seeds or fruits (e.g. soybean, sunflower, oil palm, groundnut).","Two-part definition restructure, second batch: plain climate tail (no example-word, so the p28 worklist missed it). Same Lexicon commitment - general definition stops at what the concept is; climate relevance moved to CGIAR example. Tagging unaffected (matching uses labels and synonyms)."
DEFINITION CHANGED,SYS_015,Tree crop,System,L3,SYS_001 Crop system,Definition,"Crop system based on perennial woody species cultivated for fruit, nuts, beverages, or other products (e.g. coffee, cocoa, citrus), exposed to climate hazards affecting long-lived tree productivity.","Crop system based on perennial woody species cultivated for fruit, nuts, beverages, or other products (e.g. coffee, cocoa, citrus).","Two-part definition restructure, second batch: plain climate tail (no example-word, so the p28 worklist missed it). Same Lexicon commitment - general definition stops at what the concept is; climate relevance moved to CGIAR example. Tagging unaffected (matching uses labels and synonyms)."
DEFINITION CHANGED,SYS_016,Fiber crop,System,L3,SYS_001 Crop system,Definition,"Crop system based on plants grown for the fibres used in textiles, cordage, or paper (e.g. cotton, jute, sisal), exposed to climate hazards affecting fibre yield and quality.","Crop system based on plants grown for the fibres used in textiles, cordage, or paper (e.g. cotton, jute, sisal).","Two-part definition restructure, second batch: plain climate tail (no example-word, so the p28 worklist missed it). Same Lexicon commitment - general definition stops at what the concept is; climate relevance moved to CGIAR example. Tagging unaffected (matching uses labels and synonyms)."
DEFINITION CHANGED,SYS_017,Sugar crop,System,L3,SYS_001 Crop system,Definition,"Crop system based on plants grown for sugar extraction (e.g. sugarcane, sugar beet), exposed to climate hazards affecting biomass and sugar yield.","Crop system based on plants grown for sugar extraction (e.g. sugarcane, sugar beet).","Two-part definition restructure, second batch: plain climate tail (no example-word, so the p28 worklist missed it). Same Lexicon commitment - general definition stops at what the concept is; climate relevance moved to CGIAR example. Tagging unaffected (matching uses labels and synonyms)."
DEFINITION CHANGED,SYS_018,Livestock system,System,L2,SYS_115 Production system,Definition,"Production system based on raising animals - cattle, small ruminants, poultry, and others - for food, income, or assets, exposed to climate hazards affecting feed, water, animal health, and productivity.","Production system based on raising animals - cattle, small ruminants, poultry, and others - for food, income, or assets.","Two-part definition restructure, second batch: plain climate tail (no example-word, so the p28 worklist missed it). Same Lexicon commitment - general definition stops at what the concept is; climate relevance moved to CGIAR example. Tagging unaffected (matching uses labels and synonyms)."
DEFINITION CHANGED,SYS_019,Cattle,System,L3,SYS_018 Livestock system,Definition,"Livestock system based on raising cattle (Bos spp.) for milk, meat, draught, or assets, exposed to climate hazards affecting feed, water, heat stress, and animal health.","Livestock system based on raising cattle (Bos spp.) for milk, meat, draught, or assets.","Two-part definition restructure, second batch: plain climate tail (no example-word, so the p28 worklist missed it). Same Lexicon commitment - general definition stops at what the concept is; climate relevance moved to CGIAR example. Tagging unaffected (matching uses labels and synonyms)."
DEFINITION CHANGED,SYS_020,Dairy cattle,System,L4,SYS_019 Cattle,Definition,"Cattle system in which animals are kept primarily for milk production, exposed to climate hazards - especially heat stress and feed and water shortages - that reduce milk yield.",Cattle system in which animals are kept primarily for milk production.,"Two-part definition restructure, second batch: plain climate tail (no example-word, so the p28 worklist missed it). Same Lexicon commitment - general definition stops at what the concept is; climate relevance moved to CGIAR example. Tagging unaffected (matching uses labels and synonyms)."
DEFINITION CHANGED,SYS_021,Beef cattle,System,L4,SYS_019 Cattle,Definition,"Cattle system in which animals are raised primarily for meat production, exposed to climate hazards affecting feed and water availability, heat stress, and growth.",Cattle system in which animals are raised primarily for meat production.,"Two-part definition restructure, second batch: plain climate tail (no example-word, so the p28 worklist missed it). Same Lexicon commitment - general definition stops at what the concept is; climate relevance moved to CGIAR example. Tagging unaffected (matching uses labels and synonyms)."
DEFINITION CHANGED,SYS_022,Small ruminant,System,L3,SYS_018 Livestock system,Definition,"Livestock system based on raising sheep and goats for meat, milk, fibre, or assets, exposed to climate hazards affecting pasture, water, and animal health.","Livestock system based on raising sheep and goats for meat, milk, fibre, or assets.","Two-part definition restructure, second batch: plain climate tail (no example-word, so the p28 worklist missed it). Same Lexicon commitment - general definition stops at what the concept is; climate relevance moved to CGIAR example. Tagging unaffected (matching uses labels and synonyms)."
DEFINITION CHANGED,SYS_023,Poultry,System,L3,SYS_018 Livestock system,Definition,"Livestock system based on raising domesticated birds (e.g. chickens, ducks) for meat and eggs, exposed to climate hazards - especially heat stress - affecting production and survival.","Livestock system based on raising domesticated birds (e.g. chickens, ducks) for meat and eggs.","Two-part definition restructure, second batch: plain climate tail (no example-word, so the p28 worklist missed it). Same Lexicon commitment - general definition stops at what the concept is; climate relevance moved to CGIAR example. Tagging unaffected (matching uses labels and synonyms)."
DEFINITION CHANGED,SYS_024,Pig,System,L3,SYS_018 Livestock system,Definition,"Livestock system based on raising pigs (Sus scrofa domesticus) for meat, exposed to climate hazards affecting feed supply, heat stress, and animal health.",Livestock system based on raising pigs (Sus scrofa domesticus) for meat.,"Two-part definition restructure, second batch: plain climate tail (no example-word, so the p28 worklist missed it). Same Lexicon commitment - general definition stops at what the concept is; climate relevance moved to CGIAR example. Tagging unaffected (matching uses labels and synonyms)."
DEFINITION CHANGED,SYS_026,Pastoral system,System,L3,SYS_018 Livestock system,Definition,"Livestock system based on extensive animal grazing on natural or seminatural rangelands, exposed to climate hazards affecting pasture, water, and herd mobility.",Livestock system based on extensive animal grazing on natural or seminatural rangelands.,"Two-part definition restructure, second batch: plain climate tail (no example-word, so the p28 worklist missed it). Same Lexicon commitment - general definition stops at what the concept is; climate relevance moved to CGIAR example. Tagging unaffected (matching uses labels and synonyms)."
DEFINITION CHANGED,SYS_028,Intensive livestock system,System,L3,SYS_018 Livestock system,Definition,"Livestock system characterised by high stocking densities and reliance on external feed and inputs, exposed to climate hazards affecting heat stress, water, and feed supply.",Livestock system characterised by high stocking densities and reliance on external feed and inputs.,"Two-part definition restructure, second batch: plain climate tail (no example-word, so the p28 worklist missed it). Same Lexicon commitment - general definition stops at what the concept is; climate relevance moved to CGIAR example. Tagging unaffected (matching uses labels and synonyms)."
DEFINITION CHANGED,SYS_029,Aquatic system,System,L2,SYS_115 Production system,Definition,"Production system based on the use of aquatic organisms from marine or freshwater environments - through capture or farming - for food and livelihoods, exposed to climate hazards affecting water temperature, quality, and resource availability.",Production system based on the use of aquatic organisms from marine or freshwater environments - through capture or farming - for food and livelihoods.,"Two-part definition restructure, second batch: plain climate tail (no example-word, so the p28 worklist missed it). Same Lexicon commitment - general definition stops at what the concept is; climate relevance moved to CGIAR example. Tagging unaffected (matching uses labels and synonyms)."
DEFINITION CHANGED,SYS_030,Inland fishery,System,L4,SYS_077 Capture fishery,Definition,"Capture fishery based on harvesting wild aquatic organisms from rivers, lakes, and other freshwater bodies, sensitive to climate-driven hydrological changes including reduced flow, warming, and seasonal variability.","Capture fishery based on harvesting wild aquatic organisms from rivers, lakes, and other freshwater bodies.","Two-part definition restructure (Andreea's Lexicon commitment, email section 2; her Slack: contextual material to 'the column we already have for the example'). The general definition now stops at what the concept IS; the climate-relevance clause moved to CGIAR example as 'Climate context: ...'. Tagging is unaffected - matching uses labels and synonyms, not definition text."
DEFINITION CHANGED,SYS_031,Marine fishery,System,L4,SYS_077 Capture fishery,Definition,"Capture fishery based on harvesting wild aquatic organisms from marine and coastal waters, exposed to climate hazards including ocean warming, acidification, and shifts in fish distribution.",Capture fishery based on harvesting wild aquatic organisms from marine and coastal waters.,"Two-part definition restructure (Andreea's Lexicon commitment, email section 2; her Slack: contextual material to 'the column we already have for the example'). The general definition now stops at what the concept IS; the climate-relevance clause moved to CGIAR example as 'Climate context: ...'. Tagging is unaffected - matching uses labels and synonyms, not definition text."
DEFINITION CHANGED,SYS_032,Aquaculture system,System,L3,SYS_029 Aquatic system,Definition,"Aquatic system for the farming of aquatic organisms - fish, molluscs, crustaceans, and aquatic plants - under some form of ownership and intervention in rearing, exposed to climate hazards affecting water temperature, quality, and availability.","Aquatic system for the farming of aquatic organisms - fish, molluscs, crustaceans, and aquatic plants - under some form of ownership and intervention in rearing.","Two-part definition restructure, second batch: plain climate tail (no example-word, so the p28 worklist missed it). Same Lexicon commitment - general definition stops at what the concept is; climate relevance moved to CGIAR example. Tagging unaffected (matching uses labels and synonyms)."
DEFINITION CHANGED,SYS_033,Pond aquaculture,System,L4,SYS_032 Aquaculture system,Definition,"Aquaculture system in which aquatic organisms are reared in constructed or natural ponds, exposed to climate hazards affecting water temperature, quality, and availability.",Aquaculture system in which aquatic organisms are reared in constructed or natural ponds.,"Two-part definition restructure, second batch: plain climate tail (no example-word, so the p28 worklist missed it). Same Lexicon commitment - general definition stops at what the concept is; climate relevance moved to CGIAR example. Tagging unaffected (matching uses labels and synonyms)."
DEFINITION CHANGED,SYS_034,Cage aquaculture,System,L4,SYS_032 Aquaculture system,Definition,"Aquaculture system in which aquatic organisms are reared in cages or net pens suspended in open water bodies, exposed to climate hazards affecting water temperature, oxygen, and storm damage.",Aquaculture system in which aquatic organisms are reared in cages or net pens suspended in open water bodies.,"Two-part definition restructure, second batch: plain climate tail (no example-word, so the p28 worklist missed it). Same Lexicon commitment - general definition stops at what the concept is; climate relevance moved to CGIAR example. Tagging unaffected (matching uses labels and synonyms)."
DEFINITION CHANGED,SYS_037,Seaweed,System,L3,SYS_029 Aquatic system,Definition,"Aquatic system based on the cultivation of marine macroalgae for food, feed, or other products, providing blue-carbon and coastal benefits while exposed to climate hazards such as ocean warming and acidification.","Aquatic system based on the cultivation of marine macroalgae for food, feed, or other products, providing blue-carbon and coastal benefits.","Two-part definition restructure (Andreea's Lexicon commitment, email section 2; her Slack: contextual material to 'the column we already have for the example'). The general definition now stops at what the concept IS; the climate-relevance clause moved to CGIAR example as 'Climate context: ...'. Tagging is unaffected - matching uses labels and synonyms, not definition text."
DEFINITION CHANGED,SYS_039,Natural ecosystem,System,L1,(top level),Definition,"Complex of organisms and their physical environment forming a functioning whole, whose structure, functions, and services may be exposed and sensitive to climate hazards.","Complex of organisms and their physical environment forming a functioning whole, whose structure, functions, and services may be exposed.","Two-part definition restructure, second batch: plain climate tail (no example-word, so the p28 worklist missed it). Same Lexicon commitment - general definition stops at what the concept is; climate relevance moved to CGIAR example. Tagging unaffected (matching uses labels and synonyms)."
DEFINITION CHANGED,SYS_040,Forest,System,L2,SYS_039 Natural ecosystem,Definition,"Natural ecosystem dominated by trees and associated woody vegetation, providing biomass, biodiversity, and regulating services, exposed to climate hazards including drought, fire, pests, and warming.","Natural ecosystem dominated by trees and associated woody vegetation, providing biomass, biodiversity, and regulating services.","Two-part definition restructure (Andreea's Lexicon commitment, email section 2; her Slack: contextual material to 'the column we already have for the example'). The general definition now stops at what the concept IS; the climate-relevance clause moved to CGIAR example as 'Climate context: ...'. Tagging is unaffected - matching uses labels and synonyms, not definition text."
DEFINITION CHANGED,SYS_041,Tropical forest,System,L3,SYS_040 Forest,Definition,"Forest ecosystem of the humid tropics characterised by high biomass and biodiversity, exposed to climate hazards including warming, drought, and fire that threaten its function and carbon stocks.",Forest ecosystem of the humid tropics characterised by high biomass and biodiversity.,"Two-part definition restructure (Andreea's Lexicon commitment, email section 2; her Slack: contextual material to 'the column we already have for the example'). The general definition now stops at what the concept IS; the climate-relevance clause moved to CGIAR example as 'Climate context: ...'. Tagging is unaffected - matching uses labels and synonyms, not definition text."
DEFINITION CHANGED,SYS_042,Boreal and temperate forest,System,L3,SYS_040 Forest,Definition,"Forest ecosystem of high-latitude (boreal) and mid-latitude (temperate) zones, exposed to climate hazards including warming, drought, fire, and pest outbreaks affecting its structure and carbon stocks.",Forest ecosystem of high-latitude (boreal) and mid-latitude (temperate) zones.,"Two-part definition restructure (Andreea's Lexicon commitment, email section 2; her Slack: contextual material to 'the column we already have for the example'). The general definition now stops at what the concept IS; the climate-relevance clause moved to CGIAR example as 'Climate context: ...'. Tagging is unaffected - matching uses labels and synonyms, not definition text."
DEFINITION CHANGED,SYS_044,Grassland,System,L2,SYS_039 Natural ecosystem,Definition,"Natural ecosystem dominated by herbaceous and grass vegetation that provides forage for grazing, exposed to climate hazards affecting forage and water availability.",Natural ecosystem dominated by herbaceous and grass vegetation that provides forage for grazing.,"Two-part definition restructure, second batch: plain climate tail (no example-word, so the p28 worklist missed it). Same Lexicon commitment - general definition stops at what the concept is; climate relevance moved to CGIAR example. Tagging unaffected (matching uses labels and synonyms)."
DEFINITION CHANGED,SYS_045,Wetland,System,L2,SYS_039 Natural ecosystem,Definition,"Natural ecosystem in which land is saturated or covered by water permanently or seasonally, providing water regulation, biodiversity, and carbon storage, and sensitive to climate-driven hydrological change.","Natural ecosystem in which land is saturated or covered by water permanently or seasonally, providing water regulation, biodiversity, and carbon storage.","Two-part definition restructure, second batch: plain climate tail (no example-word, so the p28 worklist missed it). Same Lexicon commitment - general definition stops at what the concept is; climate relevance moved to CGIAR example. Tagging unaffected (matching uses labels and synonyms)."
DEFINITION CHANGED,SYS_046,Peatland,System,L3,SYS_045 Wetland,Definition,"Wetland ecosystem with waterlogged, organic peat soils that store large carbon stocks, highly sensitive to climate-driven drying, warming, and fire that can release stored carbon.","Wetland ecosystem with waterlogged, organic peat soils that store large carbon stocks.","Two-part definition restructure, second batch: plain climate tail (no example-word, so the p28 worklist missed it). Same Lexicon commitment - general definition stops at what the concept is; climate relevance moved to CGIAR example. Tagging unaffected (matching uses labels and synonyms)."
DEFINITION CHANGED,SYS_048,Dryland,System,L2,SYS_039 Natural ecosystem,Definition,"Natural ecosystem of arid, semi-arid, and dry sub-humid zones characterised by limited and variable water, exposed to climate hazards including drought, heat, and desertification.","Natural ecosystem of arid, semi-arid, and dry sub-humid zones characterised by limited and variable water.","Two-part definition restructure (Andreea's Lexicon commitment, email section 2; her Slack: contextual material to 'the column we already have for the example'). The general definition now stops at what the concept IS; the climate-relevance clause moved to CGIAR example as 'Climate context: ...'. Tagging is unaffected - matching uses labels and synonyms, not definition text."
DEFINITION CHANGED,SYS_050,Coastal zone,System,L2,SYS_039 Natural ecosystem,Definition,"Natural ecosystem at the land-sea interface comprising shorelines, estuaries, and near-shore waters, exposed to climate hazards including sea-level rise, storm surge, coastal flooding, and erosion.","Natural ecosystem at the land-sea interface comprising shorelines, estuaries, and near-shore waters.","Two-part definition restructure (Andreea's Lexicon commitment, email section 2; her Slack: contextual material to 'the column we already have for the example'). The general definition now stops at what the concept IS; the climate-relevance clause moved to CGIAR example as 'Climate context: ...'. Tagging is unaffected - matching uses labels and synonyms, not definition text."
DEFINITION CHANGED,SYS_052,Soil biome,System,L2,SYS_039 Natural ecosystem,Definition,"Natural ecosystem comprising the community of organisms living in soil that drives nutrient cycling, decomposition, and soil structure, and is sensitive to climate-driven changes in temperature and moisture.","Natural ecosystem comprising the community of organisms living in soil that drives nutrient cycling, decomposition, and soil structure.","Two-part definition restructure, second batch: plain climate tail (no example-word, so the p28 worklist missed it). Same Lexicon commitment - general definition stops at what the concept is; climate relevance moved to CGIAR example. Tagging unaffected (matching uses labels and synonyms). | repair of P26 scrub debris: dangling ""and is."" ending"
DEFINITION CHANGED,SYS_053,Protected area,System,L2,SYS_039 Natural ecosystem,Definition,"Natural ecosystem within a clearly defined area managed for the long-term conservation of nature and associated ecosystem services, whose biodiversity may be exposed and sensitive to climate hazards.","Natural ecosystem within a clearly defined area managed for the long-term conservation of nature and associated ecosystem services, whose biodiversity may be exposed.","Two-part definition restructure, second batch: plain climate tail (no example-word, so the p28 worklist missed it). Same Lexicon commitment - general definition stops at what the concept is; climate relevance moved to CGIAR example. Tagging unaffected (matching uses labels and synonyms)."
DEFINITION CHANGED,SYS_055,Food system,System,L1,(top level),Definition,"System comprising the actors, activities, and interactions involved in the production, aggregation, processing, distribution, consumption, and disposal of food, together with the broader environments and outcomes they generate, whose components are exposed and sensitive to climat","System comprising the actors, activities, and interactions involved in the production, aggregation, processing, distribution, consumption, and disposal of food, together with the broader environments and outcomes they generate, whose components are exposed.","Two-part definition restructure, second batch: plain climate tail (no example-word, so the p28 worklist missed it). Same Lexicon commitment - general definition stops at what the concept is; climate relevance moved to CGIAR example. Tagging unaffected (matching uses labels and synonyms)."
DEFINITION CHANGED,SYS_056,Food production,System,L1,(top level),Definition,"Stage of the food system in which primary food products are generated through crop, livestock, fishery, aquaculture and gathering systems; exposed to climate hazards that affect production levels and stability.","Stage of the food system in which primary food products are generated through crop, livestock, fishery, aquaculture and gathering systems.","Two-part definition restructure, second batch: plain climate tail (no example-word, so the p28 worklist missed it). Same Lexicon commitment - general definition stops at what the concept is; climate relevance moved to CGIAR example. Tagging unaffected (matching uses labels and synonyms)."
DEFINITION CHANGED,SYS_057,Food aggregation,System,L1,(top level),Definition,"Stage of the food system in which food from multiple producers is assembled, bulked and consolidated for onward storage, processing or distribution; exposed to climate hazards affecting supply volumes and timing.","Stage of the food system in which food from multiple producers is assembled, bulked and consolidated for onward storage, processing or distribution.","Two-part definition restructure, second batch: plain climate tail (no example-word, so the p28 worklist missed it). Same Lexicon commitment - general definition stops at what the concept is; climate relevance moved to CGIAR example. Tagging unaffected (matching uses labels and synonyms)."
DEFINITION CHANGED,SYS_058,Food processing,System,L1,(top level),Definition,"Stage of the food system in which raw agricultural products are transformed into food products through cleaning, preservation and manufacturing; exposed to climate hazards affecting input supply, quality, energy and water.","Stage of the food system in which raw agricultural products are transformed into food products through cleaning, preservation and manufacturing.","Two-part definition restructure, second batch: plain climate tail (no example-word, so the p28 worklist missed it). Same Lexicon commitment - general definition stops at what the concept is; climate relevance moved to CGIAR example. Tagging unaffected (matching uses labels and synonyms)."
DEFINITION CHANGED,SYS_059,Food distribution,System,L1,(top level),Definition,"Stage of the food system in which food is stored, transported and moved from producers and processors to markets and consumers; exposed to climate hazards affecting infrastructure, logistics and quality.","Stage of the food system in which food is stored, transported and moved from producers and processors to markets and consumers.","Two-part definition restructure, second batch: plain climate tail (no example-word, so the p28 worklist missed it). Same Lexicon commitment - general definition stops at what the concept is; climate relevance moved to CGIAR example. Tagging unaffected (matching uses labels and synonyms)."
DEFINITION CHANGED,SYS_060,Food retail,System,L1,(top level),Definition,"Stage of the food system in which food is sold to final consumers through markets, shops and other outlets; exposed to climate hazards affecting supply, prices and access.","Stage of the food system in which food is sold to final consumers through markets, shops and other outlets.","Two-part definition restructure, second batch: plain climate tail (no example-word, so the p28 worklist missed it). Same Lexicon commitment - general definition stops at what the concept is; climate relevance moved to CGIAR example. Tagging unaffected (matching uses labels and synonyms)."
DEFINITION CHANGED,SYS_062,Urban and peri-urban food system,System,L2,SYS_055 Food system,Definition,"Food system situated in and around cities that supplies food to urban populations through urban and peri-urban production, markets, and distribution, exposed to climate hazards affecting supply, prices, and access.","Food system situated in and around cities that supplies food to urban populations through urban and peri-urban production, markets, and distribution.","Two-part definition restructure, second batch: plain climate tail (no example-word, so the p28 worklist missed it). Same Lexicon commitment - general definition stops at what the concept is; climate relevance moved to CGIAR example. Tagging unaffected (matching uses labels and synonyms)."
DEFINITION CHANGED,SYS_065,Indigenous food system,System,L2,SYS_055 Food system,Definition,"Food system based on the food cultures, knowledge, and practices of Indigenous Peoples, drawing on local biodiversity and traditional management, and exposed and sensitive to climate hazards affecting local resources.","Food system based on the food cultures, knowledge, and practices of Indigenous Peoples, drawing on local biodiversity and traditional management, and exposed.","Two-part definition restructure, second batch: plain climate tail (no example-word, so the p28 worklist missed it). Same Lexicon commitment - general definition stops at what the concept is; climate relevance moved to CGIAR example. Tagging unaffected (matching uses labels and synonyms)."
DEFINITION CHANGED,SYS_067,Livelihood system,System,L1,(top level),Definition,"System comprising the capabilities, assets, activities, and social relations through which households and communities make a living and pursue wellbeing, and which is exposed and sensitive to climate hazards affecting their livelihood base.","System comprising the capabilities, assets, activities, and social relations through which households and communities make a living and pursue wellbeing, and which is exposed.","Two-part definition restructure, second batch: plain climate tail (no example-word, so the p28 worklist missed it). Same Lexicon commitment - general definition stops at what the concept is; climate relevance moved to CGIAR example. Tagging unaffected (matching uses labels and synonyms)."
DEFINITION CHANGED,SYS_068,Smallholder farming livelihood,System,L2,SYS_067 Livelihood system,Definition,"Livelihood system through which smallholder households make a living using their own capabilities, assets, and farming activities on small landholdings, and which is exposed and sensitive to climate hazards.","Livelihood system through which smallholder households make a living using their own capabilities, assets, and farming activities on small landholdings, and which is exposed.","Two-part definition restructure, second batch: plain climate tail (no example-word, so the p28 worklist missed it). Same Lexicon commitment - general definition stops at what the concept is; climate relevance moved to CGIAR example. Tagging unaffected (matching uses labels and synonyms)."
DEFINITION CHANGED,SYS_070,Fishing livelihood,System,L2,SYS_067 Livelihood system,Definition,"Livelihood system through which fishing and fish-farming households make a living from aquatic resources, drawing on their skills and assets, and which is exposed and sensitive to climate-driven changes in water temperature, fish stocks, and weather.","Livelihood system through which fishing and fish-farming households make a living from aquatic resources, drawing on their skills and assets, and which is exposed.","Two-part definition restructure, second batch: plain climate tail (no example-word, so the p28 worklist missed it). Same Lexicon commitment - general definition stops at what the concept is; climate relevance moved to CGIAR example. Tagging unaffected (matching uses labels and synonyms)."
DEFINITION CHANGED,SYS_071,Forest-dependent livelihood,System,L2,SYS_067 Livelihood system,Definition,"Livelihood system through which households make a living from forest goods and services, drawing on their knowledge and access to forest resources, and which is exposed and sensitive to climate-driven changes in forest condition.","Livelihood system through which households make a living from forest goods and services, drawing on their knowledge and access to forest resources, and which is exposed.","Two-part definition restructure, second batch: plain climate tail (no example-word, so the p28 worklist missed it). Same Lexicon commitment - general definition stops at what the concept is; climate relevance moved to CGIAR example. Tagging unaffected (matching uses labels and synonyms)."
DEFINITION CHANGED,SYS_072,Agricultural labour,System,L2,SYS_067 Livelihood system,Definition,"Livelihood system based on selling agricultural labour for wages, in which workers depend on farm employment that is exposed and sensitive to climate-driven changes in production, working conditions, and heat exposure.","Livelihood system based on selling agricultural labour for wages, in which workers depend on farm employment that is exposed.","Two-part definition restructure, second batch: plain climate tail (no example-word, so the p28 worklist missed it). Same Lexicon commitment - general definition stops at what the concept is; climate relevance moved to CGIAR example. Tagging unaffected (matching uses labels and synonyms)."
DEFINITION CHANGED,SYS_073,Rural livelihood,System,L2,SYS_067 Livelihood system,Definition,"Livelihood system through which rural households make a living from a mix of farm and non-farm activities, assets, and social relations, and which is exposed and sensitive to climate hazards affecting the rural resource base.","Livelihood system through which rural households make a living from a mix of farm and non-farm activities, assets, and social relations, and which is exposed.","Two-part definition restructure, second batch: plain climate tail (no example-word, so the p28 worklist missed it). Same Lexicon commitment - general definition stops at what the concept is; climate relevance moved to CGIAR example. Tagging unaffected (matching uses labels and synonyms)."
DEFINITION CHANGED,SYS_075,Mixed system,System,L2,SYS_115 Production system,Definition,"Agricultural system combining crop and animal (and sometimes tree) production on the same farm, using their interactions to spread and manage climate and production risk.","Production system combining crop and animal (and sometimes tree) production on the same farm, using their interactions to spread and manage climate and production risk.",changed by the 3 Sep cleanup; per-row reason in v5_hierarchy_decisions.md
DEFINITION CHANGED,SYS_077,Capture fishery,System,L3,SYS_029 Aquatic system,Definition,"Aquatic system based on harvesting wild aquatic organisms from marine or inland waters, exposed to climate hazards affecting fish stocks, water temperature, and access.",Aquatic system based on harvesting wild aquatic organisms from marine or inland waters.,"Two-part definition restructure, second batch: plain climate tail (no example-word, so the p28 worklist missed it). Same Lexicon commitment - general definition stops at what the concept is; climate relevance moved to CGIAR example. Tagging unaffected (matching uses labels and synonyms)."
DEFINITION CHANGED,SYS_080,River basin,System,L2,SYS_039 Natural ecosystem,Definition,"Natural ecosystem comprising the area of land drained by a river and its tributaries, whose land and water condition governs flow regimes and is sensitive to climate-driven changes in rainfall and runoff.","Natural ecosystem comprising the area of land drained by a river and its tributaries, whose land and water condition governs flow regimes.","Two-part definition restructure, second batch: plain climate tail (no example-word, so the p28 worklist missed it). Same Lexicon commitment - general definition stops at what the concept is; climate relevance moved to CGIAR example. Tagging unaffected (matching uses labels and synonyms). | repair of P26 scrub debris: dangling ""and is."" ending"
DEFINITION CHANGED,SYS_083,Post-harvest handling,System,L1,(top level),Definition,"Stage of the food system in which food is dried, cleaned, sorted, stored and packaged after harvest; exposed to climate hazards affecting perishability and storage conditions.","Stage of the food system in which food is dried, cleaned, sorted, stored and packaged after harvest.","Two-part definition restructure, second batch: plain climate tail (no example-word, so the p28 worklist missed it). Same Lexicon commitment - general definition stops at what the concept is; climate relevance moved to CGIAR example. Tagging unaffected (matching uses labels and synonyms)."
DEFINITION CHANGED,SYS_084,Food trade,System,L1,(top level),Definition,"Stage of the food system in which food commodities are exchanged between domestic and international markets; exposed to climate hazards affecting production, prices and trade flows.",Stage of the food system in which food commodities are exchanged between domestic and international markets.,"Two-part definition restructure, second batch: plain climate tail (no example-word, so the p28 worklist missed it). Same Lexicon commitment - general definition stops at what the concept is; climate relevance moved to CGIAR example. Tagging unaffected (matching uses labels and synonyms)."
DEFINITION CHANGED,SYS_086,Microalgae,System,L3,SYS_029 Aquatic system,Definition,"Aquatic system based on the cultivation of microalgae for food, feed, or other products, providing carbon-capture potential while sensitive to climate-driven changes in water temperature and light.","Aquatic system based on the cultivation of microalgae for food, feed, or other products, providing carbon-capture potential.","Two-part definition restructure, second batch: plain climate tail (no example-word, so the p28 worklist missed it). Same Lexicon commitment - general definition stops at what the concept is; climate relevance moved to CGIAR example. Tagging unaffected (matching uses labels and synonyms)."
DEFINITION CHANGED,SYS_087,Savanna,System,L2,SYS_039 Natural ecosystem,Definition,"Natural ecosystem of tropical and subtropical zones characterised by a grass-dominated layer with scattered trees, providing grazing and biodiversity, and exposed to climate hazards including drought, fire, and rainfall variability.","Natural ecosystem of tropical and subtropical zones characterised by a grass-dominated layer with scattered trees, providing grazing and biodiversity.","Two-part definition restructure (Andreea's Lexicon commitment, email section 2; her Slack: contextual material to 'the column we already have for the example'). The general definition now stops at what the concept IS; the climate-relevance clause moved to CGIAR example as 'Climate context: ...'. Tagging is unaffected - matching uses labels and synonyms, not definition text."
DEFINITION CHANGED,SYS_088,Aquaculture livelihood,System,L2,SYS_067 Livelihood system,Definition,"Livelihood system through which households make a living by farming aquatic organisms, drawing on their skills and assets, and which is exposed and sensitive to climate-driven changes in water temperature, quality, and availability.","Livelihood system through which households make a living by farming aquatic organisms, drawing on their skills and assets, and which is exposed.","Two-part definition restructure, second batch: plain climate tail (no example-word, so the p28 worklist missed it). Same Lexicon commitment - general definition stops at what the concept is; climate relevance moved to CGIAR example. Tagging unaffected (matching uses labels and synonyms)."
DEFINITION CHANGED,SYS_089,Local food system,System,L2,SYS_055 Food system,Definition,"Food system in which food is produced, processed, and distributed within a defined local area through short supply chains linking nearby producers and consumers, exposed to climate hazards affecting local production and supply.","Food system in which food is produced, processed, and distributed within a defined local area through short supply chains linking nearby producers and consumers.","Two-part definition restructure, second batch: plain climate tail (no example-word, so the p28 worklist missed it). Same Lexicon commitment - general definition stops at what the concept is; climate relevance moved to CGIAR example. Tagging unaffected (matching uses labels and synonyms)."
DEFINITION CHANGED,SYS_092,Potato,System,L4,SYS_079 Tuber crop,Definition,"Tuber crop (Solanum tuberosum) grown for its starchy stem tubers, exposed to climate hazards such as heat, drought, and late-blight pressure that reduce yield and tuber quality.",Tuber crop (Solanum tuberosum) grown for its starchy stem tubers.,"Two-part definition restructure (Andreea's Lexicon commitment, email section 2; her Slack: contextual material to 'the column we already have for the example'). The general definition now stops at what the concept IS; the climate-relevance clause moved to CGIAR example as 'Climate context: ...'. Tagging is unaffected - matching uses labels and synonyms, not definition text."
DEFINITION CHANGED,SYS_093,Cassava,System,L4,SYS_010 Root crop,Definition,"Root crop (Manihot esculenta) grown for its starchy storage roots, valued for drought tolerance and exposed to climate hazards such as heat, erratic rainfall, and shifting pest and disease pressure.",Root crop (Manihot esculenta) grown for its starchy storage roots.,"Two-part definition restructure (Andreea's Lexicon commitment, email section 2; her Slack: contextual material to 'the column we already have for the example'). The general definition now stops at what the concept IS; the climate-relevance clause moved to CGIAR example as 'Climate context: ...'. Tagging is unaffected - matching uses labels and synonyms, not definition text."
DEFINITION CHANGED,SYS_094,Sweet potato,System,L4,SYS_010 Root crop,Definition,"Root crop (Ipomoea batatas) grown for its storage roots and leaves, including vitamin-A-rich orange-fleshed types, exposed to climate hazards such as drought, heat, and waterlogging.","Root crop (Ipomoea batatas) grown for its storage roots and leaves, including vitamin-A-rich orange-fleshed types.","Two-part definition restructure (Andreea's Lexicon commitment, email section 2; her Slack: contextual material to 'the column we already have for the example'). The general definition now stops at what the concept IS; the climate-relevance clause moved to CGIAR example as 'Climate context: ...'. Tagging is unaffected - matching uses labels and synonyms, not definition text."
DEFINITION CHANGED,SYS_102,Banana,System,L5,SYS_013 Fruit,Definition,"Fruit crop (Musa spp.) grown for dessert fruit and, as plantain, for cooking, exposed to drought, wind damage, and expanding disease pressure including Fusarium wilt and black sigatoka.","Fruit crop (Musa spp.) grown for dessert fruit and, as plantain, for cooking.","Two-part definition restructure (Andreea's Lexicon commitment, email section 2; her Slack: contextual material to 'the column we already have for the example'). The general definition now stops at what the concept IS; the climate-relevance clause moved to CGIAR example as 'Climate context: ...'. Tagging is unaffected - matching uses labels and synonyms, not definition text."
DEFINITION CHANGED,SYS_103,Farmed fish,System,L4,SYS_032 Aquaculture system,Definition,"Aquaculture system component comprising fish species raised in ponds, cages, or tanks within an aquaculture system, exposed to climate hazards affecting water temperature, dissolved oxygen, water availability, and flooding of production units.","Aquaculture system based on fish species raised in ponds, cages, or tanks within an aquaculture system.","Two-part definition restructure, second batch: plain climate tail (no example-word, so the p28 worklist missed it). Same Lexicon commitment - general definition stops at what the concept is; climate relevance moved to CGIAR example. Tagging unaffected (matching uses labels and synonyms)."
DEFINITION CHANGED,TRT_01,Drought tolerance,Breeding trait,L2,TRT_09 Abiotic stress tolerance,Definition,Heritable crop or varietal trait conferring the ability to maintain growth and yield under water-deficit (drought) conditions.,Abiotic stress tolerance conferring the ability to maintain growth and yield under water-deficit (drought) conditions.,changed by the 3 Sep cleanup; per-row reason in v5_hierarchy_decisions.md
DEFINITION CHANGED,TRT_02,Heat tolerance,Breeding trait,L2,TRT_09 Abiotic stress tolerance,Definition,Heritable crop or breed trait conferring the ability to maintain growth and yield under high-temperature (heat) stress.,Abiotic stress tolerance conferring the ability to maintain growth and yield under high-temperature (heat) stress.,changed by the 3 Sep cleanup; per-row reason in v5_hierarchy_decisions.md
DEFINITION CHANGED,TRT_03,Submergence tolerance,Breeding trait,L2,TRT_09 Abiotic stress tolerance,Definition,Heritable crop trait conferring the ability to survive temporary complete submergence or waterlogging during floods.,Abiotic stress tolerance conferring the ability to survive temporary complete submergence or waterlogging during floods.,changed by the 3 Sep cleanup; per-row reason in v5_hierarchy_decisions.md
DEFINITION CHANGED,TRT_04,Salinity tolerance,Breeding trait,L2,TRT_09 Abiotic stress tolerance,Definition,Heritable crop trait conferring the ability to maintain growth and yield under saline soil or water conditions.,Abiotic stress tolerance conferring the ability to maintain growth and yield under saline soil or water conditions.,changed by the 3 Sep cleanup; per-row reason in v5_hierarchy_decisions.md
SOURCE CHANGED,CRK_110,Chilling stress,Climate risk,L6,CRK_108 Cold stress,Definition source,AGROVOC: chilling injury,IPCC AR6 WGII Ch.4,"was ""AGROVOC: cold injury (c_3114)"", which cites the injury sense and so no longer matched the label. Re-sourced to match its siblings Heat stress and Cold stress, both of which already cite IPCC AR6 WGII Ch.4"
SOURCE CHANGED,CRK_123,Fluvial flood,Climate risk,L5,CRK_122 Flood,Definition source,IPCC AR6 WGII Ch.4; AGROVOC: floods,IPCC AR6 WGII Ch.4; AGROVOC: flooding (c_2980),changed by the 3 Sep cleanup; per-row reason in v5_hierarchy_decisions.md
SOURCE CHANGED,CRK_124,Pluvial flood,Climate risk,L5,CRK_122 Flood,Definition source,IPCC AR6 WGII Glossary: Flood (pluvial flood); AGROVOC: waterlogging,IPCC AR6 WGI Ch.11 (pluvial flooding); AGROVOC: waterlogging (c_8333),changed by the 3 Sep cleanup; per-row reason in v5_hierarchy_decisions.md
SOURCE CHANGED,CRK_146,Soil salinization,Climate risk,L4,CRK_144 Soil hazard,Definition source,AGROVOC: salinization; IPCC SRCCL,AGROVOC: soil salinization (c_35321); IPCC SRCCL,changed by the 3 Sep cleanup; per-row reason in v5_hierarchy_decisions.md
SOURCE CHANGED,INT_071,Salt marsh restoration,Intervention,L4,INT_066 Ecosystem restoration,Definition source,IPCC SROCC Ch.5 (coastal wetlands); AGROVOC: salt marshes,IPCC SROCC Ch.5 (coastal wetlands); AGROVOC: saltmarshes (c_6763),changed by the 3 Sep cleanup; per-row reason in v5_hierarchy_decisions.md
SOURCE CHANGED,INT_155,South-South knowledge exchange,Intervention,L1,(top level),Definition source,AGROVOC: South-South cooperation,AGROVOC: South-South cooperation (c_25dc8c8a),changed by the 3 Sep cleanup; per-row reason in v5_hierarchy_decisions.md
SOURCE CHANGED,INT_200,Digital sequence information,Intervention,L2,INT_021 Genetic resource policy,Definition source,CBD - Digital Sequence Information (Kunming-Montreal Global Biodiversity Framework),CBD / Nagoya Protocol (digital sequence information),audit T1.2: definition had no differentia and 'underpins' stated a relation
SOURCE CHANGED,INT_247,Energy management,Intervention,L1,(top level),Definition source,New activity-genus,FAO / IEA (energy management in agrifood systems),audit T2.13: source read 'New activity-genus'
SOURCE CHANGED,INT_268,Seed exchange,Intervention,L1,(top level),Definition source,AGROVOC: seed exchange,AGROVOC: germplasm exchange (c_deb98e72),changed by the 3 Sep cleanup; per-row reason in v5_hierarchy_decisions.md
SOURCE CHANGED,OUT_009,Decision-support platform,Output,L1,(top level),Definition source,AGROVOC: decision support systems,AGROVOC: decision support (c_36897),changed by the 3 Sep cleanup; per-row reason in v5_hierarchy_decisions.md
SOURCE CHANGED,OUT_028,Scientific publication,Output,L1,(top level),Definition source,AGROVOC: scientific publications,AGROVOC: publications (c_1329377502888),changed by the 3 Sep cleanup; per-row reason in v5_hierarchy_decisions.md
SOURCE CHANGED,STK_001,Producer,Stakeholder,L1,(top level),Definition source,AGROVOC: producers,Actor category (CGIAR portfolio; no AGROVOC concept),changed by the 3 Sep cleanup; per-row reason in v5_hierarchy_decisions.md
SOURCE CHANGED,STK_021,Extension service,Stakeholder,L2,STK_073 Service provider,Definition source,AGROVOC: extension services; FAO,AGROVOC: agricultural extension (c_37834); FAO,changed by the 3 Sep cleanup; per-row reason in v5_hierarchy_decisions.md
SOURCE CHANGED,STK_037,Food retailer,Stakeholder,L2,STK_028 Private sector,Definition source,AGROVOC: food retailing,AGROVOC: retail marketing (c_6536),changed by the 3 Sep cleanup; per-row reason in v5_hierarchy_decisions.md
SOURCE CHANGED,STK_038,Agricultural enterprise,Stakeholder,L2,STK_028 Private sector,Definition source,AGROVOC: agricultural enterprises,AGROVOC: enterprises (c_10626),changed by the 3 Sep cleanup; per-row reason in v5_hierarchy_decisions.md
SOURCE CHANGED,STK_042,Farmer organization,Stakeholder,L3,STK_063 Producer organization,Definition source,AGROVOC: farmers' organizations,AGROVOC: farmers organizations (c_37175),changed by the 3 Sep cleanup; per-row reason in v5_hierarchy_decisions.md
SOURCE CHANGED,STK_059,Mobile pastoralist,Stakeholder,L3,STK_005 Pastoralist,Definition source,AGROVOC: nomadic pastoralism,AGROVOC: nomadism (c_16142),changed by the 3 Sep cleanup; per-row reason in v5_hierarchy_decisions.md
SOURCE CHANGED,SYS_060,Food retail,System,L1,(top level),Definition source,AGROVOC: food retailing; FAO/HLPE Report 12 (2017),AGROVOC: retail marketing (c_6536); FAO/HLPE Report 12 (2017),changed by the 3 Sep cleanup; per-row reason in v5_hierarchy_decisions.md
SOURCE CHANGED,SYS_079,Tuber crop,System,L3,SYS_001 Crop system,Definition source,AGROVOC: tuber crops,AGROVOC: tubers (c_7998),changed by the 3 Sep cleanup; per-row reason in v5_hierarchy_decisions.md
SOURCE CHANGED,SYS_095,Bean,System,L5,SYS_009 Pulse,Definition source,AGROVOC: Phaseolus vulgaris,AGROVOC: Phaseolus vulgaris (c_5767),changed by the 3 Sep cleanup; per-row reason in v5_hierarchy_decisions.md
SOURCE CHANGED,SYS_100,Cacao,System,L4,SYS_015 Tree crop,Definition source,AGROVOC: cocoa,AGROVOC: cocoa (plant) (c_7713),changed by the 3 Sep cleanup; per-row reason in v5_hierarchy_decisions.md
DESCRIPTOR CHANGED,CCC_06,Indigenous knowledge,Cross-cutting concept,L1,(top level),Related IDs,STK_065; STK_012,applies-to: STK_065,R33: bare ID; indigenous knowledge applies to the actor category that holds it
DESCRIPTOR CHANGED,CCC_27,Just transition,Cross-cutting concept,L1,(top level),Adaptation tag,Adaptation-conditional,Adaptation-specific,changed by the 3 Sep cleanup; per-row reason in v5_hierarchy_decisions.md
DESCRIPTOR CHANGED,CCC_27,Just transition,Cross-cutting concept,L1,(top level),Mitigation tag,Mitigation-conditional,Mitigation-specific,changed by the 3 Sep cleanup; per-row reason in v5_hierarchy_decisions.md
DESCRIPTOR CHANGED,CRK_01,Climate risk,Climate risk,L1,(top level),Related IDs,composed-of: CRK_100; CRK_03; CRK_04; CRK_05; measured-by: OUT_064,composed-of: CRK_100; CRK_163; CRK_164; CRK_165; measured-by: OUT_064,changed by the 3 Sep cleanup; per-row reason in v5_hierarchy_decisions.md
DESCRIPTOR CHANGED,CRK_164,Climate vulnerability,Climate risk,L1,(top level),Source,PRMS pilot 1,Andreea+Lexicon,changed by the 3 Sep cleanup; per-row reason in v5_hierarchy_decisions.md
DESCRIPTOR CHANGED,CRK_165,Climate sensitivity,Climate risk,L1,(top level),Source,PRMS pilot 1,Andreea+Lexicon,changed by the 3 Sep cleanup; per-row reason in v5_hierarchy_decisions.md
DESCRIPTOR CHANGED,INT_002,Breeding,Intervention,L1,(top level),Related IDs,addresses: CRK_102; produces: OTC_004; applies-to: SYS_003; addresses: CRK_123; applies-to: SYS_005; addresses: CRK_129; addresses: CRK_106; applies-to: SYS_004; addresses: CRK_118; applies-to: SYS_002,addresses: CRK_102; produces: OTC_004; applies-to: SYS_003; addresses: CRK_123; applies-to: SYS_005; addresses: CRK_129; addresses: CRK_106; applies-to: SYS_004; addresses: CRK_118; applies-to: SYS_002; part-of: INT_001,promoted to L1 in v5; the hierarchy link to INT_001 was deleted with nothing recorded in its place. R6/R8 send such a link to Related IDs
DESCRIPTOR CHANGED,INT_009,Genetic resource conservation,Intervention,L1,(top level),Related IDs,,part-of: INT_001,promoted to L1 in v5; the hierarchy link to INT_001 was deleted with nothing recorded in its place. R6/R8 send such a link to Related IDs
DESCRIPTOR CHANGED,INT_014,Germplasm collecting,Intervention,L1,(top level),Related IDs,,part-of: INT_001,promoted to L1 in v5; the hierarchy link to INT_001 was deleted with nothing recorded in its place. R6/R8 send such a link to Related IDs
DESCRIPTOR CHANGED,INT_015,Germplasm characterization,Intervention,L1,(top level),Related IDs,,part-of: INT_001,promoted to L1 in v5; the hierarchy link to INT_001 was deleted with nothing recorded in its place. R6/R8 send such a link to Related IDs
DESCRIPTOR CHANGED,INT_016,Germplasm distribution,Intervention,L1,(top level),Related IDs,,part-of: INT_001,promoted to L1 in v5; the hierarchy link to INT_001 was deleted with nothing recorded in its place. R6/R8 send such a link to Related IDs
DESCRIPTOR CHANGED,INT_017,Trait discovery,Intervention,L1,(top level),Related IDs,,part-of: INT_001,promoted to L1 in v5; the hierarchy link to INT_001 was deleted with nothing recorded in its place. R6/R8 send such a link to Related IDs
DESCRIPTOR CHANGED,INT_018,Seed multiplication,Intervention,L1,(top level),Related IDs,,part-of: INT_001,promoted to L1 in v5; the hierarchy link to INT_001 was deleted with nothing recorded in its place. R6/R8 send such a link to Related IDs
DESCRIPTOR CHANGED,INT_019,Seed system strengthening,Intervention,L1,(top level),Related IDs,addresses: CRK_102; produces: OTC_004; applies-to: SYS_002,addresses: CRK_102; produces: OTC_004; applies-to: SYS_002; part-of: INT_001,promoted to L1 in v5; the hierarchy link to INT_001 was deleted with nothing recorded in its place. R6/R8 send such a link to Related IDs
DESCRIPTOR CHANGED,INT_020,Variety release,Intervention,L1,(top level),Related IDs,,part-of: INT_001,promoted to L1 in v5; the hierarchy link to INT_001 was deleted with nothing recorded in its place. R6/R8 send such a link to Related IDs
DESCRIPTOR CHANGED,INT_021,Genetic resource policy,Intervention,L1,(top level),Related IDs,,part-of: INT_001,promoted to L1 in v5; the hierarchy link to INT_001 was deleted with nothing recorded in its place. R6/R8 send such a link to Related IDs
DESCRIPTOR CHANGED,INT_022,Agronomic management,Intervention,L1,(top level),Related IDs,,part-of: INT_319,"returned to L1 in remediation; INT_319's definition is 'comprising', which R25/R6 place in the associative layer rather than the parent cell"
DESCRIPTOR CHANGED,INT_038,Water management,Intervention,L2,INT_235 Natural resource management,Adaptation tag,Adaptation-conditional,Adaptation-specific,changed by the 3 Sep cleanup; per-row reason in v5_hierarchy_decisions.md
DESCRIPTOR CHANGED,INT_039,Irrigation,Intervention,L3,INT_038 Water management,Adaptation tag,Adaptation-conditional,Adaptation-specific,changed by the 3 Sep cleanup; per-row reason in v5_hierarchy_decisions.md
DESCRIPTOR CHANGED,INT_040,Drip irrigation,Intervention,L4,INT_039 Irrigation,Adaptation tag,Adaptation-conditional,Adaptation-specific,changed by the 3 Sep cleanup; per-row reason in v5_hierarchy_decisions.md
DESCRIPTOR CHANGED,INT_041,Sprinkler irrigation,Intervention,L4,INT_039 Irrigation,Adaptation tag,Adaptation-conditional,Adaptation-specific,changed by the 3 Sep cleanup; per-row reason in v5_hierarchy_decisions.md
DESCRIPTOR CHANGED,INT_042,Surface irrigation,Intervention,L4,INT_039 Irrigation,Adaptation tag,Adaptation-conditional,Adaptation-specific,changed by the 3 Sep cleanup; per-row reason in v5_hierarchy_decisions.md
DESCRIPTOR CHANGED,INT_043,Alternate wetting and drying,Intervention,L4,INT_039 Irrigation,Adaptation tag,Adaptation-conditional,Adaptation-specific,changed by the 3 Sep cleanup; per-row reason in v5_hierarchy_decisions.md
DESCRIPTOR CHANGED,INT_043,Alternate wetting and drying,Intervention,L4,INT_039 Irrigation,Mitigation tag,Mitigation-conditional,Mitigation-specific,changed by the 3 Sep cleanup; per-row reason in v5_hierarchy_decisions.md
DESCRIPTOR CHANGED,INT_044,Drainage,Intervention,L3,INT_038 Water management,Adaptation tag,Adaptation-conditional,Adaptation-specific,changed by the 3 Sep cleanup; per-row reason in v5_hierarchy_decisions.md
DESCRIPTOR CHANGED,INT_045,Water harvesting,Intervention,L3,INT_038 Water management,Adaptation tag,Adaptation-conditional,Adaptation-specific,changed by the 3 Sep cleanup; per-row reason in v5_hierarchy_decisions.md
DESCRIPTOR CHANGED,INT_047,Aquifer management,Intervention,L3,INT_038 Water management,Adaptation tag,Adaptation-conditional,Adaptation-specific,changed by the 3 Sep cleanup; per-row reason in v5_hierarchy_decisions.md
DESCRIPTOR CHANGED,INT_048,Livestock management,Intervention,L1,(top level),Related IDs,,part-of: INT_319,"returned to L1 in remediation; INT_319's definition is 'comprising', which R25/R6 place in the associative layer rather than the parent cell"
DESCRIPTOR CHANGED,INT_057,Animal breeding,Intervention,L2,INT_002 Breeding,Related IDs,,part-of: INT_048,changed by the 3 Sep cleanup; per-row reason in v5_hierarchy_decisions.md
DESCRIPTOR CHANGED,INT_060,Agroforestry,Intervention,L3,INT_059 Landscape management,Related IDs,addresses: CRK_106; produces: OTC_008; applies-to: SYS_001; sequesters: CCC_23; produces: OTC_106,addresses: CRK_106; produces: OTC_008; applies-to: SYS_001; sequesters: CCC_23; produces: OTC_106; part-of: INT_319,see Parent ID row
DESCRIPTOR CHANGED,INT_094,Climate model,Intervention,L1,(top level),Related IDs,,part-of: INT_091,promoted to L1 in v5; the hierarchy link to INT_091 was deleted with nothing recorded in its place. R6/R8 send such a link to Related IDs
DESCRIPTOR CHANGED,INT_095,Earth observation,Intervention,L1,(top level),Related IDs,,part-of: INT_091,promoted to L1 in v5; the hierarchy link to INT_091 was deleted with nothing recorded in its place. R6/R8 send such a link to Related IDs
DESCRIPTOR CHANGED,INT_101,Risk assessment,Intervention,L1,(top level),Related IDs,,part-of: INT_181,promoted to L1 in v5; the hierarchy link to INT_181 was deleted with nothing recorded in its place. R6/R8 send such a link to Related IDs
DESCRIPTOR CHANGED,INT_104,Multi-hazard analysis,Intervention,L2,INT_101 Risk assessment,Adaptation tag,Adaptation-conditional,Adaptation-specific,changed by the 3 Sep cleanup; per-row reason in v5_hierarchy_decisions.md
DESCRIPTOR CHANGED,INT_150,Training,Intervention,L1,(top level),Related IDs,,part-of: INT_149,promoted to L1 in v5; the hierarchy link to INT_149 was deleted with nothing recorded in its place. R6/R8 send such a link to Related IDs
DESCRIPTOR CHANGED,INT_151,Curriculum,Intervention,L1,(top level),Related IDs,,part-of: INT_149,promoted to L1 in v5; the hierarchy link to INT_149 was deleted with nothing recorded in its place. R6/R8 send such a link to Related IDs
DESCRIPTOR CHANGED,INT_152,Coaching,Intervention,L1,(top level),Related IDs,,part-of: INT_149,promoted to L1 in v5; the hierarchy link to INT_149 was deleted with nothing recorded in its place. R6/R8 send such a link to Related IDs
DESCRIPTOR CHANGED,INT_153,Fellowship,Intervention,L1,(top level),Related IDs,,part-of: INT_149,promoted to L1 in v5; the hierarchy link to INT_149 was deleted with nothing recorded in its place. R6/R8 send such a link to Related IDs
DESCRIPTOR CHANGED,INT_154,Institutional twinning,Intervention,L1,(top level),Related IDs,,part-of: INT_149,promoted to L1 in v5; the hierarchy link to INT_149 was deleted with nothing recorded in its place. R6/R8 send such a link to Related IDs
DESCRIPTOR CHANGED,INT_155,South-South knowledge exchange,Intervention,L1,(top level),Related IDs,,part-of: INT_149,promoted to L1 in v5; the hierarchy link to INT_149 was deleted with nothing recorded in its place. R6/R8 send such a link to Related IDs
DESCRIPTOR CHANGED,INT_156,Triangular cooperation,Intervention,L1,(top level),Related IDs,,part-of: INT_149,promoted to L1 in v5; the hierarchy link to INT_149 was deleted with nothing recorded in its place. R6/R8 send such a link to Related IDs
DESCRIPTOR CHANGED,INT_160,Community of practice,Intervention,L1,(top level),Related IDs,,part-of: INT_149,promoted to L1 in v5; the hierarchy link to INT_149 was deleted with nothing recorded in its place. R6/R8 send such a link to Related IDs
DESCRIPTOR CHANGED,INT_161,Knowledge integration,Intervention,L1,(top level),Related IDs,,part-of: INT_149,promoted to L1 in v5; the hierarchy link to INT_149 was deleted with nothing recorded in its place. R6/R8 send such a link to Related IDs
DESCRIPTOR CHANGED,INT_167,Scaling readiness assessment,Intervention,L1,(top level),Related IDs,,part-of: INT_166,promoted to L1 in v5; the hierarchy link to INT_166 was deleted with nothing recorded in its place. R6/R8 send such a link to Related IDs
DESCRIPTOR CHANGED,INT_168,Innovation bundling,Intervention,L1,(top level),Related IDs,,part-of: INT_166,promoted to L1 in v5; the hierarchy link to INT_166 was deleted with nothing recorded in its place. R6/R8 send such a link to Related IDs
DESCRIPTOR CHANGED,INT_169,Business model development,Intervention,L1,(top level),Related IDs,,part-of: INT_166,promoted to L1 in v5; the hierarchy link to INT_166 was deleted with nothing recorded in its place. R6/R8 send such a link to Related IDs
DESCRIPTOR CHANGED,INT_173,Public-private partnership development,Intervention,L1,(top level),Related IDs,,part-of: INT_166,promoted to L1 in v5; the hierarchy link to INT_166 was deleted with nothing recorded in its place. R6/R8 send such a link to Related IDs
DESCRIPTOR CHANGED,INT_182,Evidence synthesis,Intervention,L1,(top level),Related IDs,,part-of: INT_181,promoted to L1 in v5; the hierarchy link to INT_181 was deleted with nothing recorded in its place. R6/R8 send such a link to Related IDs
DESCRIPTOR CHANGED,INT_183,Foresight analysis,Intervention,L1,(top level),Related IDs,,part-of: INT_181,promoted to L1 in v5; the hierarchy link to INT_181 was deleted with nothing recorded in its place. R6/R8 send such a link to Related IDs
DESCRIPTOR CHANGED,INT_184,Economic analysis,Intervention,L1,(top level),Related IDs,,part-of: INT_181,promoted to L1 in v5; the hierarchy link to INT_181 was deleted with nothing recorded in its place. R6/R8 send such a link to Related IDs
DESCRIPTOR CHANGED,INT_185,Political economy analysis,Intervention,L1,(top level),Related IDs,,part-of: INT_181,promoted to L1 in v5; the hierarchy link to INT_181 was deleted with nothing recorded in its place. R6/R8 send such a link to Related IDs
DESCRIPTOR CHANGED,INT_186,True-cost accounting,Intervention,L1,(top level),Related IDs,,part-of: INT_181,promoted to L1 in v5; the hierarchy link to INT_181 was deleted with nothing recorded in its place. R6/R8 send such a link to Related IDs
DESCRIPTOR CHANGED,INT_187,Whole-farm system analysis,Intervention,L1,(top level),Related IDs,,part-of: INT_181,promoted to L1 in v5; the hierarchy link to INT_181 was deleted with nothing recorded in its place. R6/R8 send such a link to Related IDs
DESCRIPTOR CHANGED,INT_188,Spatial prioritization,Intervention,L1,(top level),Related IDs,,part-of: INT_181,promoted to L1 in v5; the hierarchy link to INT_181 was deleted with nothing recorded in its place. R6/R8 send such a link to Related IDs
DESCRIPTOR CHANGED,INT_193,Food safety management,Intervention,L1,(top level),Related IDs,,part-of: INT_189,promoted to L1 in v5; the hierarchy link to INT_189 was deleted with nothing recorded in its place. R6/R8 send such a link to Related IDs
DESCRIPTOR CHANGED,INT_198,Varietal adoption monitoring,Intervention,L1,(top level),Related IDs,,part-of: INT_001,promoted to L1 in v5; the hierarchy link to INT_001 was deleted with nothing recorded in its place. R6/R8 send such a link to Related IDs
DESCRIPTOR CHANGED,INT_210,Aquaculture management,Intervention,L1,(top level),Related IDs,addresses: CRK_133; produces: OTC_050; applies-to: SYS_032,addresses: CRK_133; produces: OTC_050; applies-to: SYS_032; part-of: INT_319,"returned to L1 in remediation; INT_319's definition is 'comprising', which R25/R6 place in the associative layer rather than the parent cell"
DESCRIPTOR CHANGED,INT_211,Adaptation tracking,Intervention,L1,(top level),Source,,New (v5),changed by the 3 Sep cleanup; per-row reason in v5_hierarchy_decisions.md
DESCRIPTOR CHANGED,INT_222,Mentoring,Intervention,L1,(top level),Related IDs,,part-of: INT_149,promoted to L1 in v5; the hierarchy link to INT_149 was deleted with nothing recorded in its place. R6/R8 send such a link to Related IDs
DESCRIPTOR CHANGED,INT_223,Scholarship,Intervention,L1,(top level),Related IDs,,part-of: INT_149,promoted to L1 in v5; the hierarchy link to INT_149 was deleted with nothing recorded in its place. R6/R8 send such a link to Related IDs
DESCRIPTOR CHANGED,INT_224,Secondment,Intervention,L1,(top level),Related IDs,,part-of: INT_149,promoted to L1 in v5; the hierarchy link to INT_149 was deleted with nothing recorded in its place. R6/R8 send such a link to Related IDs
DESCRIPTOR CHANGED,INT_225,Scenario analysis,Intervention,L1,(top level),Related IDs,,part-of: INT_181,promoted to L1 in v5; the hierarchy link to INT_181 was deleted with nothing recorded in its place. R6/R8 send such a link to Related IDs
DESCRIPTOR CHANGED,INT_226,Financial analysis,Intervention,L1,(top level),Related IDs,,part-of: INT_181,promoted to L1 in v5; the hierarchy link to INT_181 was deleted with nothing recorded in its place. R6/R8 send such a link to Related IDs
DESCRIPTOR CHANGED,INT_231,Climate risk transfer,Intervention,L2,INT_229 Climate risk management,Related IDs,INT_120; INT_122,composed-of: INT_120; INT_122,Related IDs held bare IDs with no relation label (R33); risk transfer is implemented through these insurance instruments
DESCRIPTOR CHANGED,INT_234,Integrated water resources management,Intervention,L2,INT_235 Natural resource management,Adaptation tag,Adaptation-conditional,Adaptation-specific,changed by the 3 Sep cleanup; per-row reason in v5_hierarchy_decisions.md
DESCRIPTOR CHANGED,INT_237,Participatory rural appraisal,Intervention,L1,(top level),Related IDs,,part-of: INT_181,promoted to L1 in v5; the hierarchy link to INT_181 was deleted with nothing recorded in its place. R6/R8 send such a link to Related IDs
DESCRIPTOR CHANGED,INT_238,Technology transfer,Intervention,L1,(top level),Related IDs,,part-of: INT_166,promoted to L1 in v5; the hierarchy link to INT_166 was deleted with nothing recorded in its place. R6/R8 send such a link to Related IDs
DESCRIPTOR CHANGED,INT_248,Renewable energy,Intervention,L1,(top level),Related IDs,reduces-emissions: CDI_02; produces: OTC_105,reduces-emissions: CDI_02; produces: OTC_105; part-of: INT_247,promoted to L1 in v5; the hierarchy link to INT_247 was deleted with nothing recorded in its place. R6/R8 send such a link to Related IDs
DESCRIPTOR CHANGED,INT_250,Electrification,Intervention,L1,(top level),Related IDs,reduces-emissions: CDI_02; produces: OTC_105,reduces-emissions: CDI_02; produces: OTC_105; part-of: INT_247,promoted to L1 in v5; the hierarchy link to INT_247 was deleted with nothing recorded in its place. R6/R8 send such a link to Related IDs
DESCRIPTOR CHANGED,INT_251,Bioenergy,Intervention,L1,(top level),Related IDs,reduces-emissions: CDI_02; produces: OTC_105,reduces-emissions: CDI_02; produces: OTC_105; part-of: INT_247,promoted to L1 in v5; the hierarchy link to INT_247 was deleted with nothing recorded in its place. R6/R8 send such a link to Related IDs
DESCRIPTOR CHANGED,INT_268,Seed exchange,Intervention,L1,(top level),Related IDs,produces: OUT_062,produces: OUT_062; part-of: INT_001,promoted to L1 in v5; the hierarchy link to INT_001 was deleted with nothing recorded in its place. R6/R8 send such a link to Related IDs
DESCRIPTOR CHANGED,INT_269,Climate-smart agriculture,Intervention,L1,(top level),Adaptation tag,Adaptation-conditional,Adaptation-specific,changed by the 3 Sep cleanup; per-row reason in v5_hierarchy_decisions.md
DESCRIPTOR CHANGED,INT_271,Nature-based solution,Intervention,L1,(top level),Adaptation tag,Adaptation-conditional,Adaptation-specific,changed by the 3 Sep cleanup; per-row reason in v5_hierarchy_decisions.md
DESCRIPTOR CHANGED,INT_274,Agroecology,Intervention,L1,(top level),Adaptation tag,Adaptation-conditional,Adaptation-specific,changed by the 3 Sep cleanup; per-row reason in v5_hierarchy_decisions.md
DESCRIPTOR CHANGED,INT_275,Regenerative agriculture,Intervention,L1,(top level),Adaptation tag,Adaptation-conditional,Adaptation-specific,changed by the 3 Sep cleanup; per-row reason in v5_hierarchy_decisions.md
DESCRIPTOR CHANGED,INT_275,Regenerative agriculture,Intervention,L1,(top level),Related IDs,,part-of: INT_319,"returned to L1 in remediation; INT_319's definition is 'comprising', which R25/R6 place in the associative layer rather than the parent cell"
DESCRIPTOR CHANGED,INT_276,Sustainable land management,Intervention,L1,(top level),Adaptation tag,Adaptation-conditional,Adaptation-specific,changed by the 3 Sep cleanup; per-row reason in v5_hierarchy_decisions.md
DESCRIPTOR CHANGED,INT_277,Sustainable intensification,Intervention,L1,(top level),Related IDs,,part-of: INT_319,"returned to L1 in remediation; INT_319's definition is 'comprising', which R25/R6 place in the associative layer rather than the parent cell"
DESCRIPTOR CHANGED,OTC_004,Yield,Outcome,L1,(top level),Related IDs,reduces: CRK_05,reduces: CRK_165,changed by the 3 Sep cleanup; per-row reason in v5_hierarchy_decisions.md
DESCRIPTOR CHANGED,OTC_008,Soil function,Outcome,L1,(top level),Related IDs,reduces: CRK_05,reduces: CRK_165,changed by the 3 Sep cleanup; per-row reason in v5_hierarchy_decisions.md
DESCRIPTOR CHANGED,OTC_009,Ecosystem function,Outcome,L1,(top level),Related IDs,reduces: CRK_05,reduces: CRK_165,changed by the 3 Sep cleanup; per-row reason in v5_hierarchy_decisions.md
DESCRIPTOR CHANGED,OTC_010,Water availability,Outcome,L1,(top level),Related IDs,reduces: CRK_05; builds: OTC_052,reduces: CRK_165; builds: OTC_052,changed by the 3 Sep cleanup; per-row reason in v5_hierarchy_decisions.md
DESCRIPTOR CHANGED,OTC_031,Knowledge,Outcome,L1,(top level),Related IDs,,part-of: OTC_103,promoted to L1 in v5; the hierarchy link to OTC_103 was deleted with nothing recorded in its place. R6/R8 send such a link to Related IDs
DESCRIPTOR CHANGED,OTC_033,Agency,Outcome,L1,(top level),Related IDs,,part-of: OTC_103,promoted to L1 in v5; the hierarchy link to OTC_103 was deleted with nothing recorded in its place. R6/R8 send such a link to Related IDs
DESCRIPTOR CHANGED,OTC_103,Capacity,Outcome,L1,(top level),Related IDs,composed-of link from Resilience (OTC_050),part-of: OTC_050,"was free text 'composed-of link from Resilience (OTC_050)'; encoded per R33 as a part-of on the child, the same shape used for the promoted concepts"
DESCRIPTOR CHANGED,OTC_104,Skills,Outcome,L1,(top level),Related IDs,,part-of: OTC_103,promoted to L1 in v5; the hierarchy link to OTC_103 was deleted with nothing recorded in its place. R6/R8 send such a link to Related IDs
DESCRIPTOR CHANGED,OTC_118,Loss and damage,Outcome,L1,(top level),Related IDs,INT_125; INT_106,measured-by: INT_106; applies-to: INT_125,R33: two bare IDs; loss and damage is measured by its assessment and applies to the finance instrument
DESCRIPTOR CHANGED,OUT_018,Bundled climate service,Intervention,L2,INT_091 Climate service,Pathway stage,Output,Intervention,audit T1.6: facet Intervention but stage Output
DESCRIPTOR CHANGED,OUT_064,Climate risk scoring tool,Output,L1,(top level),Adaptation tag,Adaptation-conditional,Adaptation-specific,changed by the 3 Sep cleanup; per-row reason in v5_hierarchy_decisions.md
DESCRIPTOR CHANGED,OUT_080,Biofertilizer,Intervention,L3,INT_282 Fertilizer,Pathway stage,Output,Intervention,audit T1.6: facet Intervention but stage Output
DESCRIPTOR CHANGED,OUT_080,Biofertilizer,Intervention,L3,INT_282 Fertilizer,Related IDs,,part-of: INT_030,changed by the 3 Sep cleanup; per-row reason in v5_hierarchy_decisions.md
DESCRIPTOR CHANGED,OUT_081,Biocontrol agent,Intervention,L2,INT_283 Agricultural input,Pathway stage,Output,Intervention,audit T1.6: facet Intervention but stage Output
DESCRIPTOR CHANGED,OUT_081,Biocontrol agent,Intervention,L2,INT_283 Agricultural input,Related IDs,,part-of: INT_029,changed by the 3 Sep cleanup; per-row reason in v5_hierarchy_decisions.md
DESCRIPTOR CHANGED,OUT_099,Weather index,Output,L2,OUT_011 Composite index,Related IDs,INT_122,applies-to: INT_122,R33: bare ID with no relation label; a weather index applies to the index-insurance product that uses it
DESCRIPTOR CHANGED,OUT_100,Agro-climate advisory tool,Output,L2,OUT_066 Climate advisory tool,Related IDs,INT_232,applies-to: INT_232,R33: bare ID with no relation label; the tool applies to the advisory activity it serves
